chunk_id,service_id,lang,section,text,embed_text,title,agency,category,official_url
mc-1::en::overview,mc-1,en,overview,"An electronic service provided by the Ministry of Commerce through the Saudi Business Center platform, which allows beneficiaries to reserve a trade name within a maximum period of (60) days, pending the issuance of the commercial register, without the need to visit service centers.","Trade Name Reservation. Ministry of Commerce. Merchant · Brand Names · Business sector. Overview: An electronic service provided by the Ministry of Commerce through the Saudi Business Center platform, which allows beneficiaries to reserve a trade name within a maximum period of (60) days, pending the issuance of the commercial register, without the need to visit service centers.",Trade Name Reservation,Ministry of Commerce,Merchant · Brand Names · Business sector,https://mc.gov.sa/en/eservices/Pages/ServiceDetails.aspx?sID=1
mc-1::en::requirements,mc-1,en,requirements,"Conditions: - The age must not be less than 18 years.
- The applicant must be the beneficiary of the trade name or authorized on their behalf with a valid authorization.
- The name must consist of Arabic words, Arabized words, letters, Arabic numbers, or one or more of these, if a trade name in Arabic is being reserved.
- The name must consist of English words, letters, numbers, or one or more of these, if a trade name in English is being reserved.
- It must not be contrary to public order, public morals, lead to deception, or be prohibited from use.
- It must not resemble a trade name that is reserved or registered in the commercial registration, regardless of the type of activity.
- It must not resemble a trade name, a globally renowned trademark, or a registered or well-known trademark in the Kingdom.
- It must not contain any political, military, or religious meaning, indication, or connotation.
- It must not resemble the name, honorary title, or symbol of any local, regional, or international organization or any of its institutions.
- It must not contain a prohibited name as per the list of prohibited names.To view the prohibited names, click here
- It must not contain the name of a government or a semi-government entity.
- The regulations for reserving or registering the name (Saudi Arabia), or the names of cities, regions, and public places, must be adhered to in accordance with the regulations outlined in the Trade Name Law and its Executive Regulations.
- List of names that are not considered distinctive for a trade name click here .","Trade Name Reservation. Ministry of Commerce. Merchant · Brand Names · Business sector. Conditions: Conditions: - The age must not be less than 18 years.
- The applicant must be the beneficiary of the trade name or authorized on their behalf with a valid authorization.
- The name must consist of Arabic words, Arabized words, letters, Arabic numbers, or one or more of these, if a trade name in Arabic is being reserved.
- The name must consist of English words, letters, numbers, or one or more of these, if a trade name in English is being reserved.
- It must not be contrary to public order, public morals, lead to deception, or be prohibited from use.
- It must not resemble a trade name that is reserved or registered in the commercial registration, regardless of the type of activity.
- It must not resemble a trade name, a globally renowned trademark, or a registered or well-known trademark in the Kingdom.
- It must not contain any political, military, or religious meaning, indication, or connotation.
- It must not resemble the name, honorary title, or symbol of any local, regional, or international organization or any of its institutions.
- It must not contain a prohibited name as per the list of prohibited names.To view the prohibited names, click here
- It must not contain the name of a government or a semi-government entity.
- The regulations for reserving or registering the name (Saudi Arabia), or the names of cities, regions, and public places, must be adhered to in accordance with the regulations outlined in the Trade Name Law and its Executive Regulations.
- List of names that are not considered distinctive for a trade name click here .",Trade Name Reservation,Ministry of Commerce,Merchant · Brand Names · Business sector,https://mc.gov.sa/en/eservices/Pages/ServiceDetails.aspx?sID=1
mc-1::en::documents,mc-1,en,documents,"- The provisions outlined in the executive regulations related to reserving family names as trade names must be observed.
- A letter from the entity requesting the service must be provided if the beneficiary is a government entity or an entity affiliated with it.
- When reserving a trade name for an association or endowment, the applicant must provide the association’s license or the endowment certificate.
- A trademark ownership certificate must be submitted when requesting a trade name reservation based on a registered trademark.
- Note: The trade name reservation will not be processed if there are identical or similar registered names.","Trade Name Reservation. Ministry of Commerce. Merchant · Brand Names · Business sector. Required documents: - The provisions outlined in the executive regulations related to reserving family names as trade names must be observed.
- A letter from the entity requesting the service must be provided if the beneficiary is a government entity or an entity affiliated with it.
- When reserving a trade name for an association or endowment, the applicant must provide the association’s license or the endowment certificate.
- A trademark ownership certificate must be submitted when requesting a trade name reservation based on a registered trademark.
- Note: The trade name reservation will not be processed if there are identical or similar registered names.",Trade Name Reservation,Ministry of Commerce,Merchant · Brand Names · Business sector,https://mc.gov.sa/en/eservices/Pages/ServiceDetails.aspx?sID=1
mc-1::en::steps,mc-1,en,steps,"- Access the platform: Via the National Unified Access through the Saudi Business Center platform.
- Select the service: From ""Doing Business"" > ""Ministry of Commerce"" > ""Reserve a Trade Name"" - or from ""Public Services"" > ""Manage Reserved Trade Names"" > ""Reserve a Trade Name"".
- Start the service: Review the terms and requirements, then agree and click ""Apply for the service"".
- Enter data: Select the reservation type and language of the trade name - Enter up to 5 suggested trade names.
- Review and submit the application: Review the application summary, modify names if necessary, then approve the declaration and submit the application.
- Processing and payment: After approval by the Ministry of Commerce, the invoice is issued and paid through the central payment system.
- Complete the application: After payment, the trade name is published and the application status changes to ""Complete"". The application can be printed or modified in the event of a return or rejection.","Trade Name Reservation. Ministry of Commerce. Merchant · Brand Names · Business sector. Steps: - Access the platform: Via the National Unified Access through the Saudi Business Center platform.
- Select the service: From ""Doing Business"" > ""Ministry of Commerce"" > ""Reserve a Trade Name"" - or from ""Public Services"" > ""Manage Reserved Trade Names"" > ""Reserve a Trade Name"".
- Start the service: Review the terms and requirements, then agree and click ""Apply for the service"".
- Enter data: Select the reservation type and language of the trade name - Enter up to 5 suggested trade names.
- Review and submit the application: Review the application summary, modify names if necessary, then approve the declaration and submit the application.
- Processing and payment: After approval by the Ministry of Commerce, the invoice is issued and paid through the central payment system.
- Complete the application: After payment, the trade name is published and the application status changes to ""Complete"". The application can be printed or modified in the event of a return or rejection.",Trade Name Reservation,Ministry of Commerce,Merchant · Brand Names · Business sector,https://mc.gov.sa/en/eservices/Pages/ServiceDetails.aspx?sID=1
mc-1::en::service_facts,mc-1,en,service_facts,"Fees: 200 for Arabic Name
500 for English Name
Processing time: 10 Days
Beneficiaries: Merchant
Service languages: Arabic and English","Trade Name Reservation. Ministry of Commerce. Merchant · Brand Names · Business sector. Fees & service details: Fees: 200 for Arabic Name
500 for English Name
Processing time: 10 Days
Beneficiaries: Merchant
Service languages: Arabic and English",Trade Name Reservation,Ministry of Commerce,Merchant · Brand Names · Business sector,https://mc.gov.sa/en/eservices/Pages/ServiceDetails.aspx?sID=1
mc-1::ar::overview,mc-1,ar,overview,خدمة إلكترونية تقدمها وزارة التجارة عبر منصة المركز السعودي للأعمال، تتيح للمستفيدين حجز اسم تجاري، خلال مدة أقصاها (60) يومًا؛ لحين إصدار السجل التجاري ودون الحاجة إلى زيارة مراكز الخدمة.,حجز اسم تجاري. وزارة التجارة. التاجر · الأسماء التجارية · قطاع الأعمال. نظرة عامة: خدمة إلكترونية تقدمها وزارة التجارة عبر منصة المركز السعودي للأعمال، تتيح للمستفيدين حجز اسم تجاري، خلال مدة أقصاها (60) يومًا؛ لحين إصدار السجل التجاري ودون الحاجة إلى زيارة مراكز الخدمة.,حجز اسم تجاري,وزارة التجارة,التاجر · الأسماء التجارية · قطاع الأعمال,https://mc.gov.sa/ar/eservices/Pages/ServiceDetails.aspx?sID=1
mc-1::ar::requirements,mc-1,ar,requirements,"الشروط: - ألا يقل العمر عن 18 سنة.
- أن يكون مقدم الطلب هو المستفيد من الاسم التجاري، أو مفوضًا عنه.
- أن يتكون الاسم من ألفاظ عربية، أو معربة، أو من حروف، أو أرقام عربية، أو من واحد أو أكثر منهما، في حال حجز اسم تجاري باللغة العربية.
- أن يتكون الاسم من ألفاظ أو حروف أو أرقام إنجليزية، أو من واحد أو أكثر منها، في حال حجز اسم تجاري باللغة الإنجليزية.
- ألا يكون مخالفًا للنظام العام، أو الآداب العامة، أو يؤدي إلى التضليل، أو محظور استعماله.
- ألا يشابه اسما تجاريًا محجوزًا أو مقيدًا في السجل التجاري أيًا كان نوع النشاط.
- ألا يشابه اسمًا تجاريًا، أو علامة تجارية مشهورة عالميًا، أو يشابه علامة تجارية مسجلة أو مشهورة في المملكة.
- ألا يحتوي على معنى أو دلالة أو مضمونًا سياسيًا أو عسكريًا أو دينيًا.
- ألا يشابه اسمًا أو شارة شرفية أو رمزًا خاصًا بأي من المنظمات المحلية أو الإقليمية أو الدولية أو إحدى مؤسساتها.
- ألا يحتوي على اسم محظور حسب قائمة الأسماء المحظورة، وللاطلاع على الأسماء المحظورة اضغط هنا
- ألا يحتوي على اسم حكومي أو جهة حكومية أو شبه حكومية.
- الالتزام بضوابط حجز أو قيد اسم (السعودية)، أو أسماء المدن والمناطق والأماكن العامة، وفق الضوابط الواردة في نظام الأسماء التجارية ولائحته التنفيذية.
- قائمة الأسماء التي لا تعد مميزة للاسم التجاري اضغط هنا .","حجز اسم تجاري. وزارة التجارة. التاجر · الأسماء التجارية · قطاع الأعمال. الشروط: الشروط: - ألا يقل العمر عن 18 سنة.
- أن يكون مقدم الطلب هو المستفيد من الاسم التجاري، أو مفوضًا عنه.
- أن يتكون الاسم من ألفاظ عربية، أو معربة، أو من حروف، أو أرقام عربية، أو من واحد أو أكثر منهما، في حال حجز اسم تجاري باللغة العربية.
- أن يتكون الاسم من ألفاظ أو حروف أو أرقام إنجليزية، أو من واحد أو أكثر منها، في حال حجز اسم تجاري باللغة الإنجليزية.
- ألا يكون مخالفًا للنظام العام، أو الآداب العامة، أو يؤدي إلى التضليل، أو محظور استعماله.
- ألا يشابه اسما تجاريًا محجوزًا أو مقيدًا في السجل التجاري أيًا كان نوع النشاط.
- ألا يشابه اسمًا تجاريًا، أو علامة تجارية مشهورة عالميًا، أو يشابه علامة تجارية مسجلة أو مشهورة في المملكة.
- ألا يحتوي على معنى أو دلالة أو مضمونًا سياسيًا أو عسكريًا أو دينيًا.
- ألا يشابه اسمًا أو شارة شرفية أو رمزًا خاصًا بأي من المنظمات المحلية أو الإقليمية أو الدولية أو إحدى مؤسساتها.
- ألا يحتوي على اسم محظور حسب قائمة الأسماء المحظورة، وللاطلاع على الأسماء المحظورة اضغط هنا
- ألا يحتوي على اسم حكومي أو جهة حكومية أو شبه حكومية.
- الالتزام بضوابط حجز أو قيد اسم (السعودية)، أو أسماء المدن والمناطق والأماكن العامة، وفق الضوابط الواردة في نظام الأسماء التجارية ولائحته التنفيذية.
- قائمة الأسماء التي لا تعد مميزة للاسم التجاري اضغط هنا .",حجز اسم تجاري,وزارة التجارة,التاجر · الأسماء التجارية · قطاع الأعمال,https://mc.gov.sa/ar/eservices/Pages/ServiceDetails.aspx?sID=1
mc-1::ar::documents,mc-1,ar,documents,"- التقيد بالأحكام الواردة في اللائحة التنفيذية المتعلقة بحجز الأسماء العائلية بصفة الأسماء التجارية.
- تقديم خطاب من الجهة بطلب الخدمة، في حال كان المستفيد جهة حكومية أو جهة تابعة لها.
- تقديم ترخيص الجمعية أو شهادة الوقف عند طلب حجز اسم تجاري لجمعية أو وقف.
- تقديم شهادة ملكية العلامة التجارية عند التقدم بطلب حجز اسم تجاري بناء على علامة تجارية.
- ملاحظة: لن تتم عملية حجز اسم علامة تجارية في حال وجود أسماء مشابهة أو مطابقة مسجلة.","حجز اسم تجاري. وزارة التجارة. التاجر · الأسماء التجارية · قطاع الأعمال. المستندات المطلوبة: - التقيد بالأحكام الواردة في اللائحة التنفيذية المتعلقة بحجز الأسماء العائلية بصفة الأسماء التجارية.
- تقديم خطاب من الجهة بطلب الخدمة، في حال كان المستفيد جهة حكومية أو جهة تابعة لها.
- تقديم ترخيص الجمعية أو شهادة الوقف عند طلب حجز اسم تجاري لجمعية أو وقف.
- تقديم شهادة ملكية العلامة التجارية عند التقدم بطلب حجز اسم تجاري بناء على علامة تجارية.
- ملاحظة: لن تتم عملية حجز اسم علامة تجارية في حال وجود أسماء مشابهة أو مطابقة مسجلة.",حجز اسم تجاري,وزارة التجارة,التاجر · الأسماء التجارية · قطاع الأعمال,https://mc.gov.sa/ar/eservices/Pages/ServiceDetails.aspx?sID=1
mc-1::ar::steps,mc-1,ar,steps,"- الدخول على المنصة: عبر النفاذ الوطني الموحد من خلال منصة المركز السعودي للأعمال.
- اختيار الخدمة: من ""ممارسة الأعمال"" > ""وزارة التجارة"" > ""حجز اسم تجاري"" - أو من ""الخدمات العامة"" > ""إدارة الأسماء التجارية المحجوزة"" > ""حجز اسم تجاري"".
- بدء الخدمة: الاطلاع على الشروط والمتطلبات، ثم الموافقة والضغط على ""التقديم على الخدمة"".
- إدخال البيانات: اختيار نوع الحجز ولغة الاسم التجاري - إدخال حتى 5 أسماء تجارية مقترحة.
- مراجعة وتقديم الطلب: مراجعة ملخص الطلب، تعديل الأسماء إن لزم، ثم الموافقة على الإقرار وتقديم الطلب.
- المعالجة والدفع: بعد موافقة وزارة التجارة، تُصدر الفاتورة ويتم دفعها عبر نظام المدفوعات المركزي.
- إتمام الطلب: بعد الدفع، يتم نشر الاسم التجاري وتتحول حالة الطلب إلى ""مكتمل"" - يمكن طباعة الطلب أو تعديله في حال الإعادة أو الرفض.","حجز اسم تجاري. وزارة التجارة. التاجر · الأسماء التجارية · قطاع الأعمال. الخطوات: - الدخول على المنصة: عبر النفاذ الوطني الموحد من خلال منصة المركز السعودي للأعمال.
- اختيار الخدمة: من ""ممارسة الأعمال"" > ""وزارة التجارة"" > ""حجز اسم تجاري"" - أو من ""الخدمات العامة"" > ""إدارة الأسماء التجارية المحجوزة"" > ""حجز اسم تجاري"".
- بدء الخدمة: الاطلاع على الشروط والمتطلبات، ثم الموافقة والضغط على ""التقديم على الخدمة"".
- إدخال البيانات: اختيار نوع الحجز ولغة الاسم التجاري - إدخال حتى 5 أسماء تجارية مقترحة.
- مراجعة وتقديم الطلب: مراجعة ملخص الطلب، تعديل الأسماء إن لزم، ثم الموافقة على الإقرار وتقديم الطلب.
- المعالجة والدفع: بعد موافقة وزارة التجارة، تُصدر الفاتورة ويتم دفعها عبر نظام المدفوعات المركزي.
- إتمام الطلب: بعد الدفع، يتم نشر الاسم التجاري وتتحول حالة الطلب إلى ""مكتمل"" - يمكن طباعة الطلب أو تعديله في حال الإعادة أو الرفض.",حجز اسم تجاري,وزارة التجارة,التاجر · الأسماء التجارية · قطاع الأعمال,https://mc.gov.sa/ar/eservices/Pages/ServiceDetails.aspx?sID=1
mc-1::ar::service_facts,mc-1,ar,service_facts,"الرسوم: 200
حجز اسم تجاري باللغة العربية
500
حجز اسم تجاري باللغة الإنجليزية
مدة التنفيذ: 10 أيام
الفئة المستفيدة: التاجر
لغة الخدمة: العربية والانجليزية","حجز اسم تجاري. وزارة التجارة. التاجر · الأسماء التجارية · قطاع الأعمال. الرسوم وتفاصيل الخدمة: الرسوم: 200
حجز اسم تجاري باللغة العربية
500
حجز اسم تجاري باللغة الإنجليزية
مدة التنفيذ: 10 أيام
الفئة المستفيدة: التاجر
لغة الخدمة: العربية والانجليزية",حجز اسم تجاري,وزارة التجارة,التاجر · الأسماء التجارية · قطاع الأعمال,https://mc.gov.sa/ar/eservices/Pages/ServiceDetails.aspx?sID=1
mc-2::en::overview,mc-2,en,overview,"An electronic service provided by the Ministry of Commerce through the Saudi Business Center platform that allows beneficiaries to verify their main commercial registration data annually, without having to visit service centers.","The annual confirmation of the company's main commercial registry data. Ministry of Commerce. Commercial Register · Business sector · Proactive. Overview: An electronic service provided by the Ministry of Commerce through the Saudi Business Center platform that allows beneficiaries to verify their main commercial registration data annually, without having to visit service centers.",The annual confirmation of the company's main commercial registry data,Ministry of Commerce,Commercial Register · Business sector · Proactive,https://mc.gov.sa/en/eservices/Pages/ServiceDetails.aspx?sID=2
mc-2::en::requirements,mc-2,en,requirements,"Conditions: - The commercial registration must be active.
- The requirements of the commercial registration data amendment service must be fulfilled, in case of any amendments.","The annual confirmation of the company's main commercial registry data. Ministry of Commerce. Commercial Register · Business sector · Proactive. Conditions: Conditions: - The commercial registration must be active.
- The requirements of the commercial registration data amendment service must be fulfilled, in case of any amendments.",The annual confirmation of the company's main commercial registry data,Ministry of Commerce,Commercial Register · Business sector · Proactive,https://mc.gov.sa/en/eservices/Pages/ServiceDetails.aspx?sID=2
mc-2::en::documents,mc-2,en,documents,"- A valid investment license for the foreign company must be provided, with a duration of no less than 30 days.","The annual confirmation of the company's main commercial registry data. Ministry of Commerce. Commercial Register · Business sector · Proactive. Required documents: - A valid investment license for the foreign company must be provided, with a duration of no less than 30 days.",The annual confirmation of the company's main commercial registry data,Ministry of Commerce,Commercial Register · Business sector · Proactive,https://mc.gov.sa/en/eservices/Pages/ServiceDetails.aspx?sID=2
mc-2::en::steps,mc-2,en,steps,"- Access the platform: Via the National Unified Access or email via the Saudi Business Center platform.
- Select the service: From ""Electronic Services"" > ""Doing Business"" > ""Ministry of Commerce"" > ""Annual Verification of Company Main Commercial Register Data."" - Then select the commercial register or enter it manually when logging in via a direct link.
- Start the service: Agree to the terms of service, then click ""Apply for Service.""
- Specify the reason for confirmation: Select the reason ""Based on the merchant's request,"" approve the declaration, and then click ""Continue.""
- Update data: Commercial activities (can be modified). - Previous license or license cancellation data (if applicable). - E-commerce business data (optional). - National address (brief or detailed search). - Contact information and verification of mobile number and email.
- Review and submit the application: View the application summary, approve the declaration, and submit the application after confirming the message.
- Process the application: The application is sent to the Ministry of Commerce for verification. If there are any comments, the application is returned for modification.
- Party Approval (if applicable): Partner or representative approval is requested as needed.
- Payment: Fees are calculated and paid by card or SADAD.
- Order Completion: After payment, the invoice appears and the order status changes to ""Completed.""","The annual confirmation of the company's main commercial registry data. Ministry of Commerce. Commercial Register · Business sector · Proactive. Steps: - Access the platform: Via the National Unified Access or email via the Saudi Business Center platform.
- Select the service: From ""Electronic Services"" > ""Doing Business"" > ""Ministry of Commerce"" > ""Annual Verification of Company Main Commercial Register Data."" - Then select the commercial register or enter it manually when logging in via a direct link.
- Start the service: Agree to the terms of service, then click ""Apply for Service.""
- Specify the reason for confirmation: Select the reason ""Based on the merchant's request,"" approve the declaration, and then click ""Continue.""
- Update data: Commercial activities (can be modified). - Previous license or license cancellation data (if applicable). - E-commerce business data (optional). - National address (brief or detailed search). - Contact information and verification of mobile number and email.
- Review and submit the application: View the application summary, approve the declaration, and submit the application after confirming the message.
- Process the application: The application is sent to the Ministry of Commerce for verification. If there are any comments, the application is returned for modification.
- Party Approval (if applicable): Partner or representative approval is requested as needed.
- Payment: Fees are calculated and paid by card or SADAD.
- Order Completion: After payment, the invoice appears and the order status changes to ""Completed.""",The annual confirmation of the company's main commercial registry data,Ministry of Commerce,Commercial Register · Business sector · Proactive,https://mc.gov.sa/en/eservices/Pages/ServiceDetails.aspx?sID=2
mc-2::en::service_facts,mc-2,en,service_facts,"Fees: 1600 for a joint stock company or a simplified joint stock company
1200 for a limited liability company
1000 for a General Partnership or Limited Partnership
Processing time: immediate
Beneficiaries: Merchant
Service languages: Arabic and English","The annual confirmation of the company's main commercial registry data. Ministry of Commerce. Commercial Register · Business sector · Proactive. Fees & service details: Fees: 1600 for a joint stock company or a simplified joint stock company
1200 for a limited liability company
1000 for a General Partnership or Limited Partnership
Processing time: immediate
Beneficiaries: Merchant
Service languages: Arabic and English",The annual confirmation of the company's main commercial registry data,Ministry of Commerce,Commercial Register · Business sector · Proactive,https://mc.gov.sa/en/eservices/Pages/ServiceDetails.aspx?sID=2
mc-2::ar::overview,mc-2,ar,overview,خدمة إلكترونية تقدمها وزارة التجارة عبر منصة المركز السعودي للأعمال، تتيح للمستفيدين تأكيد بيانات السجل التجاري الرئيسي سنويًا، دون الحاجة إلى زيارة مراكز الخدمة.,التأكيد السنوي لبيانات السجل التجاري الرئيسي لشركة. وزارة التجارة. السجل التجاري · قطاع الأعمال · استباقية. نظرة عامة: خدمة إلكترونية تقدمها وزارة التجارة عبر منصة المركز السعودي للأعمال، تتيح للمستفيدين تأكيد بيانات السجل التجاري الرئيسي سنويًا، دون الحاجة إلى زيارة مراكز الخدمة.,التأكيد السنوي لبيانات السجل التجاري الرئيسي لشركة,وزارة التجارة,السجل التجاري · قطاع الأعمال · استباقية,https://mc.gov.sa/ar/eservices/Pages/ServiceDetails.aspx?sID=2
mc-2::ar::requirements,mc-2,ar,requirements,"الشروط: - أن يكون السجل التجاري نشطًا.
- استيفاء اشتراطات خدمة تعديل بيانات السجل التجاري الرئيسي لشركة في حال التعديل.","التأكيد السنوي لبيانات السجل التجاري الرئيسي لشركة. وزارة التجارة. السجل التجاري · قطاع الأعمال · استباقية. الشروط: الشروط: - أن يكون السجل التجاري نشطًا.
- استيفاء اشتراطات خدمة تعديل بيانات السجل التجاري الرئيسي لشركة في حال التعديل.",التأكيد السنوي لبيانات السجل التجاري الرئيسي لشركة,وزارة التجارة,السجل التجاري · قطاع الأعمال · استباقية,https://mc.gov.sa/ar/eservices/Pages/ServiceDetails.aspx?sID=2
mc-2::ar::documents,mc-2,ar,documents,- وجود ترخيص استثماري ساري المفعول للشركة الأجنبية، بمدة لا تقل عن (30) يومًا.,التأكيد السنوي لبيانات السجل التجاري الرئيسي لشركة. وزارة التجارة. السجل التجاري · قطاع الأعمال · استباقية. المستندات المطلوبة: - وجود ترخيص استثماري ساري المفعول للشركة الأجنبية، بمدة لا تقل عن (30) يومًا.,التأكيد السنوي لبيانات السجل التجاري الرئيسي لشركة,وزارة التجارة,السجل التجاري · قطاع الأعمال · استباقية,https://mc.gov.sa/ar/eservices/Pages/ServiceDetails.aspx?sID=2
mc-2::ar::steps,mc-2,ar,steps,"- الدخول على المنصة: عبر النفاذ الوطني الموحد أو البريد الإلكتروني من خلال منصة المركز السعودي للأعمال.
- اختيار الخدمة: من ""الخدمات الإلكترونية"" > ""ممارسة الأعمال"" > ""وزارة التجارة"" > ""التأكيد السنوي لبيانات السجل التجاري الرئيسي لشركة"". - ثم اختيار السجل التجاري أو إدخاله يدويًا عند الدخول عبر رابط مباشر.
- بدء الخدمة: الموافقة على شروط الخدمة، ثم الضغط على ""التقديم على الخدمة"".
- تحديد سبب التأكيد: اختيار السبب ""بناء على طلب التاجر""، والموافقة على الإقرار ثم الضغط على ""استمرار"".
- تحديث البيانات: الأنشطة التجارية (يمكن تعديلها). - بيانات التراخيص المسبقة أو إلغاء التراخيص (إن وجدت). - بيانات العمل بالتجارة الإلكترونية (اختياري). - العنوان الوطني (بحث مختصر أو تفصيلي). - بيانات الاتصال والتحقق من رقم الجوال والبريد الإلكتروني.
- مراجعة وتقديم الطلب: عرض ملخص الطلب، والموافقة على الإقرار، ثم تقديم الطلب بعد تأكيد الرسالة.
- معالجة الطلب: يتم إرسال الطلب إلى وزارة التجارة للتحقق، وفي حال وجود ملاحظات يتم إعادة الطلب للتعديل.
- موافقة الأطراف (إن وُجدت): يتم طلب موافقة الشركاء أو الممثلين حسب الحاجة.
- الدفع: يتم احتساب الرسوم، ودفعها عن طريق البطاقة أو خدمة سداد.
- إتمام الطلب: بعد الدفع تظهر الفاتورة ويتم تحويل حالة الطلب إلى ""مكتمل"".","التأكيد السنوي لبيانات السجل التجاري الرئيسي لشركة. وزارة التجارة. السجل التجاري · قطاع الأعمال · استباقية. الخطوات: - الدخول على المنصة: عبر النفاذ الوطني الموحد أو البريد الإلكتروني من خلال منصة المركز السعودي للأعمال.
- اختيار الخدمة: من ""الخدمات الإلكترونية"" > ""ممارسة الأعمال"" > ""وزارة التجارة"" > ""التأكيد السنوي لبيانات السجل التجاري الرئيسي لشركة"". - ثم اختيار السجل التجاري أو إدخاله يدويًا عند الدخول عبر رابط مباشر.
- بدء الخدمة: الموافقة على شروط الخدمة، ثم الضغط على ""التقديم على الخدمة"".
- تحديد سبب التأكيد: اختيار السبب ""بناء على طلب التاجر""، والموافقة على الإقرار ثم الضغط على ""استمرار"".
- تحديث البيانات: الأنشطة التجارية (يمكن تعديلها). - بيانات التراخيص المسبقة أو إلغاء التراخيص (إن وجدت). - بيانات العمل بالتجارة الإلكترونية (اختياري). - العنوان الوطني (بحث مختصر أو تفصيلي). - بيانات الاتصال والتحقق من رقم الجوال والبريد الإلكتروني.
- مراجعة وتقديم الطلب: عرض ملخص الطلب، والموافقة على الإقرار، ثم تقديم الطلب بعد تأكيد الرسالة.
- معالجة الطلب: يتم إرسال الطلب إلى وزارة التجارة للتحقق، وفي حال وجود ملاحظات يتم إعادة الطلب للتعديل.
- موافقة الأطراف (إن وُجدت): يتم طلب موافقة الشركاء أو الممثلين حسب الحاجة.
- الدفع: يتم احتساب الرسوم، ودفعها عن طريق البطاقة أو خدمة سداد.
- إتمام الطلب: بعد الدفع تظهر الفاتورة ويتم تحويل حالة الطلب إلى ""مكتمل"".",التأكيد السنوي لبيانات السجل التجاري الرئيسي لشركة,وزارة التجارة,السجل التجاري · قطاع الأعمال · استباقية,https://mc.gov.sa/ar/eservices/Pages/ServiceDetails.aspx?sID=2
mc-2::ar::service_facts,mc-2,ar,service_facts,"الرسوم: 1600
لشركة مساهمة، مساهمة مبسطة
1200
لشركة ذات مسؤولية محدودة
1000
لشركة تضامنية، توصية بسيطة
مدة التنفيذ: فوري
الفئة المستفيدة: التاجر
لغة الخدمة: العربية والانجليزية","التأكيد السنوي لبيانات السجل التجاري الرئيسي لشركة. وزارة التجارة. السجل التجاري · قطاع الأعمال · استباقية. الرسوم وتفاصيل الخدمة: الرسوم: 1600
لشركة مساهمة، مساهمة مبسطة
1200
لشركة ذات مسؤولية محدودة
1000
لشركة تضامنية، توصية بسيطة
مدة التنفيذ: فوري
الفئة المستفيدة: التاجر
لغة الخدمة: العربية والانجليزية",التأكيد السنوي لبيانات السجل التجاري الرئيسي لشركة,وزارة التجارة,السجل التجاري · قطاع الأعمال · استباقية,https://mc.gov.sa/ar/eservices/Pages/ServiceDetails.aspx?sID=2
mc-3::en::overview,mc-3,en,overview,"An electronic service provided by the Ministry of Commerce, which enables beneficiaries to electronically object to the decisions made by the Committees for Companies, Trade Names, Commercial Registry, and Commercial Agencies, eliminating the need to physically visit the Ministry branches.","Service of objections to committee and collection violation decisions. Ministry of Commerce. Commercial Register · Business sector · Proactive. Overview: An electronic service provided by the Ministry of Commerce, which enables beneficiaries to electronically object to the decisions made by the Committees for Companies, Trade Names, Commercial Registry, and Commercial Agencies, eliminating the need to physically visit the Ministry branches.",Service of objections to committee and collection violation decisions,Ministry of Commerce,Commercial Register · Business sector · Proactive,https://mc.gov.sa/en/eservices/Pages/ServiceDetails.aspx?sID=3
mc-3::en::requirements,mc-3,en,requirements,Conditions: - nothing,Service of objections to committee and collection violation decisions. Ministry of Commerce. Commercial Register · Business sector · Proactive. Conditions: Conditions: - nothing,Service of objections to committee and collection violation decisions,Ministry of Commerce,Commercial Register · Business sector · Proactive,https://mc.gov.sa/en/eservices/Pages/ServiceDetails.aspx?sID=3
mc-3::en::documents,mc-3,en,documents,- nothing,Service of objections to committee and collection violation decisions. Ministry of Commerce. Commercial Register · Business sector · Proactive. Required documents: - nothing,Service of objections to committee and collection violation decisions,Ministry of Commerce,Commercial Register · Business sector · Proactive,https://mc.gov.sa/en/eservices/Pages/ServiceDetails.aspx?sID=3
mc-3::en::steps,mc-3,en,steps,"- Click on Start Service.
- Log in to the system using your username and password or log in with your national access account.","Service of objections to committee and collection violation decisions. Ministry of Commerce. Commercial Register · Business sector · Proactive. Steps: - Click on Start Service.
- Log in to the system using your username and password or log in with your national access account.",Service of objections to committee and collection violation decisions,Ministry of Commerce,Commercial Register · Business sector · Proactive,https://mc.gov.sa/en/eservices/Pages/ServiceDetails.aspx?sID=3
mc-3::en::service_facts,mc-3,en,service_facts,"Fees: Free
Processing time: 60 days for companies - 30 days for trade names and commercial registry - 15 days for agencies
Beneficiaries: Merchant
Service languages: Arabic","Service of objections to committee and collection violation decisions. Ministry of Commerce. Commercial Register · Business sector · Proactive. Fees & service details: Fees: Free
Processing time: 60 days for companies - 30 days for trade names and commercial registry - 15 days for agencies
Beneficiaries: Merchant
Service languages: Arabic",Service of objections to committee and collection violation decisions,Ministry of Commerce,Commercial Register · Business sector · Proactive,https://mc.gov.sa/en/eservices/Pages/ServiceDetails.aspx?sID=3
mc-3::ar::overview,mc-3,ar,overview,خدمة إلكترونية تقدمها وزارة التجارة، تتيح للمستفيدين من الإعتراض على قرارات لجان الشركات والأسماء التجارية والسجل التجاري والوكالات التجارية، إلكترونيًا دون الحاجة إلى مراجعة فروع الوزارة.,خدمة الاعتراضات على قرارات مخالفات اللجان والتحصيل. وزارة التجارة. السجل التجاري · قطاع الأعمال · استباقية. نظرة عامة: خدمة إلكترونية تقدمها وزارة التجارة، تتيح للمستفيدين من الإعتراض على قرارات لجان الشركات والأسماء التجارية والسجل التجاري والوكالات التجارية، إلكترونيًا دون الحاجة إلى مراجعة فروع الوزارة.,خدمة الاعتراضات على قرارات مخالفات اللجان والتحصيل,وزارة التجارة,السجل التجاري · قطاع الأعمال · استباقية,https://mc.gov.sa/ar/eservices/Pages/ServiceDetails.aspx?sID=3
mc-3::ar::requirements,mc-3,ar,requirements,الشروط: - لا يوجد,خدمة الاعتراضات على قرارات مخالفات اللجان والتحصيل. وزارة التجارة. السجل التجاري · قطاع الأعمال · استباقية. الشروط: الشروط: - لا يوجد,خدمة الاعتراضات على قرارات مخالفات اللجان والتحصيل,وزارة التجارة,السجل التجاري · قطاع الأعمال · استباقية,https://mc.gov.sa/ar/eservices/Pages/ServiceDetails.aspx?sID=3
mc-3::ar::documents,mc-3,ar,documents,- لا يوجد,خدمة الاعتراضات على قرارات مخالفات اللجان والتحصيل. وزارة التجارة. السجل التجاري · قطاع الأعمال · استباقية. المستندات المطلوبة: - لا يوجد,خدمة الاعتراضات على قرارات مخالفات اللجان والتحصيل,وزارة التجارة,السجل التجاري · قطاع الأعمال · استباقية,https://mc.gov.sa/ar/eservices/Pages/ServiceDetails.aspx?sID=3
mc-3::ar::steps,mc-3,ar,steps,"- الضغط على إبدأ الخدمة.
- تسجيل الدخول على النظام عبر اسم المسخدم وكلمة المرور او الدخول بحساب النفاذ الوطني.","خدمة الاعتراضات على قرارات مخالفات اللجان والتحصيل. وزارة التجارة. السجل التجاري · قطاع الأعمال · استباقية. الخطوات: - الضغط على إبدأ الخدمة.
- تسجيل الدخول على النظام عبر اسم المسخدم وكلمة المرور او الدخول بحساب النفاذ الوطني.",خدمة الاعتراضات على قرارات مخالفات اللجان والتحصيل,وزارة التجارة,السجل التجاري · قطاع الأعمال · استباقية,https://mc.gov.sa/ar/eservices/Pages/ServiceDetails.aspx?sID=3
mc-3::ar::service_facts,mc-3,ar,service_facts,"الرسوم: مجانية
مدة التنفيذ: 60 يوم للشركات - 30 يوم للأسماء التجارية والسجل التجاري - 15 يوم للوكالات
الفئة المستفيدة: التاجر
لغة الخدمة: العربية","خدمة الاعتراضات على قرارات مخالفات اللجان والتحصيل. وزارة التجارة. السجل التجاري · قطاع الأعمال · استباقية. الرسوم وتفاصيل الخدمة: الرسوم: مجانية
مدة التنفيذ: 60 يوم للشركات - 30 يوم للأسماء التجارية والسجل التجاري - 15 يوم للوكالات
الفئة المستفيدة: التاجر
لغة الخدمة: العربية",خدمة الاعتراضات على قرارات مخالفات اللجان والتحصيل,وزارة التجارة,السجل التجاري · قطاع الأعمال · استباقية,https://mc.gov.sa/ar/eservices/Pages/ServiceDetails.aspx?sID=3
mc-4::en::overview,mc-4,en,overview,"An electronic service provided by the Ministry of Commerce through the Saudi Business Center platform that allows beneficiaries to convert their commercial registration from branch to main, without having to visit service centers.","Reclassification of Main Commercial Registration. Ministry of Commerce. Commercial Register · Business sector · Proactive. Overview: An electronic service provided by the Ministry of Commerce through the Saudi Business Center platform that allows beneficiaries to convert their commercial registration from branch to main, without having to visit service centers.",Reclassification of Main Commercial Registration,Ministry of Commerce,Commercial Register · Business sector · Proactive,https://mc.gov.sa/en/eservices/Pages/ServiceDetails.aspx?sID=4
mc-4::en::requirements,mc-4,en,requirements,"Conditions: - The commercial registry should be active.
- The commercial registry data should be updated.","Reclassification of Main Commercial Registration. Ministry of Commerce. Commercial Register · Business sector · Proactive. Conditions: Conditions: - The commercial registry should be active.
- The commercial registry data should be updated.",Reclassification of Main Commercial Registration,Ministry of Commerce,Commercial Register · Business sector · Proactive,https://mc.gov.sa/en/eservices/Pages/ServiceDetails.aspx?sID=4
mc-4::en::documents,mc-4,en,documents,- There is no,Reclassification of Main Commercial Registration. Ministry of Commerce. Commercial Register · Business sector · Proactive. Required documents: - There is no,Reclassification of Main Commercial Registration,Ministry of Commerce,Commercial Register · Business sector · Proactive,https://mc.gov.sa/en/eservices/Pages/ServiceDetails.aspx?sID=4
mc-4::en::steps,mc-4,en,steps,"- Access the platform: Via the National Unified Access through the Saudi Business Center platform.
- Select the service: From ""Doing Business"" > ""Ministry of Commerce"" > ""Reset Master Register.""
- View and select the commercial register: Select the sub-registry to be converted into a master register, and click ""Continue.""
- Read the terms and requirements: Review and agree to the terms, then continue.
- Select the new master commercial register: Confirm the register to be designated as the master, then click ""Continue"" to view the application summary.
- Review and submit the application: Review the data, approve the declaration, then submit the application.
- Billing and payment: After reviewing the application, the costs are displayed, the invoice is issued, and the fees are paid.
- Complete the application: After payment, the application status is updated to ""Complete,"" and the new register is designated as the actual master register.","Reclassification of Main Commercial Registration. Ministry of Commerce. Commercial Register · Business sector · Proactive. Steps: - Access the platform: Via the National Unified Access through the Saudi Business Center platform.
- Select the service: From ""Doing Business"" > ""Ministry of Commerce"" > ""Reset Master Register.""
- View and select the commercial register: Select the sub-registry to be converted into a master register, and click ""Continue.""
- Read the terms and requirements: Review and agree to the terms, then continue.
- Select the new master commercial register: Confirm the register to be designated as the master, then click ""Continue"" to view the application summary.
- Review and submit the application: Review the data, approve the declaration, then submit the application.
- Billing and payment: After reviewing the application, the costs are displayed, the invoice is issued, and the fees are paid.
- Complete the application: After payment, the application status is updated to ""Complete,"" and the new register is designated as the actual master register.",Reclassification of Main Commercial Registration,Ministry of Commerce,Commercial Register · Business sector · Proactive,https://mc.gov.sa/en/eservices/Pages/ServiceDetails.aspx?sID=4
mc-4::en::service_facts,mc-4,en,service_facts,"Fees: 100
Processing time: Immediate
Beneficiaries: Merchant
Service languages: Arabic and English","Reclassification of Main Commercial Registration. Ministry of Commerce. Commercial Register · Business sector · Proactive. Fees & service details: Fees: 100
Processing time: Immediate
Beneficiaries: Merchant
Service languages: Arabic and English",Reclassification of Main Commercial Registration,Ministry of Commerce,Commercial Register · Business sector · Proactive,https://mc.gov.sa/en/eservices/Pages/ServiceDetails.aspx?sID=4
mc-4::ar::overview,mc-4,ar,overview,خدمة إلكترونية تقدمها وزارة التجارة عبر منصة المركز السعودي للأعمال، تتيح للمستفيدين تحويل نوع السجل التجاري من فرعي إلى رئيسي، دون الحاجة إلى زيارة مراكز الخدمة.,إعادة تعيين السجل التجاري الرئيسي. وزارة التجارة. السجل التجاري · قطاع الأعمال · استباقية. نظرة عامة: خدمة إلكترونية تقدمها وزارة التجارة عبر منصة المركز السعودي للأعمال، تتيح للمستفيدين تحويل نوع السجل التجاري من فرعي إلى رئيسي، دون الحاجة إلى زيارة مراكز الخدمة.,إعادة تعيين السجل التجاري الرئيسي,وزارة التجارة,السجل التجاري · قطاع الأعمال · استباقية,https://mc.gov.sa/ar/eservices/Pages/ServiceDetails.aspx?sID=4
mc-4::ar::requirements,mc-4,ar,requirements,"الشروط: - أن يكون السجل التجاري نشطًا.
- أن تكون بيانات السجل التجاري محدثة.","إعادة تعيين السجل التجاري الرئيسي. وزارة التجارة. السجل التجاري · قطاع الأعمال · استباقية. الشروط: الشروط: - أن يكون السجل التجاري نشطًا.
- أن تكون بيانات السجل التجاري محدثة.",إعادة تعيين السجل التجاري الرئيسي,وزارة التجارة,السجل التجاري · قطاع الأعمال · استباقية,https://mc.gov.sa/ar/eservices/Pages/ServiceDetails.aspx?sID=4
mc-4::ar::documents,mc-4,ar,documents,- لا يوجد,إعادة تعيين السجل التجاري الرئيسي. وزارة التجارة. السجل التجاري · قطاع الأعمال · استباقية. المستندات المطلوبة: - لا يوجد,إعادة تعيين السجل التجاري الرئيسي,وزارة التجارة,السجل التجاري · قطاع الأعمال · استباقية,https://mc.gov.sa/ar/eservices/Pages/ServiceDetails.aspx?sID=4
mc-4::ar::steps,mc-4,ar,steps,"- الدخول على المنصة: عبر النفاذ الوطني الموحد من خلال منصة المركز السعودي للأعمال.
- اختيار الخدمة: من ""ممارسة الأعمال"" > ""وزارة التجارة"" > ""إعادة تعيين سجل رئيسي.
- عرض وتحديد السجل التجاري: اختيار السجل الفرعي المراد تحويله إلى سجل رئيسي، والضغط على ""استمرار"".
- قراءة الشروط والمتطلبات: الاطلاع على الشروط والموافقة عليها، ثم المتابعة.
- تحديد السجل التجاري الرئيسي الجديد: تأكيد السجل الذي سيتم تعيينه كرئيسي، ثم الضغط على ""استمرار"" لعرض ملخص الطلب.
- مراجعة وتقديم الطلب: مراجعة البيانات، الموافقة على الإقرار، ثم تقديم الطلب.
- الفوترة والدفع: بعد مراجعة الطلب، تُعرض التكاليف، ويتم إصدار الفاتورة وسداد الرسوم.
- إتمام الطلب: بعد الدفع، يتم تحديث حالة الطلب إلى ""مكتمل"" ويتم تعيين السجل الجديد كسجل رئيسي فعلي.","إعادة تعيين السجل التجاري الرئيسي. وزارة التجارة. السجل التجاري · قطاع الأعمال · استباقية. الخطوات: - الدخول على المنصة: عبر النفاذ الوطني الموحد من خلال منصة المركز السعودي للأعمال.
- اختيار الخدمة: من ""ممارسة الأعمال"" > ""وزارة التجارة"" > ""إعادة تعيين سجل رئيسي.
- عرض وتحديد السجل التجاري: اختيار السجل الفرعي المراد تحويله إلى سجل رئيسي، والضغط على ""استمرار"".
- قراءة الشروط والمتطلبات: الاطلاع على الشروط والموافقة عليها، ثم المتابعة.
- تحديد السجل التجاري الرئيسي الجديد: تأكيد السجل الذي سيتم تعيينه كرئيسي، ثم الضغط على ""استمرار"" لعرض ملخص الطلب.
- مراجعة وتقديم الطلب: مراجعة البيانات، الموافقة على الإقرار، ثم تقديم الطلب.
- الفوترة والدفع: بعد مراجعة الطلب، تُعرض التكاليف، ويتم إصدار الفاتورة وسداد الرسوم.
- إتمام الطلب: بعد الدفع، يتم تحديث حالة الطلب إلى ""مكتمل"" ويتم تعيين السجل الجديد كسجل رئيسي فعلي.",إعادة تعيين السجل التجاري الرئيسي,وزارة التجارة,السجل التجاري · قطاع الأعمال · استباقية,https://mc.gov.sa/ar/eservices/Pages/ServiceDetails.aspx?sID=4
mc-4::ar::service_facts,mc-4,ar,service_facts,"الرسوم: 100
مدة التنفيذ: فوري
الفئة المستفيدة: التاجر
لغة الخدمة: العربية والانجليزية","إعادة تعيين السجل التجاري الرئيسي. وزارة التجارة. السجل التجاري · قطاع الأعمال · استباقية. الرسوم وتفاصيل الخدمة: الرسوم: 100
مدة التنفيذ: فوري
الفئة المستفيدة: التاجر
لغة الخدمة: العربية والانجليزية",إعادة تعيين السجل التجاري الرئيسي,وزارة التجارة,السجل التجاري · قطاع الأعمال · استباقية,https://mc.gov.sa/ar/eservices/Pages/ServiceDetails.aspx?sID=4
mc-5::en::overview,mc-5,en,overview,"An electronic service provided by the Ministry of Commerce, which enables merchant beneficiaries to electronically inquire about commercial violations and fines issued by the Ministry's inspectors, eliminating the need to visit the Ministry branches.","Inquiring about Immediate Violations. Ministry of Commerce. consumer · Commercial Fraud · commercial report. Overview: An electronic service provided by the Ministry of Commerce, which enables merchant beneficiaries to electronically inquire about commercial violations and fines issued by the Ministry's inspectors, eliminating the need to visit the Ministry branches.",Inquiring about Immediate Violations,Ministry of Commerce,consumer · Commercial Fraud · commercial report,https://mc.gov.sa/en/eservices/Pages/ServiceDetails.aspx?sID=5
mc-5::en::requirements,mc-5,en,requirements,Conditions: - (Violation number or Efaa number) and (CR number or Municipality licence number),Inquiring about Immediate Violations. Ministry of Commerce. consumer · Commercial Fraud · commercial report. Conditions: Conditions: - (Violation number or Efaa number) and (CR number or Municipality licence number),Inquiring about Immediate Violations,Ministry of Commerce,consumer · Commercial Fraud · commercial report,https://mc.gov.sa/en/eservices/Pages/ServiceDetails.aspx?sID=5
mc-5::en::documents,mc-5,en,documents,- There is no,Inquiring about Immediate Violations. Ministry of Commerce. consumer · Commercial Fraud · commercial report. Required documents: - There is no,Inquiring about Immediate Violations,Ministry of Commerce,consumer · Commercial Fraud · commercial report,https://mc.gov.sa/en/eservices/Pages/ServiceDetails.aspx?sID=5
mc-5::en::steps,mc-5,en,steps,"- Click on start the service.
- Enter (Violation number or Efaa number) and (CR number or Municipality licence number).
- Enter the image code.
- Click on the search icon.","Inquiring about Immediate Violations. Ministry of Commerce. consumer · Commercial Fraud · commercial report. Steps: - Click on start the service.
- Enter (Violation number or Efaa number) and (CR number or Municipality licence number).
- Enter the image code.
- Click on the search icon.",Inquiring about Immediate Violations,Ministry of Commerce,consumer · Commercial Fraud · commercial report,https://mc.gov.sa/en/eservices/Pages/ServiceDetails.aspx?sID=5
mc-5::en::service_facts,mc-5,en,service_facts,"Fees: Free
Processing time: immediate
Beneficiaries: Merchant
Service languages: Arabic","Inquiring about Immediate Violations. Ministry of Commerce. consumer · Commercial Fraud · commercial report. Fees & service details: Fees: Free
Processing time: immediate
Beneficiaries: Merchant
Service languages: Arabic",Inquiring about Immediate Violations,Ministry of Commerce,consumer · Commercial Fraud · commercial report,https://mc.gov.sa/en/eservices/Pages/ServiceDetails.aspx?sID=5
mc-5::ar::overview,mc-5,ar,overview,خدمة إلكترونية تقدمها وزارة التجارة، تتيح للمستفيدين التاجر من الاستعلام عن المخالفات والغرامات التجارية التي تم تحريرها من قبل مراقبي وزارة التجارة، إلكترونيًا دون الحاجة إلى مراجعة فروع الوزارة.,الاستعلام عن المخالفات الفورية. وزارة التجارة. التاجر · السجل التجاري · قطاع الأعمال. نظرة عامة: خدمة إلكترونية تقدمها وزارة التجارة، تتيح للمستفيدين التاجر من الاستعلام عن المخالفات والغرامات التجارية التي تم تحريرها من قبل مراقبي وزارة التجارة، إلكترونيًا دون الحاجة إلى مراجعة فروع الوزارة.,الاستعلام عن المخالفات الفورية,وزارة التجارة,التاجر · السجل التجاري · قطاع الأعمال,https://mc.gov.sa/ar/eservices/Pages/ServiceDetails.aspx?sID=5
mc-5::ar::requirements,mc-5,ar,requirements,الشروط: - وجود (رقم المخالفة أو رقم إيفاء) و (رقم السجل التجاري أو رقم رخصة البلدية),الاستعلام عن المخالفات الفورية. وزارة التجارة. التاجر · السجل التجاري · قطاع الأعمال. الشروط: الشروط: - وجود (رقم المخالفة أو رقم إيفاء) و (رقم السجل التجاري أو رقم رخصة البلدية),الاستعلام عن المخالفات الفورية,وزارة التجارة,التاجر · السجل التجاري · قطاع الأعمال,https://mc.gov.sa/ar/eservices/Pages/ServiceDetails.aspx?sID=5
mc-5::ar::documents,mc-5,ar,documents,- لا يوجد,الاستعلام عن المخالفات الفورية. وزارة التجارة. التاجر · السجل التجاري · قطاع الأعمال. المستندات المطلوبة: - لا يوجد,الاستعلام عن المخالفات الفورية,وزارة التجارة,التاجر · السجل التجاري · قطاع الأعمال,https://mc.gov.sa/ar/eservices/Pages/ServiceDetails.aspx?sID=5
mc-5::ar::steps,mc-5,ar,steps,"- الضغط على إبدأ الخدمة.
- إدخال (رقم المخالفة أو رقم إيفاء) و (رقم السجل التجاري أو رقم رخصة البلدية).
- ادخال رمز الصورة .
- الضغط على ايقونة البحث.","الاستعلام عن المخالفات الفورية. وزارة التجارة. التاجر · السجل التجاري · قطاع الأعمال. الخطوات: - الضغط على إبدأ الخدمة.
- إدخال (رقم المخالفة أو رقم إيفاء) و (رقم السجل التجاري أو رقم رخصة البلدية).
- ادخال رمز الصورة .
- الضغط على ايقونة البحث.",الاستعلام عن المخالفات الفورية,وزارة التجارة,التاجر · السجل التجاري · قطاع الأعمال,https://mc.gov.sa/ar/eservices/Pages/ServiceDetails.aspx?sID=5
mc-5::ar::service_facts,mc-5,ar,service_facts,"الرسوم: مجانية
مدة التنفيذ: فوري
الفئة المستفيدة: التاجر
لغة الخدمة: العربية","الاستعلام عن المخالفات الفورية. وزارة التجارة. التاجر · السجل التجاري · قطاع الأعمال. الرسوم وتفاصيل الخدمة: الرسوم: مجانية
مدة التنفيذ: فوري
الفئة المستفيدة: التاجر
لغة الخدمة: العربية",الاستعلام عن المخالفات الفورية,وزارة التجارة,التاجر · السجل التجاري · قطاع الأعمال,https://mc.gov.sa/ar/eservices/Pages/ServiceDetails.aspx?sID=5
mc-6::en::overview,mc-6,en,overview,An electronic service provided by the Ministry of Commerce through the Saudi Business Center platform that allows beneficiaries to update operating licenses linked to the commercial register of establishments without the need to visit service centers.,Updating the operating license data for a sole proprietorship. Ministry of Commerce. Merchant · Commercial Register · Business sector. Overview: An electronic service provided by the Ministry of Commerce through the Saudi Business Center platform that allows beneficiaries to update operating licenses linked to the commercial register of establishments without the need to visit service centers.,Updating the operating license data for a sole proprietorship,Ministry of Commerce,Merchant · Commercial Register · Business sector,https://mc.gov.sa/en/eservices/Pages/ServiceDetails.aspx?sID=6
mc-6::en::requirements,mc-6,en,requirements,Conditions: - The presence of a valid license includes the activity restricted in the commercial registry.,Updating the operating license data for a sole proprietorship. Ministry of Commerce. Merchant · Commercial Register · Business sector. Conditions: Conditions: - The presence of a valid license includes the activity restricted in the commercial registry.,Updating the operating license data for a sole proprietorship,Ministry of Commerce,Merchant · Commercial Register · Business sector,https://mc.gov.sa/en/eservices/Pages/ServiceDetails.aspx?sID=6
mc-6::en::documents,mc-6,en,documents,- There is no,Updating the operating license data for a sole proprietorship. Ministry of Commerce. Merchant · Commercial Register · Business sector. Required documents: - There is no,Updating the operating license data for a sole proprietorship,Ministry of Commerce,Merchant · Commercial Register · Business sector,https://mc.gov.sa/en/eservices/Pages/ServiceDetails.aspx?sID=6
mc-6::en::steps,mc-6,en,steps,"- Access the platform: Through the unified national access via the Saudi Business Center platform.
- Select the service: ""Doing Business"" > ""Ministry of Commerce"" > ""Update Operating License Data.""
- Start the service: Select the commercial register, then ""Continue.""
- Enter license data: Fill in the license information (number, date, photo, activities), then save and continue.
- Submit the application: Review the data, approve the declaration, then submit the application.
- Process: The system verifies the data and sends the application to the Ministry of Commerce.","Updating the operating license data for a sole proprietorship. Ministry of Commerce. Merchant · Commercial Register · Business sector. Steps: - Access the platform: Through the unified national access via the Saudi Business Center platform.
- Select the service: ""Doing Business"" > ""Ministry of Commerce"" > ""Update Operating License Data.""
- Start the service: Select the commercial register, then ""Continue.""
- Enter license data: Fill in the license information (number, date, photo, activities), then save and continue.
- Submit the application: Review the data, approve the declaration, then submit the application.
- Process: The system verifies the data and sends the application to the Ministry of Commerce.",Updating the operating license data for a sole proprietorship,Ministry of Commerce,Merchant · Commercial Register · Business sector,https://mc.gov.sa/en/eservices/Pages/ServiceDetails.aspx?sID=6
mc-6::en::service_facts,mc-6,en,service_facts,"Fees: Free
Processing time: Immediate
Beneficiaries: Merchant
Service languages: Arabic and English","Updating the operating license data for a sole proprietorship. Ministry of Commerce. Merchant · Commercial Register · Business sector. Fees & service details: Fees: Free
Processing time: Immediate
Beneficiaries: Merchant
Service languages: Arabic and English",Updating the operating license data for a sole proprietorship,Ministry of Commerce,Merchant · Commercial Register · Business sector,https://mc.gov.sa/en/eservices/Pages/ServiceDetails.aspx?sID=6
mc-6::ar::overview,mc-6,ar,overview,خدمة إلكترونية تقدمها وزارة التجارة عبر منصة المركز السعودي للأعمال، تتيح للمستفيدين تحديث الرخص التشغيلية المرتبطة بالسجل التجاري للمؤسسات، دون الحاجة إلى زيارة مراكز الخدمة.,تحديث بيانات الرخص التشغيلية لمؤسسة فردية. وزارة التجارة. التاجر · السجل التجاري · قطاع الأعمال. نظرة عامة: خدمة إلكترونية تقدمها وزارة التجارة عبر منصة المركز السعودي للأعمال، تتيح للمستفيدين تحديث الرخص التشغيلية المرتبطة بالسجل التجاري للمؤسسات، دون الحاجة إلى زيارة مراكز الخدمة.,تحديث بيانات الرخص التشغيلية لمؤسسة فردية,وزارة التجارة,التاجر · السجل التجاري · قطاع الأعمال,https://mc.gov.sa/ar/eservices/Pages/ServiceDetails.aspx?sID=6
mc-6::ar::requirements,mc-6,ar,requirements,الشروط: - وجود ترخيص ساري المفعول يتضمن النشاط المقيد في السجل التجاري.,تحديث بيانات الرخص التشغيلية لمؤسسة فردية. وزارة التجارة. التاجر · السجل التجاري · قطاع الأعمال. الشروط: الشروط: - وجود ترخيص ساري المفعول يتضمن النشاط المقيد في السجل التجاري.,تحديث بيانات الرخص التشغيلية لمؤسسة فردية,وزارة التجارة,التاجر · السجل التجاري · قطاع الأعمال,https://mc.gov.sa/ar/eservices/Pages/ServiceDetails.aspx?sID=6
mc-6::ar::documents,mc-6,ar,documents,- لا يوجد,تحديث بيانات الرخص التشغيلية لمؤسسة فردية. وزارة التجارة. التاجر · السجل التجاري · قطاع الأعمال. المستندات المطلوبة: - لا يوجد,تحديث بيانات الرخص التشغيلية لمؤسسة فردية,وزارة التجارة,التاجر · السجل التجاري · قطاع الأعمال,https://mc.gov.sa/ar/eservices/Pages/ServiceDetails.aspx?sID=6
mc-6::ar::steps,mc-6,ar,steps,"- الدخول على المنصة: من خلال النفاذ الوطني الموحد عبر منصة المركز السعودي للأعمال.
- اختيار الخدمة: ""ممارسة الأعمال"" > ""وزارة التجارة"" > ""تحديث بيانات الرخص التشغيلية"".
- بدء الخدمة: اختيار السجل التجاري، ثم ""استمرار"".
- إدخال بيانات الرخصة: تعبئة بيانات الترخيص (الرقم، التاريخ، الصورة، الأنشطة) ثم حفظ واستمرار.
- تقديم الطلب: مراجعة البيانات، والموافقة على الإقرار، ثم تقديم الطلب.
- المعالجة: يتحقق النظام من البيانات ويُرسل الطلب لوزارة التجارة.","تحديث بيانات الرخص التشغيلية لمؤسسة فردية. وزارة التجارة. التاجر · السجل التجاري · قطاع الأعمال. الخطوات: - الدخول على المنصة: من خلال النفاذ الوطني الموحد عبر منصة المركز السعودي للأعمال.
- اختيار الخدمة: ""ممارسة الأعمال"" > ""وزارة التجارة"" > ""تحديث بيانات الرخص التشغيلية"".
- بدء الخدمة: اختيار السجل التجاري، ثم ""استمرار"".
- إدخال بيانات الرخصة: تعبئة بيانات الترخيص (الرقم، التاريخ، الصورة، الأنشطة) ثم حفظ واستمرار.
- تقديم الطلب: مراجعة البيانات، والموافقة على الإقرار، ثم تقديم الطلب.
- المعالجة: يتحقق النظام من البيانات ويُرسل الطلب لوزارة التجارة.",تحديث بيانات الرخص التشغيلية لمؤسسة فردية,وزارة التجارة,التاجر · السجل التجاري · قطاع الأعمال,https://mc.gov.sa/ar/eservices/Pages/ServiceDetails.aspx?sID=6
mc-6::ar::service_facts,mc-6,ar,service_facts,"الرسوم: مجانية
مدة التنفيذ: فوري
الفئة المستفيدة: التاجر
لغة الخدمة: العربية والانجليزية","تحديث بيانات الرخص التشغيلية لمؤسسة فردية. وزارة التجارة. التاجر · السجل التجاري · قطاع الأعمال. الرسوم وتفاصيل الخدمة: الرسوم: مجانية
مدة التنفيذ: فوري
الفئة المستفيدة: التاجر
لغة الخدمة: العربية والانجليزية",تحديث بيانات الرخص التشغيلية لمؤسسة فردية,وزارة التجارة,التاجر · السجل التجاري · قطاع الأعمال,https://mc.gov.sa/ar/eservices/Pages/ServiceDetails.aspx?sID=6
mc-7::en::overview,mc-7,en,overview,"An electronic service provided by the Ministry of Commerce, which allows companies planning to conduct Assemblies (Ordinary or Extraordinary) to electronically submit Assembly results and necessary documents in compliance with the Companies Law, eliminating the need for in-person visits to the Ministry branches.","Submitting the Results of the General Assembly. Ministry of Commerce. Merchant · companies · business sector. Overview: An electronic service provided by the Ministry of Commerce, which allows companies planning to conduct Assemblies (Ordinary or Extraordinary) to electronically submit Assembly results and necessary documents in compliance with the Companies Law, eliminating the need for in-person visits to the Ministry branches.",Submitting the Results of the General Assembly,Ministry of Commerce,Merchant · companies · business sector,https://mc.gov.sa/en/eservices/Pages/ServiceDetails.aspx?sID=7
mc-7::en::requirements,mc-7,en,requirements,Conditions: - There is no,Submitting the Results of the General Assembly. Ministry of Commerce. Merchant · companies · business sector. Conditions: Conditions: - There is no,Submitting the Results of the General Assembly,Ministry of Commerce,Merchant · companies · business sector,https://mc.gov.sa/en/eservices/Pages/ServiceDetails.aspx?sID=7
mc-7::en::documents,mc-7,en,documents,"- A voting card for each shareholder.
- Attach the minutes of the meeting.
- Attach the minutes of the vote count.
- Attach the attendance sheet.
- Attach the authorization/proxy in case of attendance by proxy.
- Attach the Board of Directors report, in case of voting on it.
- Attach an approved resident report, in case the capital increase is in kind.
- Attach the auditor's certificate, or a bank certificate of depositing the amount of the capital increase, in case the increase is cash.
- Attach the final report of the liquidator, in case of voluntary liquidation.
- Attach the judicial ruling, in case of judicial liquidation.
- The following must be attached, in case of an extraordinary meeting: - A comparison table before/after between the prepared resources. - The approved bylaws. - The bylaws after the proposed amendments to the meeting, in (Word) format.","Submitting the Results of the General Assembly. Ministry of Commerce. Merchant · companies · business sector. Required documents: - A voting card for each shareholder.
- Attach the minutes of the meeting.
- Attach the minutes of the vote count.
- Attach the attendance sheet.
- Attach the authorization/proxy in case of attendance by proxy.
- Attach the Board of Directors report, in case of voting on it.
- Attach an approved resident report, in case the capital increase is in kind.
- Attach the auditor's certificate, or a bank certificate of depositing the amount of the capital increase, in case the increase is cash.
- Attach the final report of the liquidator, in case of voluntary liquidation.
- Attach the judicial ruling, in case of judicial liquidation.
- The following must be attached, in case of an extraordinary meeting: - A comparison table before/after between the prepared resources. - The approved bylaws. - The bylaws after the proposed amendments to the meeting, in (Word) format.",Submitting the Results of the General Assembly,Ministry of Commerce,Merchant · companies · business sector,https://mc.gov.sa/en/eservices/Pages/ServiceDetails.aspx?sID=7
mc-7::en::steps,mc-7,en,steps,"- Click on Start Service
- Login to the account (username and password or national access)
- Click on the icon (upload the results of the assembly after its convening).
- Click on the ""Send Request"" icon.
- Provide the Ministry with the results of the association and the required documents in accordance with the provisions of the companies through the option ""Inform the Ministry of the association's documents""","Submitting the Results of the General Assembly. Ministry of Commerce. Merchant · companies · business sector. Steps: - Click on Start Service
- Login to the account (username and password or national access)
- Click on the icon (upload the results of the assembly after its convening).
- Click on the ""Send Request"" icon.
- Provide the Ministry with the results of the association and the required documents in accordance with the provisions of the companies through the option ""Inform the Ministry of the association's documents""",Submitting the Results of the General Assembly,Ministry of Commerce,Merchant · companies · business sector,https://mc.gov.sa/en/eservices/Pages/ServiceDetails.aspx?sID=7
mc-7::en::service_facts,mc-7,en,service_facts,"Fees: Free
Processing time: 1 working days
Beneficiaries: Merchant
Service languages: Arabic","Submitting the Results of the General Assembly. Ministry of Commerce. Merchant · companies · business sector. Fees & service details: Fees: Free
Processing time: 1 working days
Beneficiaries: Merchant
Service languages: Arabic",Submitting the Results of the General Assembly,Ministry of Commerce,Merchant · companies · business sector,https://mc.gov.sa/en/eservices/Pages/ServiceDetails.aspx?sID=7
mc-7::ar::overview,mc-7,ar,overview,"خدمة إلكترونية تقدمها وزارة التجارة، تتيح للمستفيدين هذه الخدمة الشركات الراغبة بعقد الجمعيات (العادية، غير العادية ) برفع نتائج , عقد الجمعية والوثائق المطلوبة وفقاً لأحكام نظام الشركات، إلكترونيًا دون الحاجة إلى مراجعة فروع الوزارة.","رفع نتائج الجمعية العمومية. وزارة التجارة. التاجر · الشركات · قطاع الأعمال. نظرة عامة: خدمة إلكترونية تقدمها وزارة التجارة، تتيح للمستفيدين هذه الخدمة الشركات الراغبة بعقد الجمعيات (العادية، غير العادية ) برفع نتائج , عقد الجمعية والوثائق المطلوبة وفقاً لأحكام نظام الشركات، إلكترونيًا دون الحاجة إلى مراجعة فروع الوزارة.",رفع نتائج الجمعية العمومية,وزارة التجارة,التاجر · الشركات · قطاع الأعمال,https://mc.gov.sa/ar/eservices/Pages/ServiceDetails.aspx?sID=7
mc-7::ar::requirements,mc-7,ar,requirements,الشروط: - لا يوجد,رفع نتائج الجمعية العمومية. وزارة التجارة. التاجر · الشركات · قطاع الأعمال. الشروط: الشروط: - لا يوجد,رفع نتائج الجمعية العمومية,وزارة التجارة,التاجر · الشركات · قطاع الأعمال,https://mc.gov.sa/ar/eservices/Pages/ServiceDetails.aspx?sID=7
mc-7::ar::documents,mc-7,ar,documents,"- وجود بطاقة تصويت، لكل مساهم.
- إرفاق محضر الجمعية.
- إرفاق محضر فرز الأصوات.
- إرفاق كشف الحضور.
- إرفاق التفويض/ الوكالة في حال الحضور بالنيابة.
- إرفاق تقرير مجلس الإدارة، في حال التصويت عليه.
- إرفاق تقرير مقيم معتمد، في حال كانت زيادة رأس المال عينية.
- إرفاق شهادة مراجع الحسابات، أو شهادة بنكية بإيداع مقدار زيادة رأس المال في حال كانت الزيادة نقدية.
- إرفاق التقرير النهائي للمصفي، في حال التصفية الاختيارية.
- إرفاق الحكم القضائي، في حال التصفية القضائية.
- أن يتم إرفاق ما يلي، في حال كانت جمعية غير عادية : - جدول مقارنة قبل/ بعد بين الموارد المعدة. - النظام الأساسي المعتمد. - النظام الأساسي بعد التعديلات المقترحة بالجمعية، بصيغة (Word).","رفع نتائج الجمعية العمومية. وزارة التجارة. التاجر · الشركات · قطاع الأعمال. المستندات المطلوبة: - وجود بطاقة تصويت، لكل مساهم.
- إرفاق محضر الجمعية.
- إرفاق محضر فرز الأصوات.
- إرفاق كشف الحضور.
- إرفاق التفويض/ الوكالة في حال الحضور بالنيابة.
- إرفاق تقرير مجلس الإدارة، في حال التصويت عليه.
- إرفاق تقرير مقيم معتمد، في حال كانت زيادة رأس المال عينية.
- إرفاق شهادة مراجع الحسابات، أو شهادة بنكية بإيداع مقدار زيادة رأس المال في حال كانت الزيادة نقدية.
- إرفاق التقرير النهائي للمصفي، في حال التصفية الاختيارية.
- إرفاق الحكم القضائي، في حال التصفية القضائية.
- أن يتم إرفاق ما يلي، في حال كانت جمعية غير عادية : - جدول مقارنة قبل/ بعد بين الموارد المعدة. - النظام الأساسي المعتمد. - النظام الأساسي بعد التعديلات المقترحة بالجمعية، بصيغة (Word).",رفع نتائج الجمعية العمومية,وزارة التجارة,التاجر · الشركات · قطاع الأعمال,https://mc.gov.sa/ar/eservices/Pages/ServiceDetails.aspx?sID=7
mc-7::ar::steps,mc-7,ar,steps,"- الضغط على ابدا الخدمة
- الدخول إلى الحساب (اسم المستخدم وكلمة المرور أو النفاذ الوطني )
- الضغط على أيقونة (رفع نتائج الجمعية بعد انعقادها)
- الضغط على أيقونة """"إرسال الطلب"""".
- تزويد الوزارة بنتائج الجمعية والوثائق المطلوبة وفقاً لأحكام الشركات عن طريق خيار """" إحاطة الوزارة بوثائق الجمعية""","رفع نتائج الجمعية العمومية. وزارة التجارة. التاجر · الشركات · قطاع الأعمال. الخطوات: - الضغط على ابدا الخدمة
- الدخول إلى الحساب (اسم المستخدم وكلمة المرور أو النفاذ الوطني )
- الضغط على أيقونة (رفع نتائج الجمعية بعد انعقادها)
- الضغط على أيقونة """"إرسال الطلب"""".
- تزويد الوزارة بنتائج الجمعية والوثائق المطلوبة وفقاً لأحكام الشركات عن طريق خيار """" إحاطة الوزارة بوثائق الجمعية""",رفع نتائج الجمعية العمومية,وزارة التجارة,التاجر · الشركات · قطاع الأعمال,https://mc.gov.sa/ar/eservices/Pages/ServiceDetails.aspx?sID=7
mc-7::ar::service_facts,mc-7,ar,service_facts,"الرسوم: مجانية
مدة التنفيذ: يوم عمل
الفئة المستفيدة: التاجر
لغة الخدمة: العربية","رفع نتائج الجمعية العمومية. وزارة التجارة. التاجر · الشركات · قطاع الأعمال. الرسوم وتفاصيل الخدمة: الرسوم: مجانية
مدة التنفيذ: يوم عمل
الفئة المستفيدة: التاجر
لغة الخدمة: العربية",رفع نتائج الجمعية العمومية,وزارة التجارة,التاجر · الشركات · قطاع الأعمال,https://mc.gov.sa/ar/eservices/Pages/ServiceDetails.aspx?sID=7
mc-8::en::overview,mc-8,en,overview,An electronic service provided by the Ministry of Commerce through the Saudi Business Center platform that allows beneficiaries to update operating licenses linked to their companies' commercial registers without having to visit service centers.,Update the operating license data for the company. Ministry of Commerce. Merchant · Commercial Register · Business sector. Overview: An electronic service provided by the Ministry of Commerce through the Saudi Business Center platform that allows beneficiaries to update operating licenses linked to their companies' commercial registers without having to visit service centers.,Update the operating license data for the company,Ministry of Commerce,Merchant · Commercial Register · Business sector,https://mc.gov.sa/en/eservices/Pages/ServiceDetails.aspx?sID=8
mc-8::en::requirements,mc-8,en,requirements,Conditions: - A valid license that includes the activity registered in the commercial register must be present.,Update the operating license data for the company. Ministry of Commerce. Merchant · Commercial Register · Business sector. Conditions: Conditions: - A valid license that includes the activity registered in the commercial register must be present.,Update the operating license data for the company,Ministry of Commerce,Merchant · Commercial Register · Business sector,https://mc.gov.sa/en/eservices/Pages/ServiceDetails.aspx?sID=8
mc-8::en::documents,mc-8,en,documents,- Attach a valid license that includes the activity registered in the commercial register.,Update the operating license data for the company. Ministry of Commerce. Merchant · Commercial Register · Business sector. Required documents: - Attach a valid license that includes the activity registered in the commercial register.,Update the operating license data for the company,Ministry of Commerce,Merchant · Commercial Register · Business sector,https://mc.gov.sa/en/eservices/Pages/ServiceDetails.aspx?sID=8
mc-8::en::steps,mc-8,en,steps,"- Access the platform: Through the unified national access via the Saudi Business Center platform.
- Select the service: ""Doing Business"" > ""Ministry of Commerce"" > ""Update Operating License Data.""
- Start the service: Select the commercial register, then ""Continue.""
- Enter license data: Fill in the license information (number, date, photo, activities), then save and continue.
- Submit the application: Review the data, approve the declaration, then submit the application.
- Process: The system verifies the data and sends the application to the Ministry of Commerce.","Update the operating license data for the company. Ministry of Commerce. Merchant · Commercial Register · Business sector. Steps: - Access the platform: Through the unified national access via the Saudi Business Center platform.
- Select the service: ""Doing Business"" > ""Ministry of Commerce"" > ""Update Operating License Data.""
- Start the service: Select the commercial register, then ""Continue.""
- Enter license data: Fill in the license information (number, date, photo, activities), then save and continue.
- Submit the application: Review the data, approve the declaration, then submit the application.
- Process: The system verifies the data and sends the application to the Ministry of Commerce.",Update the operating license data for the company,Ministry of Commerce,Merchant · Commercial Register · Business sector,https://mc.gov.sa/en/eservices/Pages/ServiceDetails.aspx?sID=8
mc-8::en::service_facts,mc-8,en,service_facts,"Fees: Free
Processing time: Immediate
Beneficiaries: Merchant
Service languages: Arabic and English","Update the operating license data for the company. Ministry of Commerce. Merchant · Commercial Register · Business sector. Fees & service details: Fees: Free
Processing time: Immediate
Beneficiaries: Merchant
Service languages: Arabic and English",Update the operating license data for the company,Ministry of Commerce,Merchant · Commercial Register · Business sector,https://mc.gov.sa/en/eservices/Pages/ServiceDetails.aspx?sID=8
mc-8::ar::overview,mc-8,ar,overview,خدمة إلكترونية تقدمها وزارة التجارة عبر منصة المركز السعودي للأعمال، تتيح للمستفيدين تحديث الرخص التشغيلية المرتبطة بالسجل التجاري للشركات، دون الحاجة إلى زيارة مراكز الخدمة.,تحديث بيانات الرخص التشغيلية لشركة. وزارة التجارة. التاجر · السجل التجاري · قطاع الأعمال. نظرة عامة: خدمة إلكترونية تقدمها وزارة التجارة عبر منصة المركز السعودي للأعمال، تتيح للمستفيدين تحديث الرخص التشغيلية المرتبطة بالسجل التجاري للشركات، دون الحاجة إلى زيارة مراكز الخدمة.,تحديث بيانات الرخص التشغيلية لشركة,وزارة التجارة,التاجر · السجل التجاري · قطاع الأعمال,https://mc.gov.sa/ar/eservices/Pages/ServiceDetails.aspx?sID=8
mc-8::ar::requirements,mc-8,ar,requirements,الشروط: - وجود ترخيص ساري المفعول يتضمن النشاط المقيد في السجل التجاري.,تحديث بيانات الرخص التشغيلية لشركة. وزارة التجارة. التاجر · السجل التجاري · قطاع الأعمال. الشروط: الشروط: - وجود ترخيص ساري المفعول يتضمن النشاط المقيد في السجل التجاري.,تحديث بيانات الرخص التشغيلية لشركة,وزارة التجارة,التاجر · السجل التجاري · قطاع الأعمال,https://mc.gov.sa/ar/eservices/Pages/ServiceDetails.aspx?sID=8
mc-8::ar::documents,mc-8,ar,documents,- إرفاق ترخيص ساري المفعول يتضمن النشاط المقيد في السجل التجاري.,تحديث بيانات الرخص التشغيلية لشركة. وزارة التجارة. التاجر · السجل التجاري · قطاع الأعمال. المستندات المطلوبة: - إرفاق ترخيص ساري المفعول يتضمن النشاط المقيد في السجل التجاري.,تحديث بيانات الرخص التشغيلية لشركة,وزارة التجارة,التاجر · السجل التجاري · قطاع الأعمال,https://mc.gov.sa/ar/eservices/Pages/ServiceDetails.aspx?sID=8
mc-8::ar::steps,mc-8,ar,steps,"- الدخول على المنصة: من خلال النفاذ الوطني الموحد عبر منصة المركز السعودي للأعمال.
- اختيار الخدمة: ""ممارسة الأعمال"" > ""وزارة التجارة"" > ""تحديث بيانات الرخص التشغيلية"".
- بدء الخدمة: اختيار السجل التجاري، ثم ""استمرار"".
- إدخال بيانات الرخصة: تعبئة بيانات الترخيص (الرقم، التاريخ، الصورة، الأنشطة) ثم حفظ واستمرار.
- تقديم الطلب: مراجعة البيانات، والموافقة على الإقرار، ثم تقديم الطلب.
- المعالجة: يتحقق النظام من البيانات ويُرسل الطلب لوزارة التجارة.","تحديث بيانات الرخص التشغيلية لشركة. وزارة التجارة. التاجر · السجل التجاري · قطاع الأعمال. الخطوات: - الدخول على المنصة: من خلال النفاذ الوطني الموحد عبر منصة المركز السعودي للأعمال.
- اختيار الخدمة: ""ممارسة الأعمال"" > ""وزارة التجارة"" > ""تحديث بيانات الرخص التشغيلية"".
- بدء الخدمة: اختيار السجل التجاري، ثم ""استمرار"".
- إدخال بيانات الرخصة: تعبئة بيانات الترخيص (الرقم، التاريخ، الصورة، الأنشطة) ثم حفظ واستمرار.
- تقديم الطلب: مراجعة البيانات، والموافقة على الإقرار، ثم تقديم الطلب.
- المعالجة: يتحقق النظام من البيانات ويُرسل الطلب لوزارة التجارة.",تحديث بيانات الرخص التشغيلية لشركة,وزارة التجارة,التاجر · السجل التجاري · قطاع الأعمال,https://mc.gov.sa/ar/eservices/Pages/ServiceDetails.aspx?sID=8
mc-8::ar::service_facts,mc-8,ar,service_facts,"الرسوم: مجانية
مدة التنفيذ: فوري
الفئة المستفيدة: التاجر
لغة الخدمة: العربية والانجليزية","تحديث بيانات الرخص التشغيلية لشركة. وزارة التجارة. التاجر · السجل التجاري · قطاع الأعمال. الرسوم وتفاصيل الخدمة: الرسوم: مجانية
مدة التنفيذ: فوري
الفئة المستفيدة: التاجر
لغة الخدمة: العربية والانجليزية",تحديث بيانات الرخص التشغيلية لشركة,وزارة التجارة,التاجر · السجل التجاري · قطاع الأعمال,https://mc.gov.sa/ar/eservices/Pages/ServiceDetails.aspx?sID=8
mc-9::en::overview,mc-9,en,overview,"An electronic service provided by the Ministry of Commerce through the Saudi Business Center platform, which allows beneficiaries to lift the suspension of the company’s main commercial register after the expiry of a period of (90) days from the date of the annual confirmation due, without the need to visit service centers.","unlock the company's main commercial registry suspension. Ministry of Commerce. Merchant · Commercial Register · Business sector. Overview: An electronic service provided by the Ministry of Commerce through the Saudi Business Center platform, which allows beneficiaries to lift the suspension of the company’s main commercial register after the expiry of a period of (90) days from the date of the annual confirmation due, without the need to visit service centers.",unlock the company's main commercial registry suspension,Ministry of Commerce,Merchant · Commercial Register · Business sector,https://mc.gov.sa/en/eservices/Pages/ServiceDetails.aspx?sID=9
mc-9::en::requirements,mc-9,en,requirements,"Conditions: - The status of the commercial registration must be suspended.
- The requirements of the commercial registration data amendment service must be fulfilled, in case of any amendments.","unlock the company's main commercial registry suspension. Ministry of Commerce. Merchant · Commercial Register · Business sector. Conditions: Conditions: - The status of the commercial registration must be suspended.
- The requirements of the commercial registration data amendment service must be fulfilled, in case of any amendments.",unlock the company's main commercial registry suspension,Ministry of Commerce,Merchant · Commercial Register · Business sector,https://mc.gov.sa/en/eservices/Pages/ServiceDetails.aspx?sID=9
mc-9::en::documents,mc-9,en,documents,"- A valid investment license for the foreign company must be provided, with a duration of no less than 30 days.","unlock the company's main commercial registry suspension. Ministry of Commerce. Merchant · Commercial Register · Business sector. Required documents: - A valid investment license for the foreign company must be provided, with a duration of no less than 30 days.",unlock the company's main commercial registry suspension,Ministry of Commerce,Merchant · Commercial Register · Business sector,https://mc.gov.sa/en/eservices/Pages/ServiceDetails.aspx?sID=9
mc-9::en::steps,mc-9,en,steps,"- Enter the Saudi Business Center platform
- Log in using the website account or the national access","unlock the company's main commercial registry suspension. Ministry of Commerce. Merchant · Commercial Register · Business sector. Steps: - Enter the Saudi Business Center platform
- Log in using the website account or the national access",unlock the company's main commercial registry suspension,Ministry of Commerce,Merchant · Commercial Register · Business sector,https://mc.gov.sa/en/eservices/Pages/ServiceDetails.aspx?sID=9
mc-9::en::service_facts,mc-9,en,service_facts,"Fees: Free
Processing time: Immediate
Beneficiaries: Merchant
Service languages: Arabic and English","unlock the company's main commercial registry suspension. Ministry of Commerce. Merchant · Commercial Register · Business sector. Fees & service details: Fees: Free
Processing time: Immediate
Beneficiaries: Merchant
Service languages: Arabic and English",unlock the company's main commercial registry suspension,Ministry of Commerce,Merchant · Commercial Register · Business sector,https://mc.gov.sa/en/eservices/Pages/ServiceDetails.aspx?sID=9
mc-9::ar::overview,mc-9,ar,overview,خدمة إلكترونية تقدمها وزارة التجارة عبر منصة المركز السعودي للأعمال، تتيح للمستفيدين رفع تعليق السجل التجاري الرئيسي للشركة بعد انتهاء مهلة (90) يومًا من تاريخ استحقاق التأكيد السنوي، دون الحاجة إلى زيارة مراكز الخدمة.,رفع تعليق السجل التجاري الرئيسي لشركة. وزارة التجارة. التاجر · السجل التجاري · قطاع الأعمال. نظرة عامة: خدمة إلكترونية تقدمها وزارة التجارة عبر منصة المركز السعودي للأعمال، تتيح للمستفيدين رفع تعليق السجل التجاري الرئيسي للشركة بعد انتهاء مهلة (90) يومًا من تاريخ استحقاق التأكيد السنوي، دون الحاجة إلى زيارة مراكز الخدمة.,رفع تعليق السجل التجاري الرئيسي لشركة,وزارة التجارة,التاجر · السجل التجاري · قطاع الأعمال,https://mc.gov.sa/ar/eservices/Pages/ServiceDetails.aspx?sID=9
mc-9::ar::requirements,mc-9,ar,requirements,"الشروط: - أن تكون حالة السجل التجاري معلق.
- استيفاء اشتراطات خدمة تعديل بيانات السجل التجاري الرئيسي لشركة في حال تعديل.","رفع تعليق السجل التجاري الرئيسي لشركة. وزارة التجارة. التاجر · السجل التجاري · قطاع الأعمال. الشروط: الشروط: - أن تكون حالة السجل التجاري معلق.
- استيفاء اشتراطات خدمة تعديل بيانات السجل التجاري الرئيسي لشركة في حال تعديل.",رفع تعليق السجل التجاري الرئيسي لشركة,وزارة التجارة,التاجر · السجل التجاري · قطاع الأعمال,https://mc.gov.sa/ar/eservices/Pages/ServiceDetails.aspx?sID=9
mc-9::ar::documents,mc-9,ar,documents,- وجود ترخيص استثماري ساري المفعول للشركة الأجنبية، بمدة لا تقل عن (30) يومًا.,رفع تعليق السجل التجاري الرئيسي لشركة. وزارة التجارة. التاجر · السجل التجاري · قطاع الأعمال. المستندات المطلوبة: - وجود ترخيص استثماري ساري المفعول للشركة الأجنبية، بمدة لا تقل عن (30) يومًا.,رفع تعليق السجل التجاري الرئيسي لشركة,وزارة التجارة,التاجر · السجل التجاري · قطاع الأعمال,https://mc.gov.sa/ar/eservices/Pages/ServiceDetails.aspx?sID=9
mc-9::ar::steps,mc-9,ar,steps,"- الدخول إلى منصة المركز السعودي للأعمال
- تسجيل الدخول عن طريق حساب الموقع الإلكتروني أو النفاذ الوطني","رفع تعليق السجل التجاري الرئيسي لشركة. وزارة التجارة. التاجر · السجل التجاري · قطاع الأعمال. الخطوات: - الدخول إلى منصة المركز السعودي للأعمال
- تسجيل الدخول عن طريق حساب الموقع الإلكتروني أو النفاذ الوطني",رفع تعليق السجل التجاري الرئيسي لشركة,وزارة التجارة,التاجر · السجل التجاري · قطاع الأعمال,https://mc.gov.sa/ar/eservices/Pages/ServiceDetails.aspx?sID=9
mc-9::ar::service_facts,mc-9,ar,service_facts,"الرسوم: مجانية
مدة التنفيذ: فوري
الفئة المستفيدة: التاجر
لغة الخدمة: العربية والانجليزية","رفع تعليق السجل التجاري الرئيسي لشركة. وزارة التجارة. التاجر · السجل التجاري · قطاع الأعمال. الرسوم وتفاصيل الخدمة: الرسوم: مجانية
مدة التنفيذ: فوري
الفئة المستفيدة: التاجر
لغة الخدمة: العربية والانجليزية",رفع تعليق السجل التجاري الرئيسي لشركة,وزارة التجارة,التاجر · السجل التجاري · قطاع الأعمال,https://mc.gov.sa/ar/eservices/Pages/ServiceDetails.aspx?sID=9
mc-10::en::overview,mc-10,en,overview,"An electronic service provided by the Ministry of Commerce, which allows commercial establishments to report instances of commercial cover-up in other establishments. This service aims to enhance the business environment, reduce the incidence of cover-up crimes, and ensure compliance with Market regulations established by government agencies, all without requiring a visit to the Ministry branches.
If you have any inquiries or comments, you can contact us via the following email: cs@mc.gov.sa","Commercial establishments reporting cases of cover-up in other establishments. Ministry of Commerce. The merchant · Business sector · Installations. Overview: An electronic service provided by the Ministry of Commerce, which allows commercial establishments to report instances of commercial cover-up in other establishments. This service aims to enhance the business environment, reduce the incidence of cover-up crimes, and ensure compliance with Market regulations established by government agencies, all without requiring a visit to the Ministry branches.
If you have any inquiries or comments, you can contact us via the following email: cs@mc.gov.sa",Commercial establishments reporting cases of cover-up in other establishments,Ministry of Commerce,The merchant · Business sector · Installations,https://mc.gov.sa/en/eservices/Pages/ServiceDetails.aspx?sID=10
mc-10::en::requirements,mc-10,en,requirements,Conditions: - There is no,Commercial establishments reporting cases of cover-up in other establishments. Ministry of Commerce. The merchant · Business sector · Installations. Conditions: Conditions: - There is no,Commercial establishments reporting cases of cover-up in other establishments,Ministry of Commerce,The merchant · Business sector · Installations,https://mc.gov.sa/en/eservices/Pages/ServiceDetails.aspx?sID=10
mc-10::en::documents,mc-10,en,documents,"- CR data
- National identity data for Saudis and citizens of the Gulf Cooperation Council, resident identity data for non-Saudis, or passport data
- Reported facility data.
- A copy of the documents supporting the report","Commercial establishments reporting cases of cover-up in other establishments. Ministry of Commerce. The merchant · Business sector · Installations. Required documents: - CR data
- National identity data for Saudis and citizens of the Gulf Cooperation Council, resident identity data for non-Saudis, or passport data
- Reported facility data.
- A copy of the documents supporting the report",Commercial establishments reporting cases of cover-up in other establishments,Ministry of Commerce,The merchant · Business sector · Installations,https://mc.gov.sa/en/eservices/Pages/ServiceDetails.aspx?sID=10
mc-10::en::steps,mc-10,en,steps,"- Log in via the Ministry of Commerce system or the national unified login.
- Insert the information of the “affiliated with the facility” informant.
- Insert reported facility data.
- Submit the request.","Commercial establishments reporting cases of cover-up in other establishments. Ministry of Commerce. The merchant · Business sector · Installations. Steps: - Log in via the Ministry of Commerce system or the national unified login.
- Insert the information of the “affiliated with the facility” informant.
- Insert reported facility data.
- Submit the request.",Commercial establishments reporting cases of cover-up in other establishments,Ministry of Commerce,The merchant · Business sector · Installations,https://mc.gov.sa/en/eservices/Pages/ServiceDetails.aspx?sID=10
mc-10::en::service_facts,mc-10,en,service_facts,"Fees: Free
Processing time: 20 working days
Beneficiaries: Merchant
Service languages: Arabic","Commercial establishments reporting cases of cover-up in other establishments. Ministry of Commerce. The merchant · Business sector · Installations. Fees & service details: Fees: Free
Processing time: 20 working days
Beneficiaries: Merchant
Service languages: Arabic",Commercial establishments reporting cases of cover-up in other establishments,Ministry of Commerce,The merchant · Business sector · Installations,https://mc.gov.sa/en/eservices/Pages/ServiceDetails.aspx?sID=10
mc-10::ar::overview,mc-10,ar,overview,"خدمة إلكترونية تقدمها وزارة التجارة، تٌمكّن المنشآت التجارية من الإبلاغ عن حالات التستر التجاري في منشآت أخرى، للمساهمة في الارتقاء ببيئة الأعمال التجارية والحد من جريمة التستر، وتعزيز امتثال المنشآت بقواعد السوق المعتمدة من الجهات الحكومية, دون الحاجة إلى مراجعة فروع الوزارة.
وفي حال وجود أي استفسارات أو ملاحظات لديكم، يمكنكم التواصل معنا عبر البريد الإلكتروني التالي: cs@mc.gov.sa","خدمة إبلاغ المنشآت التجارية عن حالات التستر في منشآت أخرى. وزارة التجارة. التاجر · قطاع الأعمال · المنشآت. نظرة عامة: خدمة إلكترونية تقدمها وزارة التجارة، تٌمكّن المنشآت التجارية من الإبلاغ عن حالات التستر التجاري في منشآت أخرى، للمساهمة في الارتقاء ببيئة الأعمال التجارية والحد من جريمة التستر، وتعزيز امتثال المنشآت بقواعد السوق المعتمدة من الجهات الحكومية, دون الحاجة إلى مراجعة فروع الوزارة.
وفي حال وجود أي استفسارات أو ملاحظات لديكم، يمكنكم التواصل معنا عبر البريد الإلكتروني التالي: cs@mc.gov.sa",خدمة إبلاغ المنشآت التجارية عن حالات التستر في منشآت أخرى,وزارة التجارة,التاجر · قطاع الأعمال · المنشآت,https://mc.gov.sa/ar/eservices/Pages/ServiceDetails.aspx?sID=10
mc-10::ar::requirements,mc-10,ar,requirements,الشروط: - لا يوجد,خدمة إبلاغ المنشآت التجارية عن حالات التستر في منشآت أخرى. وزارة التجارة. التاجر · قطاع الأعمال · المنشآت. الشروط: الشروط: - لا يوجد,خدمة إبلاغ المنشآت التجارية عن حالات التستر في منشآت أخرى,وزارة التجارة,التاجر · قطاع الأعمال · المنشآت,https://mc.gov.sa/ar/eservices/Pages/ServiceDetails.aspx?sID=10
mc-10::ar::documents,mc-10,ar,documents,"- بيانات السجل التجاري
- بيانات الهوية الوطنية للسعوديين ومواطني مجلس التعاون لدول مجلس الخليج العربي، أو بيانات هوية مقيم لغير السعوديين أو بيانات جواز السفر
- بيانات المنشأة المُبلغ عنها.
- صورة من المستندات المؤيدة للبلاغ.","خدمة إبلاغ المنشآت التجارية عن حالات التستر في منشآت أخرى. وزارة التجارة. التاجر · قطاع الأعمال · المنشآت. المستندات المطلوبة: - بيانات السجل التجاري
- بيانات الهوية الوطنية للسعوديين ومواطني مجلس التعاون لدول مجلس الخليج العربي، أو بيانات هوية مقيم لغير السعوديين أو بيانات جواز السفر
- بيانات المنشأة المُبلغ عنها.
- صورة من المستندات المؤيدة للبلاغ.",خدمة إبلاغ المنشآت التجارية عن حالات التستر في منشآت أخرى,وزارة التجارة,التاجر · قطاع الأعمال · المنشآت,https://mc.gov.sa/ar/eservices/Pages/ServiceDetails.aspx?sID=10
mc-10::ar::steps,mc-10,ar,steps,"- تسجيل الدخول عبر نظام وزارة التجارة أو النفاذ الوطني الموحد.
- إدراج بيانات المُبلغ ""المنتسب للمنشأة"".
- إدراج بيانات المنشأة المُبلغ عنها.
- إرسال الطلب.","خدمة إبلاغ المنشآت التجارية عن حالات التستر في منشآت أخرى. وزارة التجارة. التاجر · قطاع الأعمال · المنشآت. الخطوات: - تسجيل الدخول عبر نظام وزارة التجارة أو النفاذ الوطني الموحد.
- إدراج بيانات المُبلغ ""المنتسب للمنشأة"".
- إدراج بيانات المنشأة المُبلغ عنها.
- إرسال الطلب.",خدمة إبلاغ المنشآت التجارية عن حالات التستر في منشآت أخرى,وزارة التجارة,التاجر · قطاع الأعمال · المنشآت,https://mc.gov.sa/ar/eservices/Pages/ServiceDetails.aspx?sID=10
mc-10::ar::service_facts,mc-10,ar,service_facts,"الرسوم: مجانية
مدة التنفيذ: 20 يوم عمل
الفئة المستفيدة: التاجر
لغة الخدمة: العربية","خدمة إبلاغ المنشآت التجارية عن حالات التستر في منشآت أخرى. وزارة التجارة. التاجر · قطاع الأعمال · المنشآت. الرسوم وتفاصيل الخدمة: الرسوم: مجانية
مدة التنفيذ: 20 يوم عمل
الفئة المستفيدة: التاجر
لغة الخدمة: العربية",خدمة إبلاغ المنشآت التجارية عن حالات التستر في منشآت أخرى,وزارة التجارة,التاجر · قطاع الأعمال · المنشآت,https://mc.gov.sa/ar/eservices/Pages/ServiceDetails.aspx?sID=10
mc-11::en::overview,mc-11,en,overview,"An electronic service provided by the Ministry of Commerce via the Saudi Business Center platform, allowing beneficiaries to verify the data of the subsidiary commercial register for companies annually, without the need to visit service centers.","The annual confirmation of the company's branch commercial registry data. Ministry of Commerce. Merchant · Commercial Register · Business sector. Overview: An electronic service provided by the Ministry of Commerce via the Saudi Business Center platform, allowing beneficiaries to verify the data of the subsidiary commercial register for companies annually, without the need to visit service centers.",The annual confirmation of the company's branch commercial registry data,Ministry of Commerce,Merchant · Commercial Register · Business sector,https://mc.gov.sa/en/eservices/Pages/ServiceDetails.aspx?sID=11
mc-11::en::requirements,mc-11,en,requirements,"Conditions: - The commercial registration must be active.
- The requirements of the commercial registration data amendment service must be fulfilled, in case of any amendments.","The annual confirmation of the company's branch commercial registry data. Ministry of Commerce. Merchant · Commercial Register · Business sector. Conditions: Conditions: - The commercial registration must be active.
- The requirements of the commercial registration data amendment service must be fulfilled, in case of any amendments.",The annual confirmation of the company's branch commercial registry data,Ministry of Commerce,Merchant · Commercial Register · Business sector,https://mc.gov.sa/en/eservices/Pages/ServiceDetails.aspx?sID=11
mc-11::en::documents,mc-11,en,documents,"- A valid investment license for the foreign company must be provided, with a duration of no less than 30 days.","The annual confirmation of the company's branch commercial registry data. Ministry of Commerce. Merchant · Commercial Register · Business sector. Required documents: - A valid investment license for the foreign company must be provided, with a duration of no less than 30 days.",The annual confirmation of the company's branch commercial registry data,Ministry of Commerce,Merchant · Commercial Register · Business sector,https://mc.gov.sa/en/eservices/Pages/ServiceDetails.aspx?sID=11
mc-11::en::steps,mc-11,en,steps,"- Access the platform: Via the National Unified Access or email via the Saudi Business Center platform.
- Select the service: From ""Electronic Services"" < ""Doing Business"" < ""Ministry of Commerce"" < ""Annual Verification of Company Sub-Commercial Registration Data"", then select the commercial registration or enter it manually when logging in via a direct link.
- Start the service: Agree to the terms of service, then click ""Apply for Service.""
- Specify the reason for confirmation: Select the reason ""Based on the merchant's request,"" approve the declaration, and then click ""Continue.""
- Update data: Commercial activities can be modified - Data on previous licenses or license cancellations (if applicable) - E-commerce business data (optional) - National address (brief or detailed search) - Contact information and verification of mobile number and email.
- Review and submit the application: View the application summary, approve the declaration, and then submit the application after confirming the message.
- Process the application: The application is sent to the Ministry of Commerce for verification. If there are any comments, the application is returned for modification.
- Party approval (if applicable): Approval from partners or representatives is requested as needed.
- Payment: Fees are calculated and paid by card or Sadad service.
- Order Completion: After payment, the invoice appears and the order status changes to ""Completed.""","The annual confirmation of the company's branch commercial registry data. Ministry of Commerce. Merchant · Commercial Register · Business sector. Steps: - Access the platform: Via the National Unified Access or email via the Saudi Business Center platform.
- Select the service: From ""Electronic Services"" < ""Doing Business"" < ""Ministry of Commerce"" < ""Annual Verification of Company Sub-Commercial Registration Data"", then select the commercial registration or enter it manually when logging in via a direct link.
- Start the service: Agree to the terms of service, then click ""Apply for Service.""
- Specify the reason for confirmation: Select the reason ""Based on the merchant's request,"" approve the declaration, and then click ""Continue.""
- Update data: Commercial activities can be modified - Data on previous licenses or license cancellations (if applicable) - E-commerce business data (optional) - National address (brief or detailed search) - Contact information and verification of mobile number and email.
- Review and submit the application: View the application summary, approve the declaration, and then submit the application after confirming the message.
- Process the application: The application is sent to the Ministry of Commerce for verification. If there are any comments, the application is returned for modification.
- Party approval (if applicable): Approval from partners or representatives is requested as needed.
- Payment: Fees are calculated and paid by card or Sadad service.
- Order Completion: After payment, the invoice appears and the order status changes to ""Completed.""",The annual confirmation of the company's branch commercial registry data,Ministry of Commerce,Merchant · Commercial Register · Business sector,https://mc.gov.sa/en/eservices/Pages/ServiceDetails.aspx?sID=11
mc-11::en::service_facts,mc-11,en,service_facts,"Fees: 1600 for a joint stock company or a simplified joint stock company
1200 for a limited liability company
1000 for a General Partnership or Limited Partnership
Processing time: immediately
Beneficiaries: Merchant
Service languages: Arabic and English","The annual confirmation of the company's branch commercial registry data. Ministry of Commerce. Merchant · Commercial Register · Business sector. Fees & service details: Fees: 1600 for a joint stock company or a simplified joint stock company
1200 for a limited liability company
1000 for a General Partnership or Limited Partnership
Processing time: immediately
Beneficiaries: Merchant
Service languages: Arabic and English",The annual confirmation of the company's branch commercial registry data,Ministry of Commerce,Merchant · Commercial Register · Business sector,https://mc.gov.sa/en/eservices/Pages/ServiceDetails.aspx?sID=11
mc-11::ar::overview,mc-11,ar,overview,خدمة إلكترونية تقدمها وزارة التجارة عبر منصة المركز السعودي للأعمال، تتيح للمستفيدين تأكيد بيانات السجل التجاري الفرعي سنويًا وذلك للشركات، دون الحاجة إلى زيارة مراكز الخدمة.,التأكيد السنوي لبيانات السجل التجاري الفرعي لشركة. وزارة التجارة. التاجر · السجل التجاري · قطاع الأعمال. نظرة عامة: خدمة إلكترونية تقدمها وزارة التجارة عبر منصة المركز السعودي للأعمال، تتيح للمستفيدين تأكيد بيانات السجل التجاري الفرعي سنويًا وذلك للشركات، دون الحاجة إلى زيارة مراكز الخدمة.,التأكيد السنوي لبيانات السجل التجاري الفرعي لشركة,وزارة التجارة,التاجر · السجل التجاري · قطاع الأعمال,https://mc.gov.sa/ar/eservices/Pages/ServiceDetails.aspx?sID=11
mc-11::ar::requirements,mc-11,ar,requirements,"الشروط: - أن يكون السجل التجاري نشطًا.
- استيفاء اشتراطات خدمة تعديل بيانات السجل التجاري الفرعي لشركة في حال تعديل","التأكيد السنوي لبيانات السجل التجاري الفرعي لشركة. وزارة التجارة. التاجر · السجل التجاري · قطاع الأعمال. الشروط: الشروط: - أن يكون السجل التجاري نشطًا.
- استيفاء اشتراطات خدمة تعديل بيانات السجل التجاري الفرعي لشركة في حال تعديل",التأكيد السنوي لبيانات السجل التجاري الفرعي لشركة,وزارة التجارة,التاجر · السجل التجاري · قطاع الأعمال,https://mc.gov.sa/ar/eservices/Pages/ServiceDetails.aspx?sID=11
mc-11::ar::documents,mc-11,ar,documents,- وجود ترخيص استثماري ساري المفعول للشركة الأجنبية، بمدة لا تقل عن (30) يومًا.,التأكيد السنوي لبيانات السجل التجاري الفرعي لشركة. وزارة التجارة. التاجر · السجل التجاري · قطاع الأعمال. المستندات المطلوبة: - وجود ترخيص استثماري ساري المفعول للشركة الأجنبية، بمدة لا تقل عن (30) يومًا.,التأكيد السنوي لبيانات السجل التجاري الفرعي لشركة,وزارة التجارة,التاجر · السجل التجاري · قطاع الأعمال,https://mc.gov.sa/ar/eservices/Pages/ServiceDetails.aspx?sID=11
mc-11::ar::steps,mc-11,ar,steps,"- الدخول على المنصة: عبر النفاذ الوطني الموحد أو البريد الإلكتروني من خلال منصة المركز السعودي للأعمال.
- اختيار الخدمة: من ""الخدمات الإلكترونية"" < ""ممارسة الأعمال"" < ""وزارة التجارة"" < ""التأكيد السنوي لبيانات السجل التجاري الفرعي لشركة"" ، ثم اختيار السجل التجاري أو إدخاله يدويًا عند الدخول عبر رابط مباشر.
- بدء الخدمة: الموافقة على شروط الخدمة، ثم الضغط على ""التقديم على الخدمة""
- تحديد سبب التأكيد: اختيار السبب ""بناء على طلب التاجر""، والموافقة على الإقرار ثم الضغط على ""استمرار"".
- تحديث البيانات: الأنشطة التجارية يمكن تعديلها - بيانات التراخيص المسبقة أو إلغاء التراخيص (إن وجدت) - بيانات العمل بالتجارة الإلكترونية (اختياري) - العنوان الوطني (بحث مختصر أو تفصيلي) - بيانات الاتصال والتحقق من رقم الجوال والبريد الإلكتروني
- مراجعة وتقديم الطلب : عرض ملخص الطلب، والموافقة على الإقرار، ثم تقديم الطلب بعد تأكيد الرسالة.
- معالجة الطلب: يتم إرسال الطلب إلى وزارة التجارة للتحقق، وفي حال وجود ملاحظات يتم إعادة الطلب للتعديل.
- موافقة الأطراف (إن وُجدت) : يتم طلب موافقة الشركاء أو الممثلين حسب الحاجة.
- الدفع : يتم احتساب الرسوم، ودفعها عن طريق البطاقة أو خدمة سداد.
- إتمام الطلب: بعد الدفع تظهر الفاتورة ويتم تحويل حالة الطلب إلى ""مكتمل"".","التأكيد السنوي لبيانات السجل التجاري الفرعي لشركة. وزارة التجارة. التاجر · السجل التجاري · قطاع الأعمال. الخطوات: - الدخول على المنصة: عبر النفاذ الوطني الموحد أو البريد الإلكتروني من خلال منصة المركز السعودي للأعمال.
- اختيار الخدمة: من ""الخدمات الإلكترونية"" < ""ممارسة الأعمال"" < ""وزارة التجارة"" < ""التأكيد السنوي لبيانات السجل التجاري الفرعي لشركة"" ، ثم اختيار السجل التجاري أو إدخاله يدويًا عند الدخول عبر رابط مباشر.
- بدء الخدمة: الموافقة على شروط الخدمة، ثم الضغط على ""التقديم على الخدمة""
- تحديد سبب التأكيد: اختيار السبب ""بناء على طلب التاجر""، والموافقة على الإقرار ثم الضغط على ""استمرار"".
- تحديث البيانات: الأنشطة التجارية يمكن تعديلها - بيانات التراخيص المسبقة أو إلغاء التراخيص (إن وجدت) - بيانات العمل بالتجارة الإلكترونية (اختياري) - العنوان الوطني (بحث مختصر أو تفصيلي) - بيانات الاتصال والتحقق من رقم الجوال والبريد الإلكتروني
- مراجعة وتقديم الطلب : عرض ملخص الطلب، والموافقة على الإقرار، ثم تقديم الطلب بعد تأكيد الرسالة.
- معالجة الطلب: يتم إرسال الطلب إلى وزارة التجارة للتحقق، وفي حال وجود ملاحظات يتم إعادة الطلب للتعديل.
- موافقة الأطراف (إن وُجدت) : يتم طلب موافقة الشركاء أو الممثلين حسب الحاجة.
- الدفع : يتم احتساب الرسوم، ودفعها عن طريق البطاقة أو خدمة سداد.
- إتمام الطلب: بعد الدفع تظهر الفاتورة ويتم تحويل حالة الطلب إلى ""مكتمل"".",التأكيد السنوي لبيانات السجل التجاري الفرعي لشركة,وزارة التجارة,التاجر · السجل التجاري · قطاع الأعمال,https://mc.gov.sa/ar/eservices/Pages/ServiceDetails.aspx?sID=11
mc-11::ar::service_facts,mc-11,ar,service_facts,"الرسوم: 1600
لشركة مساهمة، مساهمة مبسطة
1200
لشركة ذات مسؤولية محدودة
1000
لشركة تضامنية، توصية بسيطة
مدة التنفيذ: فوري
الفئة المستفيدة: التاجر
لغة الخدمة: العربية والانجليزية","التأكيد السنوي لبيانات السجل التجاري الفرعي لشركة. وزارة التجارة. التاجر · السجل التجاري · قطاع الأعمال. الرسوم وتفاصيل الخدمة: الرسوم: 1600
لشركة مساهمة، مساهمة مبسطة
1200
لشركة ذات مسؤولية محدودة
1000
لشركة تضامنية، توصية بسيطة
مدة التنفيذ: فوري
الفئة المستفيدة: التاجر
لغة الخدمة: العربية والانجليزية",التأكيد السنوي لبيانات السجل التجاري الفرعي لشركة,وزارة التجارة,التاجر · السجل التجاري · قطاع الأعمال,https://mc.gov.sa/ar/eservices/Pages/ServiceDetails.aspx?sID=11
mc-12::en::overview,mc-12,en,overview,"An electronic service provided by the Ministry of Commerce through the Saudi Business Center platform that allows beneficiaries to cancel a company's subsidiary commercial registration upon completion of business activity, without the need to visit service centers.","The cancelation of the company's branch commercial registry. Ministry of Commerce. Merchant · Commercial Register · Business sector. Overview: An electronic service provided by the Ministry of Commerce through the Saudi Business Center platform that allows beneficiaries to cancel a company's subsidiary commercial registration upon completion of business activity, without the need to visit service centers.",The cancelation of the company's branch commercial registry,Ministry of Commerce,Merchant · Commercial Register · Business sector,https://mc.gov.sa/en/eservices/Pages/ServiceDetails.aspx?sID=12
mc-12::en::requirements,mc-12,en,requirements,"Conditions: - A valid investment license for the foreign company must be provided, with a duration of no less than 30 days.
- Note: The applicant for cancellation may retain the trade name of the sub-commercial registration, provided that the trade name is not a personal name.","The cancelation of the company's branch commercial registry. Ministry of Commerce. Merchant · Commercial Register · Business sector. Conditions: Conditions: - A valid investment license for the foreign company must be provided, with a duration of no less than 30 days.
- Note: The applicant for cancellation may retain the trade name of the sub-commercial registration, provided that the trade name is not a personal name.",The cancelation of the company's branch commercial registry,Ministry of Commerce,Merchant · Commercial Register · Business sector,https://mc.gov.sa/en/eservices/Pages/ServiceDetails.aspx?sID=12
mc-12::en::documents,mc-12,en,documents,"- A statement confirming the absence of licenses or the cancellation of licenses for activities that require a license prior to issuance must be submitted.
- A decision from the partners or management to cancel the sub-commercial registration must be provided.","The cancelation of the company's branch commercial registry. Ministry of Commerce. Merchant · Commercial Register · Business sector. Required documents: - A statement confirming the absence of licenses or the cancellation of licenses for activities that require a license prior to issuance must be submitted.
- A decision from the partners or management to cancel the sub-commercial registration must be provided.",The cancelation of the company's branch commercial registry,Ministry of Commerce,Merchant · Commercial Register · Business sector,https://mc.gov.sa/en/eservices/Pages/ServiceDetails.aspx?sID=12
mc-12::en::steps,mc-12,en,steps,"- Click ""Start Service""
- Log in to your account via the National Unified Access or log in for investors who do not hold a Saudi ID or residency.
- Select the service: From ""Electronic Services"" > ""Closing Business"" > ""Ministry of Commerce"" > ""Deleting a Company's Sub-Commercial Register"" - or from ""Commercial Registers"" > Select the register > ""Registration Procedures"" > ""Deleting a Company's Sub-Commercial Register.""
- Start the application: Agree to the terms and conditions, then click ""Apply for Service.""
- Fill in the information: • Enter the commercial register information. • Upload proof of license cancellation, if applicable. • Complete the court ruling information if it was the reason for deletion.
- Submit the application: Enter the verification code and then click ""Submit Application.""
- Payment and Follow-up: Pay the fees, review the application, and print the invoice. - After payment, the record will be successfully deleted.","The cancelation of the company's branch commercial registry. Ministry of Commerce. Merchant · Commercial Register · Business sector. Steps: - Click ""Start Service""
- Log in to your account via the National Unified Access or log in for investors who do not hold a Saudi ID or residency.
- Select the service: From ""Electronic Services"" > ""Closing Business"" > ""Ministry of Commerce"" > ""Deleting a Company's Sub-Commercial Register"" - or from ""Commercial Registers"" > Select the register > ""Registration Procedures"" > ""Deleting a Company's Sub-Commercial Register.""
- Start the application: Agree to the terms and conditions, then click ""Apply for Service.""
- Fill in the information: • Enter the commercial register information. • Upload proof of license cancellation, if applicable. • Complete the court ruling information if it was the reason for deletion.
- Submit the application: Enter the verification code and then click ""Submit Application.""
- Payment and Follow-up: Pay the fees, review the application, and print the invoice. - After payment, the record will be successfully deleted.",The cancelation of the company's branch commercial registry,Ministry of Commerce,Merchant · Commercial Register · Business sector,https://mc.gov.sa/en/eservices/Pages/ServiceDetails.aspx?sID=12
mc-12::en::service_facts,mc-12,en,service_facts,"Fees: Free
Processing time: immediately
Beneficiaries: Merchant
Service languages: Arabic and English","The cancelation of the company's branch commercial registry. Ministry of Commerce. Merchant · Commercial Register · Business sector. Fees & service details: Fees: Free
Processing time: immediately
Beneficiaries: Merchant
Service languages: Arabic and English",The cancelation of the company's branch commercial registry,Ministry of Commerce,Merchant · Commercial Register · Business sector,https://mc.gov.sa/en/eservices/Pages/ServiceDetails.aspx?sID=12
mc-12::ar::overview,mc-12,ar,overview,خدمة إلكترونية تقدمها وزارة التجارة عبر منصة المركز السعودي للأعمال، تتيح للمستفيدين إلغاء السجل التجاري الفرعي لشركة عند الانتهاء من ممارسة النشاط التجاري، دون الحاجة إلى زيارة مراكز الخدمة.,شطب السجل التجاري الفرعي لشركة. وزارة التجارة. التاجر · السجل التجاري · قطاع الأعمال. نظرة عامة: خدمة إلكترونية تقدمها وزارة التجارة عبر منصة المركز السعودي للأعمال، تتيح للمستفيدين إلغاء السجل التجاري الفرعي لشركة عند الانتهاء من ممارسة النشاط التجاري، دون الحاجة إلى زيارة مراكز الخدمة.,شطب السجل التجاري الفرعي لشركة,وزارة التجارة,التاجر · السجل التجاري · قطاع الأعمال,https://mc.gov.sa/ar/eservices/Pages/ServiceDetails.aspx?sID=12
mc-12::ar::requirements,mc-12,ar,requirements,"الشروط: - وجود ترخيص استثماري ساري المفعول للشركة الأجنبية، بمدة لا تقل عن (30) يومًا.
- ملاحظة: يمكن لمقدم طلب الشطب الاحتفاظ بالاسم التجاري للسجل الفرعي بشرط ألا يكون الاسم التجاري اسما شخصيًا.","شطب السجل التجاري الفرعي لشركة. وزارة التجارة. التاجر · السجل التجاري · قطاع الأعمال. الشروط: الشروط: - وجود ترخيص استثماري ساري المفعول للشركة الأجنبية، بمدة لا تقل عن (30) يومًا.
- ملاحظة: يمكن لمقدم طلب الشطب الاحتفاظ بالاسم التجاري للسجل الفرعي بشرط ألا يكون الاسم التجاري اسما شخصيًا.",شطب السجل التجاري الفرعي لشركة,وزارة التجارة,التاجر · السجل التجاري · قطاع الأعمال,https://mc.gov.sa/ar/eservices/Pages/ServiceDetails.aspx?sID=12
mc-12::ar::documents,mc-12,ar,documents,"- تقديم إفادة بعدم وجود تراخيص، أو إلغاء التراخيص للأنشطة التي تتطلب ترخيصًا قبل الإصدار.
- تقديم قرار الشركاء أو الإدارة بشطب السجل التجاري الفرعي.","شطب السجل التجاري الفرعي لشركة. وزارة التجارة. التاجر · السجل التجاري · قطاع الأعمال. المستندات المطلوبة: - تقديم إفادة بعدم وجود تراخيص، أو إلغاء التراخيص للأنشطة التي تتطلب ترخيصًا قبل الإصدار.
- تقديم قرار الشركاء أو الإدارة بشطب السجل التجاري الفرعي.",شطب السجل التجاري الفرعي لشركة,وزارة التجارة,التاجر · السجل التجاري · قطاع الأعمال,https://mc.gov.sa/ar/eservices/Pages/ServiceDetails.aspx?sID=12
mc-12::ar::steps,mc-12,ar,steps,"- الضغط على ابدأ الخدمة
- الدخول إلى الحساب عن طريق النفاذ الوطني الموحد او تسجيل الدخول للمستثمرين الذين لا يحملون هوية او إقامة سعودية
- اختيار الخدمة: من ""الخدمات الإلكترونية"" > ""إنهاء الأعمال"" > ""وزارة التجارة"" > ""شطب السجل التجاري الفرعي لشركة - أو من ""السجلات التجارية"" > تحديد السجل > ""إجراءات السجل"" > ""شطب السجل التجاري الفرعي لشركة .
- بدء الطلب: الموافقة على الشروط، ثم الضغط على ""التقديم على الخدمة"".
- تعبئة البيانات: • إدخال بيانات السجل التجاري. • رفع ما يثبت إلغاء الترخيص إن وُجد. • استكمال بيانات الحكم القضائي إذا كان سبب الشطب.
- تقديم الطلب: إدخال رمز التحقق ثم الضغط على ""تقديم الطلب"".
- الدفع والمتابعة: دفع الرسوم، استعراض الطلب، وطباعة الفاتورة. - بعد الدفع يتم شطب السجل بنجاح.","شطب السجل التجاري الفرعي لشركة. وزارة التجارة. التاجر · السجل التجاري · قطاع الأعمال. الخطوات: - الضغط على ابدأ الخدمة
- الدخول إلى الحساب عن طريق النفاذ الوطني الموحد او تسجيل الدخول للمستثمرين الذين لا يحملون هوية او إقامة سعودية
- اختيار الخدمة: من ""الخدمات الإلكترونية"" > ""إنهاء الأعمال"" > ""وزارة التجارة"" > ""شطب السجل التجاري الفرعي لشركة - أو من ""السجلات التجارية"" > تحديد السجل > ""إجراءات السجل"" > ""شطب السجل التجاري الفرعي لشركة .
- بدء الطلب: الموافقة على الشروط، ثم الضغط على ""التقديم على الخدمة"".
- تعبئة البيانات: • إدخال بيانات السجل التجاري. • رفع ما يثبت إلغاء الترخيص إن وُجد. • استكمال بيانات الحكم القضائي إذا كان سبب الشطب.
- تقديم الطلب: إدخال رمز التحقق ثم الضغط على ""تقديم الطلب"".
- الدفع والمتابعة: دفع الرسوم، استعراض الطلب، وطباعة الفاتورة. - بعد الدفع يتم شطب السجل بنجاح.",شطب السجل التجاري الفرعي لشركة,وزارة التجارة,التاجر · السجل التجاري · قطاع الأعمال,https://mc.gov.sa/ar/eservices/Pages/ServiceDetails.aspx?sID=12
mc-12::ar::service_facts,mc-12,ar,service_facts,"الرسوم: مجانية
مدة التنفيذ: فوري
الفئة المستفيدة: التاجر
لغة الخدمة: العربية والانجليزية","شطب السجل التجاري الفرعي لشركة. وزارة التجارة. التاجر · السجل التجاري · قطاع الأعمال. الرسوم وتفاصيل الخدمة: الرسوم: مجانية
مدة التنفيذ: فوري
الفئة المستفيدة: التاجر
لغة الخدمة: العربية والانجليزية",شطب السجل التجاري الفرعي لشركة,وزارة التجارة,التاجر · السجل التجاري · قطاع الأعمال,https://mc.gov.sa/ar/eservices/Pages/ServiceDetails.aspx?sID=12
mc-13::en::overview,mc-13,en,overview,"An electronic service provided by the Ministry of Commerce through the Saudi Business Center platform, allowing beneficiaries to update the data of the owner/manager of the commercial register without having to visit service centers.","Updating Commercial Registration Owner's Data. Ministry of Commerce. Merchant · Commercial Register · Business sector. Overview: An electronic service provided by the Ministry of Commerce through the Saudi Business Center platform, allowing beneficiaries to update the data of the owner/manager of the commercial register without having to visit service centers.",Updating Commercial Registration Owner's Data,Ministry of Commerce,Merchant · Commercial Register · Business sector,https://mc.gov.sa/en/eservices/Pages/ServiceDetails.aspx?sID=13
mc-13::en::requirements,mc-13,en,requirements,"Conditions: - The commercial registration must be for a sole proprietorship.
- The applicant must be at least 18 years old.","Updating Commercial Registration Owner's Data. Ministry of Commerce. Merchant · Commercial Register · Business sector. Conditions: Conditions: - The commercial registration must be for a sole proprietorship.
- The applicant must be at least 18 years old.",Updating Commercial Registration Owner's Data,Ministry of Commerce,Merchant · Commercial Register · Business sector,https://mc.gov.sa/en/eservices/Pages/ServiceDetails.aspx?sID=13
mc-13::en::documents,mc-13,en,documents,- There is no,Updating Commercial Registration Owner's Data. Ministry of Commerce. Merchant · Commercial Register · Business sector. Required documents: - There is no,Updating Commercial Registration Owner's Data,Ministry of Commerce,Merchant · Commercial Register · Business sector,https://mc.gov.sa/en/eservices/Pages/ServiceDetails.aspx?sID=13
mc-13::en::steps,mc-13,en,steps,"- Access the platform: Via the National Unified Access through the Saudi Business Center platform.
- Select the service: From ""Doing Business"" > ""Ministry of Commerce"" > ""Update Commercial Register Owner Data"".
- Start the service: Review the terms and conditions, then accept them and click ""Apply for Service"".
- Add the commercial register: Enter the commercial register number and click ""Get Data"". - View the register and owner data.
- Update data: Update contact information (mobile, email) and confirm it with a verification code. - Enter or update the approved business address within the Kingdom.
- Review and submit the application: Review the application summary, approve the declaration, and submit the application.
- Processing: The data is verified by the Ministry of Commerce, and the application status is changed to ""Complete"". (The service is free and does not require payment.)","Updating Commercial Registration Owner's Data. Ministry of Commerce. Merchant · Commercial Register · Business sector. Steps: - Access the platform: Via the National Unified Access through the Saudi Business Center platform.
- Select the service: From ""Doing Business"" > ""Ministry of Commerce"" > ""Update Commercial Register Owner Data"".
- Start the service: Review the terms and conditions, then accept them and click ""Apply for Service"".
- Add the commercial register: Enter the commercial register number and click ""Get Data"". - View the register and owner data.
- Update data: Update contact information (mobile, email) and confirm it with a verification code. - Enter or update the approved business address within the Kingdom.
- Review and submit the application: Review the application summary, approve the declaration, and submit the application.
- Processing: The data is verified by the Ministry of Commerce, and the application status is changed to ""Complete"". (The service is free and does not require payment.)",Updating Commercial Registration Owner's Data,Ministry of Commerce,Merchant · Commercial Register · Business sector,https://mc.gov.sa/en/eservices/Pages/ServiceDetails.aspx?sID=13
mc-13::en::service_facts,mc-13,en,service_facts,"Fees: Free
Processing time: Within 72 hours
Beneficiaries: Merchant
Service languages: Arabic and English","Updating Commercial Registration Owner's Data. Ministry of Commerce. Merchant · Commercial Register · Business sector. Fees & service details: Fees: Free
Processing time: Within 72 hours
Beneficiaries: Merchant
Service languages: Arabic and English",Updating Commercial Registration Owner's Data,Ministry of Commerce,Merchant · Commercial Register · Business sector,https://mc.gov.sa/en/eservices/Pages/ServiceDetails.aspx?sID=13
mc-13::ar::overview,mc-13,ar,overview,خدمة إلكترونية تقدمها وزارة التجارة عبر منصة المركز السعودي للأعمال، تتيح للمستفيدين من تحديث بيانات مالك / مدير السجل التجاري، دون الحاجة إلى زيارة مراكز الخدمة.,تحديث بيانات مالك السجل التجاري. وزارة التجارة. التاجر · السجل التجاري · قطاع الأعمال. نظرة عامة: خدمة إلكترونية تقدمها وزارة التجارة عبر منصة المركز السعودي للأعمال، تتيح للمستفيدين من تحديث بيانات مالك / مدير السجل التجاري، دون الحاجة إلى زيارة مراكز الخدمة.,تحديث بيانات مالك السجل التجاري,وزارة التجارة,التاجر · السجل التجاري · قطاع الأعمال,https://mc.gov.sa/ar/eservices/Pages/ServiceDetails.aspx?sID=13
mc-13::ar::requirements,mc-13,ar,requirements,"الشروط: - أن يكون السجل التجاري لمؤسسة فردية.
- ألا يقل عمر مقدم الطلب عن 18 سنة.","تحديث بيانات مالك السجل التجاري. وزارة التجارة. التاجر · السجل التجاري · قطاع الأعمال. الشروط: الشروط: - أن يكون السجل التجاري لمؤسسة فردية.
- ألا يقل عمر مقدم الطلب عن 18 سنة.",تحديث بيانات مالك السجل التجاري,وزارة التجارة,التاجر · السجل التجاري · قطاع الأعمال,https://mc.gov.sa/ar/eservices/Pages/ServiceDetails.aspx?sID=13
mc-13::ar::documents,mc-13,ar,documents,- لا يوجد,تحديث بيانات مالك السجل التجاري. وزارة التجارة. التاجر · السجل التجاري · قطاع الأعمال. المستندات المطلوبة: - لا يوجد,تحديث بيانات مالك السجل التجاري,وزارة التجارة,التاجر · السجل التجاري · قطاع الأعمال,https://mc.gov.sa/ar/eservices/Pages/ServiceDetails.aspx?sID=13
mc-13::ar::steps,mc-13,ar,steps,"- الدخول على المنصة: عبر النفاذ الوطني الموحد من خلال منصة المركز السعودي للأعمال.
- اختيار الخدمة: من ""ممارسة الأعمال"" > ""وزارة التجارة"" > ""تحديث بيانات مالك السجل التجاري"".
- بدء الخدمة: الاطلاع على الشروط، ثم الموافقة عليها والضغط على ""التقديم على الخدمة"".
- إضافة السجل التجاري: إدخال رقم السجل التجاري والضغط على ""جلب البيانات"". - عرض بيانات السجل وبيانات المالك.
- تحديث البيانات: تحديث بيانات الاتصال (الجوال، البريد الإلكتروني) وتأكيدها عبر رمز التحقق. - إدخال أو تحديث عنوان الأعمال المعتمد داخل المملكة.
- مراجعة وتقديم الطلب: مراجعة ملخص الطلب، والموافقة على الإقرار، ثم تقديم الطلب.
- المعالجة: يتم التحقق من البيانات من قبل وزارة التجارة وتحويل حالة الطلب إلى ""مكتمل"". (الخدمة مجانية ولا تتطلب دفع رسوم).","تحديث بيانات مالك السجل التجاري. وزارة التجارة. التاجر · السجل التجاري · قطاع الأعمال. الخطوات: - الدخول على المنصة: عبر النفاذ الوطني الموحد من خلال منصة المركز السعودي للأعمال.
- اختيار الخدمة: من ""ممارسة الأعمال"" > ""وزارة التجارة"" > ""تحديث بيانات مالك السجل التجاري"".
- بدء الخدمة: الاطلاع على الشروط، ثم الموافقة عليها والضغط على ""التقديم على الخدمة"".
- إضافة السجل التجاري: إدخال رقم السجل التجاري والضغط على ""جلب البيانات"". - عرض بيانات السجل وبيانات المالك.
- تحديث البيانات: تحديث بيانات الاتصال (الجوال، البريد الإلكتروني) وتأكيدها عبر رمز التحقق. - إدخال أو تحديث عنوان الأعمال المعتمد داخل المملكة.
- مراجعة وتقديم الطلب: مراجعة ملخص الطلب، والموافقة على الإقرار، ثم تقديم الطلب.
- المعالجة: يتم التحقق من البيانات من قبل وزارة التجارة وتحويل حالة الطلب إلى ""مكتمل"". (الخدمة مجانية ولا تتطلب دفع رسوم).",تحديث بيانات مالك السجل التجاري,وزارة التجارة,التاجر · السجل التجاري · قطاع الأعمال,https://mc.gov.sa/ar/eservices/Pages/ServiceDetails.aspx?sID=13
mc-13::ar::service_facts,mc-13,ar,service_facts,"الرسوم: مجانية
مدة التنفيذ: خلال 72 ساعة
الفئة المستفيدة: التاجر
لغة الخدمة: العربية والانجليزية","تحديث بيانات مالك السجل التجاري. وزارة التجارة. التاجر · السجل التجاري · قطاع الأعمال. الرسوم وتفاصيل الخدمة: الرسوم: مجانية
مدة التنفيذ: خلال 72 ساعة
الفئة المستفيدة: التاجر
لغة الخدمة: العربية والانجليزية",تحديث بيانات مالك السجل التجاري,وزارة التجارة,التاجر · السجل التجاري · قطاع الأعمال,https://mc.gov.sa/ar/eservices/Pages/ServiceDetails.aspx?sID=13
mc-14::en::overview,mc-14,en,overview,"An electronic service provided by the Ministry of Commerce that enables beneficiaries to report any practices that may constitute a violation of the Commercial Franchise Law and its implementing regulations. The Ministry values the role of whistleblowers in promoting compliance and appreciates their initiatives, which reflect integrity and national responsibility. Reports can be submitted through its electronic channels without the need to visit the Ministry's branches.","Franchise System Violations. Ministry of Commerce. Merchant · companies · business sector. Overview: An electronic service provided by the Ministry of Commerce that enables beneficiaries to report any practices that may constitute a violation of the Commercial Franchise Law and its implementing regulations. The Ministry values the role of whistleblowers in promoting compliance and appreciates their initiatives, which reflect integrity and national responsibility. Reports can be submitted through its electronic channels without the need to visit the Ministry's branches.",Franchise System Violations,Ministry of Commerce,Merchant · companies · business sector,https://mc.gov.sa/en/eservices/Pages/ServiceDetails.aspx?sID=14
mc-14::en::requirements,mc-14,en,requirements,"Conditions: - National ID data for Saudis and citizens of Gulf Cooperation Council countries - or resident ID data for non-Saudis - or passport data.
- A copy of the legal power of attorney and the legal representative's national ID data.
- The defendant's information.
- A copy of the documents supporting the report.","Franchise System Violations. Ministry of Commerce. Merchant · companies · business sector. Conditions: Conditions: - National ID data for Saudis and citizens of Gulf Cooperation Council countries - or resident ID data for non-Saudis - or passport data.
- A copy of the legal power of attorney and the legal representative's national ID data.
- The defendant's information.
- A copy of the documents supporting the report.",Franchise System Violations,Ministry of Commerce,Merchant · companies · business sector,https://mc.gov.sa/en/eservices/Pages/ServiceDetails.aspx?sID=14
mc-14::en::documents,mc-14,en,documents,- Attach supporting documents for the violation.,Franchise System Violations. Ministry of Commerce. Merchant · companies · business sector. Required documents: - Attach supporting documents for the violation.,Franchise System Violations,Ministry of Commerce,Merchant · companies · business sector,https://mc.gov.sa/en/eservices/Pages/ServiceDetails.aspx?sID=14
mc-14::en::steps,mc-14,en,steps,"- Click Start Service.
- Log in via National Access.
- Fill in the information indicated within the service.
- Submit the request.","Franchise System Violations. Ministry of Commerce. Merchant · companies · business sector. Steps: - Click Start Service.
- Log in via National Access.
- Fill in the information indicated within the service.
- Submit the request.",Franchise System Violations,Ministry of Commerce,Merchant · companies · business sector,https://mc.gov.sa/en/eservices/Pages/ServiceDetails.aspx?sID=14
mc-14::en::service_facts,mc-14,en,service_facts,"Fees: Free
Processing time: 7 working days
Beneficiaries: Merchant
Service languages: Arabic","Franchise System Violations. Ministry of Commerce. Merchant · companies · business sector. Fees & service details: Fees: Free
Processing time: 7 working days
Beneficiaries: Merchant
Service languages: Arabic",Franchise System Violations,Ministry of Commerce,Merchant · companies · business sector,https://mc.gov.sa/en/eservices/Pages/ServiceDetails.aspx?sID=14
mc-14::ar::overview,mc-14,ar,overview,خدمة إلكترونية تقدمها وزارة التجارة، تتيح للمستفيدين من الإبلاغ عن أي ممارسات قد تشكل مخالفة لنظام الامتياز التجاري ولائحته التنفيذية. وتُثمّن الوزارة دور المبلغين في تعزيز الالتزام، وتقدّر مبادراتهم التي تعكس الأمانة والمسؤولية الوطنية، من خلال تقديم البلاغات عبر قنواتها إلكترونية دون الحاجة إلى مراجعة فروع الوزارة.,مخالفات نظام الامتياز التجاري. وزارة التجارة. التاجر · الشركات · قطاع الأعمال. نظرة عامة: خدمة إلكترونية تقدمها وزارة التجارة، تتيح للمستفيدين من الإبلاغ عن أي ممارسات قد تشكل مخالفة لنظام الامتياز التجاري ولائحته التنفيذية. وتُثمّن الوزارة دور المبلغين في تعزيز الالتزام، وتقدّر مبادراتهم التي تعكس الأمانة والمسؤولية الوطنية، من خلال تقديم البلاغات عبر قنواتها إلكترونية دون الحاجة إلى مراجعة فروع الوزارة.,مخالفات نظام الامتياز التجاري,وزارة التجارة,التاجر · الشركات · قطاع الأعمال,https://mc.gov.sa/ar/eservices/Pages/ServiceDetails.aspx?sID=14
mc-14::ar::requirements,mc-14,ar,requirements,"الشروط: - بيانات الهوية الوطنية للسعوديين ومواطني دول الخليج العربي - أو بيانات هوية مقيم لغير السعوديين - أو بيانات جواز السفر.
- صورة من الوكالة الشرعية وبيانات الهوية الوطنية للوكيل الشرعي.
- بيانات المشتكى عليه.
- صورة من المستندات المؤيدة للبلاغ.","مخالفات نظام الامتياز التجاري. وزارة التجارة. التاجر · الشركات · قطاع الأعمال. الشروط: الشروط: - بيانات الهوية الوطنية للسعوديين ومواطني دول الخليج العربي - أو بيانات هوية مقيم لغير السعوديين - أو بيانات جواز السفر.
- صورة من الوكالة الشرعية وبيانات الهوية الوطنية للوكيل الشرعي.
- بيانات المشتكى عليه.
- صورة من المستندات المؤيدة للبلاغ.",مخالفات نظام الامتياز التجاري,وزارة التجارة,التاجر · الشركات · قطاع الأعمال,https://mc.gov.sa/ar/eservices/Pages/ServiceDetails.aspx?sID=14
mc-14::ar::documents,mc-14,ar,documents,- إرفاق المستندات الداعمة لوقوع المخالفة.,مخالفات نظام الامتياز التجاري. وزارة التجارة. التاجر · الشركات · قطاع الأعمال. المستندات المطلوبة: - إرفاق المستندات الداعمة لوقوع المخالفة.,مخالفات نظام الامتياز التجاري,وزارة التجارة,التاجر · الشركات · قطاع الأعمال,https://mc.gov.sa/ar/eservices/Pages/ServiceDetails.aspx?sID=14
mc-14::ar::steps,mc-14,ar,steps,"- الضغط على إبدأ الخدمة.
- تسجيل الدخول عبر النفاذ الوطني.
- تعبئة البيانات المشار اليها داخل الخدمة.
- ارسال الطلب .","مخالفات نظام الامتياز التجاري. وزارة التجارة. التاجر · الشركات · قطاع الأعمال. الخطوات: - الضغط على إبدأ الخدمة.
- تسجيل الدخول عبر النفاذ الوطني.
- تعبئة البيانات المشار اليها داخل الخدمة.
- ارسال الطلب .",مخالفات نظام الامتياز التجاري,وزارة التجارة,التاجر · الشركات · قطاع الأعمال,https://mc.gov.sa/ar/eservices/Pages/ServiceDetails.aspx?sID=14
mc-14::ar::service_facts,mc-14,ar,service_facts,"الرسوم: مجانية
مدة التنفيذ: 7 أيام عمل
الفئة المستفيدة: التاجر
لغة الخدمة: العربية","مخالفات نظام الامتياز التجاري. وزارة التجارة. التاجر · الشركات · قطاع الأعمال. الرسوم وتفاصيل الخدمة: الرسوم: مجانية
مدة التنفيذ: 7 أيام عمل
الفئة المستفيدة: التاجر
لغة الخدمة: العربية",مخالفات نظام الامتياز التجاري,وزارة التجارة,التاجر · الشركات · قطاع الأعمال,https://mc.gov.sa/ar/eservices/Pages/ServiceDetails.aspx?sID=14
mc-15::en::overview,mc-15,en,overview,"An electronic service provided by the Ministry of Commerce through the Saudi Business Center platform that allows beneficiaries to verify the commercial registry data annually for sole proprietorships, without the need to visit service centers.","The annual confirmation of the commercial registry data of an establishment. Ministry of Commerce. Merchant · Commercial Register · Business sector. Overview: An electronic service provided by the Ministry of Commerce through the Saudi Business Center platform that allows beneficiaries to verify the commercial registry data annually for sole proprietorships, without the need to visit service centers.",The annual confirmation of the commercial registry data of an establishment,Ministry of Commerce,Merchant · Commercial Register · Business sector,https://mc.gov.sa/en/eservices/Pages/ServiceDetails.aspx?sID=15
mc-15::en::requirements,mc-15,en,requirements,"Conditions: - The commercial registration must be active.
- The age must not be less than 18 years.
- The applicant must not hold a government position.
- The requirements of the commercial registration data amendment service must be fulfilled, in case of any amendments.","The annual confirmation of the commercial registry data of an establishment. Ministry of Commerce. Merchant · Commercial Register · Business sector. Conditions: Conditions: - The commercial registration must be active.
- The age must not be less than 18 years.
- The applicant must not hold a government position.
- The requirements of the commercial registration data amendment service must be fulfilled, in case of any amendments.",The annual confirmation of the commercial registry data of an establishment,Ministry of Commerce,Merchant · Commercial Register · Business sector,https://mc.gov.sa/en/eservices/Pages/ServiceDetails.aspx?sID=15
mc-15::en::documents,mc-15,en,documents,"- A valid investment license for the foreign establishment must be provided, with a duration of no less than 30 days.
- The following must be verified if the establishment is a cooperative or charitable association: A certificate of the association's registration with the Ministry of Human Resources and Social Development must be provided - The applicant must have a power of attorney or authorization from the association's board.
- The following must be verified if the establishment is an endowment: Endowment deed is required - A legal power of attorney must be provided by the endower, the endowment administrator, or the board of trustees.","The annual confirmation of the commercial registry data of an establishment. Ministry of Commerce. Merchant · Commercial Register · Business sector. Required documents: - A valid investment license for the foreign establishment must be provided, with a duration of no less than 30 days.
- The following must be verified if the establishment is a cooperative or charitable association: A certificate of the association's registration with the Ministry of Human Resources and Social Development must be provided - The applicant must have a power of attorney or authorization from the association's board.
- The following must be verified if the establishment is an endowment: Endowment deed is required - A legal power of attorney must be provided by the endower, the endowment administrator, or the board of trustees.",The annual confirmation of the commercial registry data of an establishment,Ministry of Commerce,Merchant · Commercial Register · Business sector,https://mc.gov.sa/en/eservices/Pages/ServiceDetails.aspx?sID=15
mc-15::en::steps,mc-15,en,steps,"- Access the platform: Via the National Unified Access or email via the Saudi Business Center platform.
- Select the service: From ""E-Services"" > ""Doing Business"" > ""Ministry of Commerce"" > ""Annual Verification of Commercial Register Data for a Sole Proprietorship,"" select the commercial register and click ""Continue.""
- Start the service: View the commercial register data, click ""Continue,"" agree to the terms, and click ""Apply for Service.""
- Update data: Add business activities. - Enter license data. - Amend capital and e-commerce data. - Amend trade name. - Amend national address and contact information. - Amend directors' data.
- Submit the application: Click ""Submit Application.""
- Pay and follow up: Pay fees, review the application, and print the invoice. - After payment, the annual verification is successfully completed.","The annual confirmation of the commercial registry data of an establishment. Ministry of Commerce. Merchant · Commercial Register · Business sector. Steps: - Access the platform: Via the National Unified Access or email via the Saudi Business Center platform.
- Select the service: From ""E-Services"" > ""Doing Business"" > ""Ministry of Commerce"" > ""Annual Verification of Commercial Register Data for a Sole Proprietorship,"" select the commercial register and click ""Continue.""
- Start the service: View the commercial register data, click ""Continue,"" agree to the terms, and click ""Apply for Service.""
- Update data: Add business activities. - Enter license data. - Amend capital and e-commerce data. - Amend trade name. - Amend national address and contact information. - Amend directors' data.
- Submit the application: Click ""Submit Application.""
- Pay and follow up: Pay fees, review the application, and print the invoice. - After payment, the annual verification is successfully completed.",The annual confirmation of the commercial registry data of an establishment,Ministry of Commerce,Merchant · Commercial Register · Business sector,https://mc.gov.sa/en/eservices/Pages/ServiceDetails.aspx?sID=15
mc-15::en::service_facts,mc-15,en,service_facts,"Fees: 500 for annual confirmation
Processing time: Immediate
Beneficiaries: Merchant
Service languages: Arabic and English","The annual confirmation of the commercial registry data of an establishment. Ministry of Commerce. Merchant · Commercial Register · Business sector. Fees & service details: Fees: 500 for annual confirmation
Processing time: Immediate
Beneficiaries: Merchant
Service languages: Arabic and English",The annual confirmation of the commercial registry data of an establishment,Ministry of Commerce,Merchant · Commercial Register · Business sector,https://mc.gov.sa/en/eservices/Pages/ServiceDetails.aspx?sID=15
mc-15::ar::overview,mc-15,ar,overview,خدمة إلكترونية تقدمها وزارة التجارة عبر منصة المركز السعودي للأعمال، تتيح للمستفيدين تأكيد بيانات السجل التجاري سنويًا، وذلك للمؤسسات الفردية، دون الحاجة إلى زيارة مراكز الخدمة.,التأكيد السنوي لبيانات السجل التجاري لمؤسسة فردية. وزارة التجارة. التاجر · السجل التجاري · قطاع الأعمال. نظرة عامة: خدمة إلكترونية تقدمها وزارة التجارة عبر منصة المركز السعودي للأعمال، تتيح للمستفيدين تأكيد بيانات السجل التجاري سنويًا، وذلك للمؤسسات الفردية، دون الحاجة إلى زيارة مراكز الخدمة.,التأكيد السنوي لبيانات السجل التجاري لمؤسسة فردية,وزارة التجارة,التاجر · السجل التجاري · قطاع الأعمال,https://mc.gov.sa/ar/eservices/Pages/ServiceDetails.aspx?sID=15
mc-15::ar::requirements,mc-15,ar,requirements,"الشروط: - أن يكون السجل التجاري نشطًا.
- ألا يقل العمر عن 18 سنة.
- ألا يكون موظفًا حكوميًا.
- استيفاء اشتراطات خدمة تعديل بيانات السجل التجاري في حال التعديل","التأكيد السنوي لبيانات السجل التجاري لمؤسسة فردية. وزارة التجارة. التاجر · السجل التجاري · قطاع الأعمال. الشروط: الشروط: - أن يكون السجل التجاري نشطًا.
- ألا يقل العمر عن 18 سنة.
- ألا يكون موظفًا حكوميًا.
- استيفاء اشتراطات خدمة تعديل بيانات السجل التجاري في حال التعديل",التأكيد السنوي لبيانات السجل التجاري لمؤسسة فردية,وزارة التجارة,التاجر · السجل التجاري · قطاع الأعمال,https://mc.gov.sa/ar/eservices/Pages/ServiceDetails.aspx?sID=15
mc-15::ar::documents,mc-15,ar,documents,"- وجود ترخيص استثماري ساري المفعول للمؤسسة الأجنبية، بمدة لا تقل عن (30) يومًا.
- التحقق من الآتي في حال كانت المؤسسة جمعية تعاونية أو خيرية: - وجود شهادة تسجيل الجمعية لدى وزارة الموارد البشرية والتنمية الاجتماعية. - وجود وكالة أو تفويض من مجلس الجمعية لمقدم الطلب.
- التحقق من الآتي في حال كانت المؤسسة وقفية: - وجود صك الوقف. - وجود وكالة شرعية من الواقف أو ناظر الوقف أو مجلس النظارة.","التأكيد السنوي لبيانات السجل التجاري لمؤسسة فردية. وزارة التجارة. التاجر · السجل التجاري · قطاع الأعمال. المستندات المطلوبة: - وجود ترخيص استثماري ساري المفعول للمؤسسة الأجنبية، بمدة لا تقل عن (30) يومًا.
- التحقق من الآتي في حال كانت المؤسسة جمعية تعاونية أو خيرية: - وجود شهادة تسجيل الجمعية لدى وزارة الموارد البشرية والتنمية الاجتماعية. - وجود وكالة أو تفويض من مجلس الجمعية لمقدم الطلب.
- التحقق من الآتي في حال كانت المؤسسة وقفية: - وجود صك الوقف. - وجود وكالة شرعية من الواقف أو ناظر الوقف أو مجلس النظارة.",التأكيد السنوي لبيانات السجل التجاري لمؤسسة فردية,وزارة التجارة,التاجر · السجل التجاري · قطاع الأعمال,https://mc.gov.sa/ar/eservices/Pages/ServiceDetails.aspx?sID=15
mc-15::ar::steps,mc-15,ar,steps,"- الدخول على المنصة: عبر النفاذ الوطني الموحد أو البريد الإلكتروني من خلال منصة المركز السعودي للأعمال.
- اختيار الخدمة: من ""الخدمات الإلكترونية"" > ""ممارسة الأعمال"" > ""وزارة التجارة"" > ""التأكيد السنوي لبيانات السجل التجاري لمؤسسة فردية""، ثم تحديد السجل التجاري والضغط على ""استمرار"".
- بدء الخدمة: عرض بيانات السجل التجاري، ثم الضغط على ""استمرار""، والموافقة على الشروط، ثم الضغط على ""التقديم على الخدمة"".
- تحديث البيانات: إضافة الأنشطة التجارية. - إدخال بيانات الترخيص. - تعديل رأس المال وبيانات التجارة الإلكترونية. - تعديل الاسم التجاري. - تعديل العنوان الوطني وبيانات الاتصال. - تعديل بيانات المديرين.
- تقديم الطلب: الضغط على ""تقديم الطلب"".
- الدفع والمتابعة: دفع الرسوم، استعراض الطلب، وطباعة الفاتورة. - بعد الدفع، يتم تنفيذ التأكيد السنوي بنجاح.","التأكيد السنوي لبيانات السجل التجاري لمؤسسة فردية. وزارة التجارة. التاجر · السجل التجاري · قطاع الأعمال. الخطوات: - الدخول على المنصة: عبر النفاذ الوطني الموحد أو البريد الإلكتروني من خلال منصة المركز السعودي للأعمال.
- اختيار الخدمة: من ""الخدمات الإلكترونية"" > ""ممارسة الأعمال"" > ""وزارة التجارة"" > ""التأكيد السنوي لبيانات السجل التجاري لمؤسسة فردية""، ثم تحديد السجل التجاري والضغط على ""استمرار"".
- بدء الخدمة: عرض بيانات السجل التجاري، ثم الضغط على ""استمرار""، والموافقة على الشروط، ثم الضغط على ""التقديم على الخدمة"".
- تحديث البيانات: إضافة الأنشطة التجارية. - إدخال بيانات الترخيص. - تعديل رأس المال وبيانات التجارة الإلكترونية. - تعديل الاسم التجاري. - تعديل العنوان الوطني وبيانات الاتصال. - تعديل بيانات المديرين.
- تقديم الطلب: الضغط على ""تقديم الطلب"".
- الدفع والمتابعة: دفع الرسوم، استعراض الطلب، وطباعة الفاتورة. - بعد الدفع، يتم تنفيذ التأكيد السنوي بنجاح.",التأكيد السنوي لبيانات السجل التجاري لمؤسسة فردية,وزارة التجارة,التاجر · السجل التجاري · قطاع الأعمال,https://mc.gov.sa/ar/eservices/Pages/ServiceDetails.aspx?sID=15
mc-15::ar::service_facts,mc-15,ar,service_facts,"الرسوم: 500
للتأكيد السنوي
مدة التنفيذ: فوري
الفئة المستفيدة: التاجر
لغة الخدمة: العربية والانجليزية","التأكيد السنوي لبيانات السجل التجاري لمؤسسة فردية. وزارة التجارة. التاجر · السجل التجاري · قطاع الأعمال. الرسوم وتفاصيل الخدمة: الرسوم: 500
للتأكيد السنوي
مدة التنفيذ: فوري
الفئة المستفيدة: التاجر
لغة الخدمة: العربية والانجليزية",التأكيد السنوي لبيانات السجل التجاري لمؤسسة فردية,وزارة التجارة,التاجر · السجل التجاري · قطاع الأعمال,https://mc.gov.sa/ar/eservices/Pages/ServiceDetails.aspx?sID=15
mc-16::en::overview,mc-16,en,overview,"An electronic service provided by the Ministry of Commerce, which enables beneficiaries, such as establishment owners or company managers, to add authorized individuals for certain services within selected entities. Additionally, they can manage and print authorizations electronically, eliminating the need to visit the Ministry branches.","E-Authorization. Ministry of Commerce. Merchant · Commercial Register · Business sector. Overview: An electronic service provided by the Ministry of Commerce, which enables beneficiaries, such as establishment owners or company managers, to add authorized individuals for certain services within selected entities. Additionally, they can manage and print authorizations electronically, eliminating the need to visit the Ministry branches.",E-Authorization,Ministry of Commerce,Merchant · Commercial Register · Business sector,https://mc.gov.sa/en/eservices/Pages/ServiceDetails.aspx?sID=16
mc-16::en::requirements,mc-16,en,requirements,Conditions: - There is no,E-Authorization. Ministry of Commerce. Merchant · Commercial Register · Business sector. Conditions: Conditions: - There is no,E-Authorization,Ministry of Commerce,Merchant · Commercial Register · Business sector,https://mc.gov.sa/en/eservices/Pages/ServiceDetails.aspx?sID=16
mc-16::en::documents,mc-16,en,documents,- There is no,E-Authorization. Ministry of Commerce. Merchant · Commercial Register · Business sector. Required documents: - There is no,E-Authorization,Ministry of Commerce,Merchant · Commercial Register · Business sector,https://mc.gov.sa/en/eservices/Pages/ServiceDetails.aspx?sID=16
mc-16::en::steps,mc-16,en,steps,"- Click on start service.
- Log in to the system using your username and password or log in with your national access account.
- Click on the icon “Add a Delegate”.","E-Authorization. Ministry of Commerce. Merchant · Commercial Register · Business sector. Steps: - Click on start service.
- Log in to the system using your username and password or log in with your national access account.
- Click on the icon “Add a Delegate”.",E-Authorization,Ministry of Commerce,Merchant · Commercial Register · Business sector,https://mc.gov.sa/en/eservices/Pages/ServiceDetails.aspx?sID=16
mc-16::en::service_facts,mc-16,en,service_facts,"Fees: Free
Processing time: immediately
Beneficiaries: Merchant
Service languages: Arabic","E-Authorization. Ministry of Commerce. Merchant · Commercial Register · Business sector. Fees & service details: Fees: Free
Processing time: immediately
Beneficiaries: Merchant
Service languages: Arabic",E-Authorization,Ministry of Commerce,Merchant · Commercial Register · Business sector,https://mc.gov.sa/en/eservices/Pages/ServiceDetails.aspx?sID=16
mc-16::ar::overview,mc-16,ar,overview,خدمة إلكترونية تقدمها وزارة التجارة، تتيح للمستفيدين مالك المؤسسة أو مدير الشركة من إضافة مُفَوَّضِين لخدمات معينة ضمن جهات يتم اختيارها، كما يمكن له إدارة التفويض وطباعته، إلكترونيًا دون الحاجة إلى مراجعة فروع الوزارة.,التفويض الإلكتروني. وزارة التجارة. التاجر · السجل التجاري · قطاع الأعمال. نظرة عامة: خدمة إلكترونية تقدمها وزارة التجارة، تتيح للمستفيدين مالك المؤسسة أو مدير الشركة من إضافة مُفَوَّضِين لخدمات معينة ضمن جهات يتم اختيارها، كما يمكن له إدارة التفويض وطباعته، إلكترونيًا دون الحاجة إلى مراجعة فروع الوزارة.,التفويض الإلكتروني,وزارة التجارة,التاجر · السجل التجاري · قطاع الأعمال,https://mc.gov.sa/ar/eservices/Pages/ServiceDetails.aspx?sID=16
mc-16::ar::requirements,mc-16,ar,requirements,الشروط: - لا يوجد,التفويض الإلكتروني. وزارة التجارة. التاجر · السجل التجاري · قطاع الأعمال. الشروط: الشروط: - لا يوجد,التفويض الإلكتروني,وزارة التجارة,التاجر · السجل التجاري · قطاع الأعمال,https://mc.gov.sa/ar/eservices/Pages/ServiceDetails.aspx?sID=16
mc-16::ar::documents,mc-16,ar,documents,- لا يوجد,التفويض الإلكتروني. وزارة التجارة. التاجر · السجل التجاري · قطاع الأعمال. المستندات المطلوبة: - لا يوجد,التفويض الإلكتروني,وزارة التجارة,التاجر · السجل التجاري · قطاع الأعمال,https://mc.gov.sa/ar/eservices/Pages/ServiceDetails.aspx?sID=16
mc-16::ar::steps,mc-16,ar,steps,"- الضغط على إبدأ الخدمة.
- تسجيل الدخول على النظام عبر اسم المسخدم وكلمة المرور او الدخول بحساب النفاذ الوطني.
- الضغط على أيقونة إضافة المفوض.","التفويض الإلكتروني. وزارة التجارة. التاجر · السجل التجاري · قطاع الأعمال. الخطوات: - الضغط على إبدأ الخدمة.
- تسجيل الدخول على النظام عبر اسم المسخدم وكلمة المرور او الدخول بحساب النفاذ الوطني.
- الضغط على أيقونة إضافة المفوض.",التفويض الإلكتروني,وزارة التجارة,التاجر · السجل التجاري · قطاع الأعمال,https://mc.gov.sa/ar/eservices/Pages/ServiceDetails.aspx?sID=16
mc-16::ar::service_facts,mc-16,ar,service_facts,"الرسوم: مجانية
مدة التنفيذ: فوري
الفئة المستفيدة: التاجر
لغة الخدمة: العربية","التفويض الإلكتروني. وزارة التجارة. التاجر · السجل التجاري · قطاع الأعمال. الرسوم وتفاصيل الخدمة: الرسوم: مجانية
مدة التنفيذ: فوري
الفئة المستفيدة: التاجر
لغة الخدمة: العربية",التفويض الإلكتروني,وزارة التجارة,التاجر · السجل التجاري · قطاع الأعمال,https://mc.gov.sa/ar/eservices/Pages/ServiceDetails.aspx?sID=16
mc-17::en::overview,mc-17,en,overview,"An electronic service provided by the Ministry of Commerce, which allows beneficiaries to report any practices that may constitute a violation of the Companies Law and its Executive Regulations. The Ministry appreciates the sense of honesty and national responsibility of those who initiate reporting, which contributes to enhancing commitment and transparency, through electronic reporting channels without the need to visit the Ministry’s branches.","Complaints of violations of the companies system. Ministry of Commerce. Merchant · companies · business sector. Overview: An electronic service provided by the Ministry of Commerce, which allows beneficiaries to report any practices that may constitute a violation of the Companies Law and its Executive Regulations. The Ministry appreciates the sense of honesty and national responsibility of those who initiate reporting, which contributes to enhancing commitment and transparency, through electronic reporting channels without the need to visit the Ministry’s branches.",Complaints of violations of the companies system,Ministry of Commerce,Merchant · companies · business sector,https://mc.gov.sa/en/eservices/Pages/ServiceDetails.aspx?sID=17
mc-17::en::requirements,mc-17,en,requirements,"Conditions: - National ID data for Saudis and citizens of the Gulf States - or resident ID data for non-Saudis - or passport data.
- A copy of the legal power of attorney and national ID data for the legal agent.
- The defendant's data - a copy of the documents supporting the report.","Complaints of violations of the companies system. Ministry of Commerce. Merchant · companies · business sector. Conditions: Conditions: - National ID data for Saudis and citizens of the Gulf States - or resident ID data for non-Saudis - or passport data.
- A copy of the legal power of attorney and national ID data for the legal agent.
- The defendant's data - a copy of the documents supporting the report.",Complaints of violations of the companies system,Ministry of Commerce,Merchant · companies · business sector,https://mc.gov.sa/en/eservices/Pages/ServiceDetails.aspx?sID=17
mc-17::en::documents,mc-17,en,documents,- Attach supporting documents for the violation.,Complaints of violations of the companies system. Ministry of Commerce. Merchant · companies · business sector. Required documents: - Attach supporting documents for the violation.,Complaints of violations of the companies system,Ministry of Commerce,Merchant · companies · business sector,https://mc.gov.sa/en/eservices/Pages/ServiceDetails.aspx?sID=17
mc-17::en::steps,mc-17,en,steps,"- Click on Start Service.
- Log in via National Access.
- Fill in the data indicated within the service.
- Send the request.","Complaints of violations of the companies system. Ministry of Commerce. Merchant · companies · business sector. Steps: - Click on Start Service.
- Log in via National Access.
- Fill in the data indicated within the service.
- Send the request.",Complaints of violations of the companies system,Ministry of Commerce,Merchant · companies · business sector,https://mc.gov.sa/en/eservices/Pages/ServiceDetails.aspx?sID=17
mc-17::en::service_facts,mc-17,en,service_facts,"Fees: Free
Processing time: 10 working days
Beneficiaries: Merchant
Business sector
Service languages: Arabic","Complaints of violations of the companies system. Ministry of Commerce. Merchant · companies · business sector. Fees & service details: Fees: Free
Processing time: 10 working days
Beneficiaries: Merchant
Business sector
Service languages: Arabic",Complaints of violations of the companies system,Ministry of Commerce,Merchant · companies · business sector,https://mc.gov.sa/en/eservices/Pages/ServiceDetails.aspx?sID=17
mc-17::ar::overview,mc-17,ar,overview,خدمة إلكترونية تقدمها وزارة التجارة، تتيح للمستفيدين من الإبلاغ عن أي ممارسات قد تشكل مخالفة لنظام الشركات ولائحته التنفيذية. وتُقدّر الوزارة حس الأمانة والمسؤولية الوطنية للمبادرين بالإبلاغ، مما يسهم في تعزيز الالتزام والشفافية، وذلك عبر قنوات الإبلاغ إلكترونيًا دون الحاجة إلى مراجعة فروع الوزارة.,شكاوى مخالفات نظام الشركات. وزارة التجارة. التاجر · الشركات · قطاع الأعمال. نظرة عامة: خدمة إلكترونية تقدمها وزارة التجارة، تتيح للمستفيدين من الإبلاغ عن أي ممارسات قد تشكل مخالفة لنظام الشركات ولائحته التنفيذية. وتُقدّر الوزارة حس الأمانة والمسؤولية الوطنية للمبادرين بالإبلاغ، مما يسهم في تعزيز الالتزام والشفافية، وذلك عبر قنوات الإبلاغ إلكترونيًا دون الحاجة إلى مراجعة فروع الوزارة.,شكاوى مخالفات نظام الشركات,وزارة التجارة,التاجر · الشركات · قطاع الأعمال,https://mc.gov.sa/ar/eservices/Pages/ServiceDetails.aspx?sID=17
mc-17::ar::requirements,mc-17,ar,requirements,"الشروط: - بيانات الهوية الوطنية للسعوديين ومواطني دول الخليج العربي - أو بيانات هوية مقيم لغير السعوديين - أو بيانات جواز السفر.
- صورة من الوكالة الشرعية وبيانات الهوية الوطنية للوكيل الشرعي.
- بيانات المشتكى عليه - صورة من المستندات المؤيدة للبلاغ.","شكاوى مخالفات نظام الشركات. وزارة التجارة. التاجر · الشركات · قطاع الأعمال. الشروط: الشروط: - بيانات الهوية الوطنية للسعوديين ومواطني دول الخليج العربي - أو بيانات هوية مقيم لغير السعوديين - أو بيانات جواز السفر.
- صورة من الوكالة الشرعية وبيانات الهوية الوطنية للوكيل الشرعي.
- بيانات المشتكى عليه - صورة من المستندات المؤيدة للبلاغ.",شكاوى مخالفات نظام الشركات,وزارة التجارة,التاجر · الشركات · قطاع الأعمال,https://mc.gov.sa/ar/eservices/Pages/ServiceDetails.aspx?sID=17
mc-17::ar::documents,mc-17,ar,documents,- إرفاق المستندات الداعمة لوقوع المخالفة.,شكاوى مخالفات نظام الشركات. وزارة التجارة. التاجر · الشركات · قطاع الأعمال. المستندات المطلوبة: - إرفاق المستندات الداعمة لوقوع المخالفة.,شكاوى مخالفات نظام الشركات,وزارة التجارة,التاجر · الشركات · قطاع الأعمال,https://mc.gov.sa/ar/eservices/Pages/ServiceDetails.aspx?sID=17
mc-17::ar::steps,mc-17,ar,steps,"- الضغط على إبدأ الخدمة.
- تسجيل الدخول عبر النفاذ الوطني.
- تعبئة البيانات المشار اليها داخل الخدمة.
- ارسال الطلب .","شكاوى مخالفات نظام الشركات. وزارة التجارة. التاجر · الشركات · قطاع الأعمال. الخطوات: - الضغط على إبدأ الخدمة.
- تسجيل الدخول عبر النفاذ الوطني.
- تعبئة البيانات المشار اليها داخل الخدمة.
- ارسال الطلب .",شكاوى مخالفات نظام الشركات,وزارة التجارة,التاجر · الشركات · قطاع الأعمال,https://mc.gov.sa/ar/eservices/Pages/ServiceDetails.aspx?sID=17
mc-17::ar::service_facts,mc-17,ar,service_facts,"الرسوم: مجانية
مدة التنفيذ: 10 أيام عمل
الفئة المستفيدة: التاجر
قطاع الأعمال
لغة الخدمة: العربية","شكاوى مخالفات نظام الشركات. وزارة التجارة. التاجر · الشركات · قطاع الأعمال. الرسوم وتفاصيل الخدمة: الرسوم: مجانية
مدة التنفيذ: 10 أيام عمل
الفئة المستفيدة: التاجر
قطاع الأعمال
لغة الخدمة: العربية",شكاوى مخالفات نظام الشركات,وزارة التجارة,التاجر · الشركات · قطاع الأعمال,https://mc.gov.sa/ar/eservices/Pages/ServiceDetails.aspx?sID=17
mc-18::en::overview,mc-18,en,overview,"An electronic service provided by the Ministry of Commerce, allowing beneficiaries to inquire about existing commercial agencies registered with the Ministry directly, electronically, without having to visit the Ministry's branches.","Inquire about existing commercial agencies. Ministry of Commerce. Merchant · commercial agencies · Business sector. Overview: An electronic service provided by the Ministry of Commerce, allowing beneficiaries to inquire about existing commercial agencies registered with the Ministry directly, electronically, without having to visit the Ministry's branches.",Inquire about existing commercial agencies,Ministry of Commerce,Merchant · commercial agencies · Business sector,https://mc.gov.sa/en/eservices/Pages/ServiceDetails.aspx?sID=18
mc-18::en::requirements,mc-18,en,requirements,Conditions: - There is no,Inquire about existing commercial agencies. Ministry of Commerce. Merchant · commercial agencies · Business sector. Conditions: Conditions: - There is no,Inquire about existing commercial agencies,Ministry of Commerce,Merchant · commercial agencies · Business sector,https://mc.gov.sa/en/eservices/Pages/ServiceDetails.aspx?sID=18
mc-18::en::documents,mc-18,en,documents,- There is no,Inquire about existing commercial agencies. Ministry of Commerce. Merchant · commercial agencies · Business sector. Required documents: - There is no,Inquire about existing commercial agencies,Ministry of Commerce,Merchant · commercial agencies · Business sector,https://mc.gov.sa/en/eservices/Pages/ServiceDetails.aspx?sID=18
mc-18::en::steps,mc-18,en,steps,"- Click the ""Start Service"" icon.
- Enter the search and inquiry information using one of the following options (agency number, agent name, agent's unified national number, principal's name in English, principal's name in Arabic).","Inquire about existing commercial agencies. Ministry of Commerce. Merchant · commercial agencies · Business sector. Steps: - Click the ""Start Service"" icon.
- Enter the search and inquiry information using one of the following options (agency number, agent name, agent's unified national number, principal's name in English, principal's name in Arabic).",Inquire about existing commercial agencies,Ministry of Commerce,Merchant · commercial agencies · Business sector,https://mc.gov.sa/en/eservices/Pages/ServiceDetails.aspx?sID=18
mc-18::en::service_facts,mc-18,en,service_facts,"Fees: Free
Processing time: immediately
Beneficiaries: Merchant
Service languages: Arabic","Inquire about existing commercial agencies. Ministry of Commerce. Merchant · commercial agencies · Business sector. Fees & service details: Fees: Free
Processing time: immediately
Beneficiaries: Merchant
Service languages: Arabic",Inquire about existing commercial agencies,Ministry of Commerce,Merchant · commercial agencies · Business sector,https://mc.gov.sa/en/eservices/Pages/ServiceDetails.aspx?sID=18
mc-18::ar::overview,mc-18,ar,overview,خدمة إلكترونية تقدمها وزارة التجارة، تتيح للمستفيدين الاستعلام عن قيود الوكالات التجارية القائمة المسجلة لدى الوزارة مباشرة، إلكترونيًا دون الحاجة إلى مراجعة فروع الوزارة.,الاستعلام عن الوكالات التجارية القائمة. وزارة التجارة. التاجر · الوكالات التجارية · قطاع الأعمال. نظرة عامة: خدمة إلكترونية تقدمها وزارة التجارة، تتيح للمستفيدين الاستعلام عن قيود الوكالات التجارية القائمة المسجلة لدى الوزارة مباشرة، إلكترونيًا دون الحاجة إلى مراجعة فروع الوزارة.,الاستعلام عن الوكالات التجارية القائمة,وزارة التجارة,التاجر · الوكالات التجارية · قطاع الأعمال,https://mc.gov.sa/ar/eservices/Pages/ServiceDetails.aspx?sID=18
mc-18::ar::requirements,mc-18,ar,requirements,الشروط: - لا يوجد,الاستعلام عن الوكالات التجارية القائمة. وزارة التجارة. التاجر · الوكالات التجارية · قطاع الأعمال. الشروط: الشروط: - لا يوجد,الاستعلام عن الوكالات التجارية القائمة,وزارة التجارة,التاجر · الوكالات التجارية · قطاع الأعمال,https://mc.gov.sa/ar/eservices/Pages/ServiceDetails.aspx?sID=18
mc-18::ar::documents,mc-18,ar,documents,- لا يوجد,الاستعلام عن الوكالات التجارية القائمة. وزارة التجارة. التاجر · الوكالات التجارية · قطاع الأعمال. المستندات المطلوبة: - لا يوجد,الاستعلام عن الوكالات التجارية القائمة,وزارة التجارة,التاجر · الوكالات التجارية · قطاع الأعمال,https://mc.gov.sa/ar/eservices/Pages/ServiceDetails.aspx?sID=18
mc-18::ar::steps,mc-18,ar,steps,"- الضغط على أيقونة ""ابدأ الخدمة"".
- إدخال بيانات البحث والاستعلام باستخدام أحد الخيارات التالية (رقم الوكالة، اسم الوكيل، الرقم الوطني الموحد للوكيل، اسم الموكل باللغة الإنجليزية، اسم الموكل باللغة العربية).","الاستعلام عن الوكالات التجارية القائمة. وزارة التجارة. التاجر · الوكالات التجارية · قطاع الأعمال. الخطوات: - الضغط على أيقونة ""ابدأ الخدمة"".
- إدخال بيانات البحث والاستعلام باستخدام أحد الخيارات التالية (رقم الوكالة، اسم الوكيل، الرقم الوطني الموحد للوكيل، اسم الموكل باللغة الإنجليزية، اسم الموكل باللغة العربية).",الاستعلام عن الوكالات التجارية القائمة,وزارة التجارة,التاجر · الوكالات التجارية · قطاع الأعمال,https://mc.gov.sa/ar/eservices/Pages/ServiceDetails.aspx?sID=18
mc-18::ar::service_facts,mc-18,ar,service_facts,"الرسوم: مجانية
مدة التنفيذ: فوري
الفئة المستفيدة: التاجر
لغة الخدمة: العربية","الاستعلام عن الوكالات التجارية القائمة. وزارة التجارة. التاجر · الوكالات التجارية · قطاع الأعمال. الرسوم وتفاصيل الخدمة: الرسوم: مجانية
مدة التنفيذ: فوري
الفئة المستفيدة: التاجر
لغة الخدمة: العربية",الاستعلام عن الوكالات التجارية القائمة,وزارة التجارة,التاجر · الوكالات التجارية · قطاع الأعمال,https://mc.gov.sa/ar/eservices/Pages/ServiceDetails.aspx?sID=18
mc-19::en::overview,mc-19,en,overview,"An electronic service provided by the Ministry of Commerce, which enables users to check the status of transactions recorded in the Ministry's system. This can be done by using the transaction number and the date of the Hijri year, facilitating inquiries for transactions made by individuals electronically, without the necessity of visiting the Ministry branches.","Transaction Inquiry Service. Ministry of Commerce. Business sector. Overview: An electronic service provided by the Ministry of Commerce, which enables users to check the status of transactions recorded in the Ministry's system. This can be done by using the transaction number and the date of the Hijri year, facilitating inquiries for transactions made by individuals electronically, without the necessity of visiting the Ministry branches.",Transaction Inquiry Service,Ministry of Commerce,Business sector,https://mc.gov.sa/en/eservices/Pages/ServiceDetails.aspx?sID=19
mc-19::en::requirements,mc-19,en,requirements,Conditions: - There is no,Transaction Inquiry Service. Ministry of Commerce. Business sector. Conditions: Conditions: - There is no,Transaction Inquiry Service,Ministry of Commerce,Business sector,https://mc.gov.sa/en/eservices/Pages/ServiceDetails.aspx?sID=19
mc-19::en::documents,mc-19,en,documents,- There is no,Transaction Inquiry Service. Ministry of Commerce. Business sector. Required documents: - There is no,Transaction Inquiry Service,Ministry of Commerce,Business sector,https://mc.gov.sa/en/eservices/Pages/ServiceDetails.aspx?sID=19
mc-19::en::steps,mc-19,en,steps,"- Click on Start Service
- Log in to your account (username and password or national access).
- Enter the required data to inquire about the status of the transaction (ID / residency number - transaction number - specify the Hijri year).
- View the results of the inquiry about the status of the transaction.","Transaction Inquiry Service. Ministry of Commerce. Business sector. Steps: - Click on Start Service
- Log in to your account (username and password or national access).
- Enter the required data to inquire about the status of the transaction (ID / residency number - transaction number - specify the Hijri year).
- View the results of the inquiry about the status of the transaction.",Transaction Inquiry Service,Ministry of Commerce,Business sector,https://mc.gov.sa/en/eservices/Pages/ServiceDetails.aspx?sID=19
mc-19::en::service_facts,mc-19,en,service_facts,"Fees: Free
Processing time: immediately
Beneficiaries: Consumer
Merchant
Citizens and residents
Service languages: Arabic","Transaction Inquiry Service. Ministry of Commerce. Business sector. Fees & service details: Fees: Free
Processing time: immediately
Beneficiaries: Consumer
Merchant
Citizens and residents
Service languages: Arabic",Transaction Inquiry Service,Ministry of Commerce,Business sector,https://mc.gov.sa/en/eservices/Pages/ServiceDetails.aspx?sID=19
mc-19::ar::overview,mc-19,ar,overview,خدمة إلكترونية تقدمها وزارة التجارة، تتيح للمستفيدين من الاستعلام عن حالة المعاملات المقيدة في سجلات وزارة التجارة (نظام معاملات) من خلال رقم المعاملة وتاريخ السنة الهجرية، وهي للمعاملات المقدمة من الأفراد، إلكترونيًا دون الحاجة إلى مراجعة فروع الوزارة.,خدمة الاستعلام عن المعاملات. وزارة التجارة. قطاع الأعمال. نظرة عامة: خدمة إلكترونية تقدمها وزارة التجارة، تتيح للمستفيدين من الاستعلام عن حالة المعاملات المقيدة في سجلات وزارة التجارة (نظام معاملات) من خلال رقم المعاملة وتاريخ السنة الهجرية، وهي للمعاملات المقدمة من الأفراد، إلكترونيًا دون الحاجة إلى مراجعة فروع الوزارة.,خدمة الاستعلام عن المعاملات,وزارة التجارة,قطاع الأعمال,https://mc.gov.sa/ar/eservices/Pages/ServiceDetails.aspx?sID=19
mc-19::ar::requirements,mc-19,ar,requirements,الشروط: - لا يوجد,خدمة الاستعلام عن المعاملات. وزارة التجارة. قطاع الأعمال. الشروط: الشروط: - لا يوجد,خدمة الاستعلام عن المعاملات,وزارة التجارة,قطاع الأعمال,https://mc.gov.sa/ar/eservices/Pages/ServiceDetails.aspx?sID=19
mc-19::ar::documents,mc-19,ar,documents,- لا يوجد,خدمة الاستعلام عن المعاملات. وزارة التجارة. قطاع الأعمال. المستندات المطلوبة: - لا يوجد,خدمة الاستعلام عن المعاملات,وزارة التجارة,قطاع الأعمال,https://mc.gov.sa/ar/eservices/Pages/ServiceDetails.aspx?sID=19
mc-19::ar::steps,mc-19,ar,steps,"- الضغط على ابدأ الخدمة
- الدخول إلى الحساب (اسم المستخدم وكلمة المرور او النفاذ الوطني ).
- ادخال البيانات المطلوبة للاستعلام عن المعاملات (رقم الهوية / الإقامة - رقم المعاملة - تحديد السنة الهجرية)
- الاطلاع على نتائج الاستعلام عن المعاملات","خدمة الاستعلام عن المعاملات. وزارة التجارة. قطاع الأعمال. الخطوات: - الضغط على ابدأ الخدمة
- الدخول إلى الحساب (اسم المستخدم وكلمة المرور او النفاذ الوطني ).
- ادخال البيانات المطلوبة للاستعلام عن المعاملات (رقم الهوية / الإقامة - رقم المعاملة - تحديد السنة الهجرية)
- الاطلاع على نتائج الاستعلام عن المعاملات",خدمة الاستعلام عن المعاملات,وزارة التجارة,قطاع الأعمال,https://mc.gov.sa/ar/eservices/Pages/ServiceDetails.aspx?sID=19
mc-19::ar::service_facts,mc-19,ar,service_facts,"الرسوم: مجانية
مدة التنفيذ: فوري
الفئة المستفيدة: المستهلك
التاجر
المواطنين والمقيمين
لغة الخدمة: العربية","خدمة الاستعلام عن المعاملات. وزارة التجارة. قطاع الأعمال. الرسوم وتفاصيل الخدمة: الرسوم: مجانية
مدة التنفيذ: فوري
الفئة المستفيدة: المستهلك
التاجر
المواطنين والمقيمين
لغة الخدمة: العربية",خدمة الاستعلام عن المعاملات,وزارة التجارة,قطاع الأعمال,https://mc.gov.sa/ar/eservices/Pages/ServiceDetails.aspx?sID=19
mc-20::en::overview,mc-20,en,overview,"An electronic service provided by the Ministry of Commerce through the Saudi Business Center platform, which allows beneficiaries to start practicing commercial activity and submit a request for a contract to establish foreign companies, pursuant to an investment license issued by the Ministry of Investment, without the need to visit service centers.","Establishing a Company Under an Investment License. Ministry of Commerce. Companies · Business Sector · Investor. Overview: An electronic service provided by the Ministry of Commerce through the Saudi Business Center platform, which allows beneficiaries to start practicing commercial activity and submit a request for a contract to establish foreign companies, pursuant to an investment license issued by the Ministry of Investment, without the need to visit service centers.",Establishing a Company Under an Investment License,Ministry of Commerce,Companies · Business Sector · Investor,https://mc.gov.sa/en/eservices/Pages/ServiceDetails.aspx?sID=20
mc-20::en::requirements,mc-20,en,requirements,"Conditions: - A valid investment certificate for at least 30 days must be available.
- A legal document must be available if one of the partners is a government entity, entitling them to establish a company or participate in one.
- A license from the Saudi Central Bank must be available if the activity requires it.
- The commercial registration must not be cancelled or suspended if one of the partners is a legal partner.
- The age must not be less than 18 years.
- The partners must not be government employees.
- Verify the following if the company is a professional company: - The partners must have a valid professional license. - The percentage of licensed Saudi partners in the joint venture must not be less than 25%. - The percentage of licensed partners must not be less than 70%.","Establishing a Company Under an Investment License. Ministry of Commerce. Companies · Business Sector · Investor. Conditions: Conditions: - A valid investment certificate for at least 30 days must be available.
- A legal document must be available if one of the partners is a government entity, entitling them to establish a company or participate in one.
- A license from the Saudi Central Bank must be available if the activity requires it.
- The commercial registration must not be cancelled or suspended if one of the partners is a legal partner.
- The age must not be less than 18 years.
- The partners must not be government employees.
- Verify the following if the company is a professional company: - The partners must have a valid professional license. - The percentage of licensed Saudi partners in the joint venture must not be less than 25%. - The percentage of licensed partners must not be less than 70%.",Establishing a Company Under an Investment License,Ministry of Commerce,Companies · Business Sector · Investor,https://mc.gov.sa/en/eservices/Pages/ServiceDetails.aspx?sID=20
mc-20::en::documents,mc-20,en,documents,- The existence of a valid investment license.,Establishing a Company Under an Investment License. Ministry of Commerce. Companies · Business Sector · Investor. Required documents: - The existence of a valid investment license.,Establishing a Company Under an Investment License,Ministry of Commerce,Companies · Business Sector · Investor,https://mc.gov.sa/en/eservices/Pages/ServiceDetails.aspx?sID=20
mc-20::en::steps,mc-20,en,steps,"- Log in to the Saudi Business Center platform
- Choose the service of establishing a company under an investment license
- Click on Start the service
- Specify the number of partners
- Specify the company’s status
- Apply for the service
- Duration of the record and the location of the company’s activities and purposes
- Partners’ data
- Commercial register data
- Company data
- Company management data
- Company contract data
- Request summary","Establishing a Company Under an Investment License. Ministry of Commerce. Companies · Business Sector · Investor. Steps: - Log in to the Saudi Business Center platform
- Choose the service of establishing a company under an investment license
- Click on Start the service
- Specify the number of partners
- Specify the company’s status
- Apply for the service
- Duration of the record and the location of the company’s activities and purposes
- Partners’ data
- Commercial register data
- Company data
- Company management data
- Company contract data
- Request summary",Establishing a Company Under an Investment License,Ministry of Commerce,Companies · Business Sector · Investor,https://mc.gov.sa/en/eservices/Pages/ServiceDetails.aspx?sID=20
mc-20::en::service_facts,mc-20,en,service_facts,"Fees: 1,600 for a joint-stock company or simplified joint-stock company
1,200 for a limited liability company
1,000 for a general partnership or limited partnership
500 for publication fees
15% VAT
Processing time: Within 72 hours
Beneficiaries: Merchant
Service languages: Arabic and English","Establishing a Company Under an Investment License. Ministry of Commerce. Companies · Business Sector · Investor. Fees & service details: Fees: 1,600 for a joint-stock company or simplified joint-stock company
1,200 for a limited liability company
1,000 for a general partnership or limited partnership
500 for publication fees
15% VAT
Processing time: Within 72 hours
Beneficiaries: Merchant
Service languages: Arabic and English",Establishing a Company Under an Investment License,Ministry of Commerce,Companies · Business Sector · Investor,https://mc.gov.sa/en/eservices/Pages/ServiceDetails.aspx?sID=20
mc-20::ar::overview,mc-20,ar,overview,خدمة إلكترونية تقدمها وزارة التجارة عبر منصة المركز السعودي للأعمال، تتيح للمستفيدين من البدء في ممارسة النشاط التجاري وتقديم طلب عقد تأسيس الشركات الأجنبية وذلك بموجب رخصة استثمار صادرة من وزارة الاستثمار، دون الحاجة إلى زيارة مراكز الخدمة.,تأسيس شركة بموجب ترخيص استثماري. وزارة التجارة. الشركات · قطاع الأعمال · المستثمر. نظرة عامة: خدمة إلكترونية تقدمها وزارة التجارة عبر منصة المركز السعودي للأعمال، تتيح للمستفيدين من البدء في ممارسة النشاط التجاري وتقديم طلب عقد تأسيس الشركات الأجنبية وذلك بموجب رخصة استثمار صادرة من وزارة الاستثمار، دون الحاجة إلى زيارة مراكز الخدمة.,تأسيس شركة بموجب ترخيص استثماري,وزارة التجارة,الشركات · قطاع الأعمال · المستثمر,https://mc.gov.sa/ar/eservices/Pages/ServiceDetails.aspx?sID=20
mc-20::ar::requirements,mc-20,ar,requirements,"الشروط: - وجود شهادة استثمار سارية المفعول لمدة لا تقل عن 30 يومًا.
- وجود سند نظامي في حال كان أحد الشركاء جهة حكومية؛ يخوله الحق لتأسيس شركة أو المشاركة في شركة.
- وجود ترخيص من البنك المركزي السعودي في حال كان النشاط يتطلب ذلك.
- ألا يكون السجل التجاري مشطوبًا أو معلقًا، في حال كان أحد الشركاء شريكًا اعتباريًا.
- ألا يقل العمر عن 18 سنة.
- ألا يكون الشركاء موظفين حكوميين.
- التحقق من الآتي في حال كانت صفة الشركة (مهنية): - وجود رخصة مهنية سارية المفعول للشركاء. - ألا تقل نسبة الشريك السعودي المرخص في الشركة المختلطة عن 25%. - ألا تقل نسبة الشركاء المرخصين عن 70%.","تأسيس شركة بموجب ترخيص استثماري. وزارة التجارة. الشركات · قطاع الأعمال · المستثمر. الشروط: الشروط: - وجود شهادة استثمار سارية المفعول لمدة لا تقل عن 30 يومًا.
- وجود سند نظامي في حال كان أحد الشركاء جهة حكومية؛ يخوله الحق لتأسيس شركة أو المشاركة في شركة.
- وجود ترخيص من البنك المركزي السعودي في حال كان النشاط يتطلب ذلك.
- ألا يكون السجل التجاري مشطوبًا أو معلقًا، في حال كان أحد الشركاء شريكًا اعتباريًا.
- ألا يقل العمر عن 18 سنة.
- ألا يكون الشركاء موظفين حكوميين.
- التحقق من الآتي في حال كانت صفة الشركة (مهنية): - وجود رخصة مهنية سارية المفعول للشركاء. - ألا تقل نسبة الشريك السعودي المرخص في الشركة المختلطة عن 25%. - ألا تقل نسبة الشركاء المرخصين عن 70%.",تأسيس شركة بموجب ترخيص استثماري,وزارة التجارة,الشركات · قطاع الأعمال · المستثمر,https://mc.gov.sa/ar/eservices/Pages/ServiceDetails.aspx?sID=20
mc-20::ar::documents,mc-20,ar,documents,- وجود رخصة استثمار سارية المفعول,تأسيس شركة بموجب ترخيص استثماري. وزارة التجارة. الشركات · قطاع الأعمال · المستثمر. المستندات المطلوبة: - وجود رخصة استثمار سارية المفعول,تأسيس شركة بموجب ترخيص استثماري,وزارة التجارة,الشركات · قطاع الأعمال · المستثمر,https://mc.gov.sa/ar/eservices/Pages/ServiceDetails.aspx?sID=20
mc-20::ar::steps,mc-20,ar,steps,"- الدخول على منصة المركز السعودي للأعمال
- اختيار خدمة تأسيس شركة بموجب شهادة استثمار
- اضغط على ابدا الخدمة
- تحديد عدد الشركاء
- تحديد صفة الشركة
- التقديم على الخدمة
- مدة السجل و مقر أنشطة و أغراض الشركة
- بيانات الشركاء
- بيانات السجل التجاري
- بيانات الشركة
- بيانات إدارة الشركة
- بيانات عقد الشركة
- ملخص الطلب","تأسيس شركة بموجب ترخيص استثماري. وزارة التجارة. الشركات · قطاع الأعمال · المستثمر. الخطوات: - الدخول على منصة المركز السعودي للأعمال
- اختيار خدمة تأسيس شركة بموجب شهادة استثمار
- اضغط على ابدا الخدمة
- تحديد عدد الشركاء
- تحديد صفة الشركة
- التقديم على الخدمة
- مدة السجل و مقر أنشطة و أغراض الشركة
- بيانات الشركاء
- بيانات السجل التجاري
- بيانات الشركة
- بيانات إدارة الشركة
- بيانات عقد الشركة
- ملخص الطلب",تأسيس شركة بموجب ترخيص استثماري,وزارة التجارة,الشركات · قطاع الأعمال · المستثمر,https://mc.gov.sa/ar/eservices/Pages/ServiceDetails.aspx?sID=20
mc-20::ar::service_facts,mc-20,ar,service_facts,"الرسوم: 1600
لشركة مساهمة، مساهمة مبسطة
1200
لشركة ذات مسؤولية محدودة
1000
لشركة تضامنية، توصية بسيطة
500
لرسوم النشر
15% ضريبة القيمة المضافة
مدة التنفيذ: خلال 72 ساعة
الفئة المستفيدة: التاجر
لغة الخدمة: العربية والانجليزية","تأسيس شركة بموجب ترخيص استثماري. وزارة التجارة. الشركات · قطاع الأعمال · المستثمر. الرسوم وتفاصيل الخدمة: الرسوم: 1600
لشركة مساهمة، مساهمة مبسطة
1200
لشركة ذات مسؤولية محدودة
1000
لشركة تضامنية، توصية بسيطة
500
لرسوم النشر
15% ضريبة القيمة المضافة
مدة التنفيذ: خلال 72 ساعة
الفئة المستفيدة: التاجر
لغة الخدمة: العربية والانجليزية",تأسيس شركة بموجب ترخيص استثماري,وزارة التجارة,الشركات · قطاع الأعمال · المستثمر,https://mc.gov.sa/ar/eservices/Pages/ServiceDetails.aspx?sID=20
mc-21::en::overview,mc-21,en,overview,"An electronic service provided by the Ministry of Commerce through the Saudi Business Center platform that allows beneficiaries to transfer a trade name registered in the commercial register to a company branch, acting independently of the store, without the need to visit service centers.","Assignment of Trade Name for Company Branch. Ministry of Commerce. Merchant · Brand Names · Business sector. Overview: An electronic service provided by the Ministry of Commerce through the Saudi Business Center platform that allows beneficiaries to transfer a trade name registered in the commercial register to a company branch, acting independently of the store, without the need to visit service centers.",Assignment of Trade Name for Company Branch,Ministry of Commerce,Merchant · Brand Names · Business sector,https://mc.gov.sa/en/eservices/Pages/ServiceDetails.aspx?sID=21
mc-21::en::requirements,mc-21,en,requirements,"Conditions: - The applicant or beneficiary must be at least 18 years old.
- The applicant or beneficiary must not be a government employee.
- The name must not be a personal name.
- The branch name must not be identical to the main company name.
- The applicant must be a manager or authorized representative of the company through the Tafawed platform.
- The name must be registered in an active commercial register.
- The transferee must have the same family name, if the trade name is a family name.","Assignment of Trade Name for Company Branch. Ministry of Commerce. Merchant · Brand Names · Business sector. Conditions: Conditions: - The applicant or beneficiary must be at least 18 years old.
- The applicant or beneficiary must not be a government employee.
- The name must not be a personal name.
- The branch name must not be identical to the main company name.
- The applicant must be a manager or authorized representative of the company through the Tafawed platform.
- The name must be registered in an active commercial register.
- The transferee must have the same family name, if the trade name is a family name.",Assignment of Trade Name for Company Branch,Ministry of Commerce,Merchant · Brand Names · Business sector,https://mc.gov.sa/en/eservices/Pages/ServiceDetails.aspx?sID=21
mc-21::en::documents,mc-21,en,documents,- There is no,Assignment of Trade Name for Company Branch. Ministry of Commerce. Merchant · Brand Names · Business sector. Required documents: - There is no,Assignment of Trade Name for Company Branch,Ministry of Commerce,Merchant · Brand Names · Business sector,https://mc.gov.sa/en/eservices/Pages/ServiceDetails.aspx?sID=21
mc-21::en::steps,mc-21,en,steps,"- Access the platform: Via the National Unified Access through the Saudi Business Center platform.
- Select the service: From ""Doing Business"" > ""Ministry of Commerce"" > ""Assigning a Trade Name to a Company Branch"".
- Start the service: View the commercial register data, agree to the terms, and click ""Apply for the service"".
- Enter the beneficiary's data: Select the beneficiary type of the trade name, then enter their data.
- Enter the alternative trade name: Select the name type (personal, existing, reserved) and enter its data.
- Review and submit the application: Review the application summary, approve the declaration, and submit the application.
- Process: After entering the verification code, the application is sent to the Ministry of Commerce and appears in the ""My Requests"" list.
- Payment (if applicable): If fees apply, the invoice is issued and paid through the payment system.
- Complete the application: After payment or Ministry approval (if the service is free), the status will be updated to ""Completed"".","Assignment of Trade Name for Company Branch. Ministry of Commerce. Merchant · Brand Names · Business sector. Steps: - Access the platform: Via the National Unified Access through the Saudi Business Center platform.
- Select the service: From ""Doing Business"" > ""Ministry of Commerce"" > ""Assigning a Trade Name to a Company Branch"".
- Start the service: View the commercial register data, agree to the terms, and click ""Apply for the service"".
- Enter the beneficiary's data: Select the beneficiary type of the trade name, then enter their data.
- Enter the alternative trade name: Select the name type (personal, existing, reserved) and enter its data.
- Review and submit the application: Review the application summary, approve the declaration, and submit the application.
- Process: After entering the verification code, the application is sent to the Ministry of Commerce and appears in the ""My Requests"" list.
- Payment (if applicable): If fees apply, the invoice is issued and paid through the payment system.
- Complete the application: After payment or Ministry approval (if the service is free), the status will be updated to ""Completed"".",Assignment of Trade Name for Company Branch,Ministry of Commerce,Merchant · Brand Names · Business sector,https://mc.gov.sa/en/eservices/Pages/ServiceDetails.aspx?sID=21
mc-21::en::service_facts,mc-21,en,service_facts,"Fees: 100
Processing time: Within 72 hours
Beneficiaries: Merchant
Service languages: Arabic and English","Assignment of Trade Name for Company Branch. Ministry of Commerce. Merchant · Brand Names · Business sector. Fees & service details: Fees: 100
Processing time: Within 72 hours
Beneficiaries: Merchant
Service languages: Arabic and English",Assignment of Trade Name for Company Branch,Ministry of Commerce,Merchant · Brand Names · Business sector,https://mc.gov.sa/en/eservices/Pages/ServiceDetails.aspx?sID=21
mc-21::ar::overview,mc-21,ar,overview,خدمة إلكترونية تقدمها وزارة التجارة عبر منصة المركز السعودي للأعمال، تتيح للمستفيدين التنازل عن الاسم التجاري المقيّد في السجل التجاري لفرع شركة، تصرفًا مستقلًا عن المتجر، دون الحاجة إلى زيارة مراكز الخدمة.,التنازل عن الاسم التجاري لفرع شركة. وزارة التجارة. التاجر · الأسماء التجارية · قطاع الأعمال. نظرة عامة: خدمة إلكترونية تقدمها وزارة التجارة عبر منصة المركز السعودي للأعمال، تتيح للمستفيدين التنازل عن الاسم التجاري المقيّد في السجل التجاري لفرع شركة، تصرفًا مستقلًا عن المتجر، دون الحاجة إلى زيارة مراكز الخدمة.,التنازل عن الاسم التجاري لفرع شركة,وزارة التجارة,التاجر · الأسماء التجارية · قطاع الأعمال,https://mc.gov.sa/ar/eservices/Pages/ServiceDetails.aspx?sID=21
mc-21::ar::requirements,mc-21,ar,requirements,"الشروط: - ألا يقل عمر مقدم الطلب أو المستفيد عن 18سنة.
- ألا يكون مقدم الطلب أو المستفيد موظفًا حكوميًا.
- ألا يكون الاسم اسمًا شخصيًا.
- ألا يكون اسم الفرع مطابقًا لاسم الشركة الرئيسي.
- أن يكون مقدم الطلب مديرًا أو مفوضًا عن الشركة عبر منصة تفاويض.
- أن يكون الاسم مقيدًا في سجل تجاري نشط.
- أن يكون المتنازل له يحمل ذات الاسم العائلي، في حال كان الاسم التجاري عائلي.","التنازل عن الاسم التجاري لفرع شركة. وزارة التجارة. التاجر · الأسماء التجارية · قطاع الأعمال. الشروط: الشروط: - ألا يقل عمر مقدم الطلب أو المستفيد عن 18سنة.
- ألا يكون مقدم الطلب أو المستفيد موظفًا حكوميًا.
- ألا يكون الاسم اسمًا شخصيًا.
- ألا يكون اسم الفرع مطابقًا لاسم الشركة الرئيسي.
- أن يكون مقدم الطلب مديرًا أو مفوضًا عن الشركة عبر منصة تفاويض.
- أن يكون الاسم مقيدًا في سجل تجاري نشط.
- أن يكون المتنازل له يحمل ذات الاسم العائلي، في حال كان الاسم التجاري عائلي.",التنازل عن الاسم التجاري لفرع شركة,وزارة التجارة,التاجر · الأسماء التجارية · قطاع الأعمال,https://mc.gov.sa/ar/eservices/Pages/ServiceDetails.aspx?sID=21
mc-21::ar::documents,mc-21,ar,documents,- لا يوجد,التنازل عن الاسم التجاري لفرع شركة. وزارة التجارة. التاجر · الأسماء التجارية · قطاع الأعمال. المستندات المطلوبة: - لا يوجد,التنازل عن الاسم التجاري لفرع شركة,وزارة التجارة,التاجر · الأسماء التجارية · قطاع الأعمال,https://mc.gov.sa/ar/eservices/Pages/ServiceDetails.aspx?sID=21
mc-21::ar::steps,mc-21,ar,steps,"- الدخول على المنصة: عبر النفاذ الوطني الموحد من خلال منصة المركز السعودي للأعمال.
- اختيار الخدمة: من ""ممارسة الأعمال"" > ""وزارة التجارة"" > ""التنازل عن اسم تجاري لفرع شركة"".
- بدء الخدمة: عرض بيانات السجل التجاري، ثم الموافقة على الشروط والضغط على ""التقديم على الخدمة"".
- إدخال بيانات المستفيد: اختيار نوع المستفيد من الاسم التجاري، ثم إدخال بياناته.
- إدخال الاسم التجاري البديل: تحديد نوع الاسم (شخصي، قائم، محجوز) وإدخال بياناته.
- مراجعة وتقديم الطلب: مراجعة ملخص الطلب، والموافقة على الإقرار، ثم تقديم الطلب.
- المعالجة: بعد إدخال رمز التحقق، يتم إرسال الطلب لوزارة التجارة، ويظهر في ""قائمة طلباتي"".
- الدفع (إن وُجد): في حال وجود رسوم، يتم إصدار الفاتورة ودفعها عبر نظام المدفوعات.
- إتمام الطلب: بعد الدفع أو موافقة الوزارة (إذا كانت الخدمة مجانية)، تُحدث الحالة إلى ""مكتمل"".","التنازل عن الاسم التجاري لفرع شركة. وزارة التجارة. التاجر · الأسماء التجارية · قطاع الأعمال. الخطوات: - الدخول على المنصة: عبر النفاذ الوطني الموحد من خلال منصة المركز السعودي للأعمال.
- اختيار الخدمة: من ""ممارسة الأعمال"" > ""وزارة التجارة"" > ""التنازل عن اسم تجاري لفرع شركة"".
- بدء الخدمة: عرض بيانات السجل التجاري، ثم الموافقة على الشروط والضغط على ""التقديم على الخدمة"".
- إدخال بيانات المستفيد: اختيار نوع المستفيد من الاسم التجاري، ثم إدخال بياناته.
- إدخال الاسم التجاري البديل: تحديد نوع الاسم (شخصي، قائم، محجوز) وإدخال بياناته.
- مراجعة وتقديم الطلب: مراجعة ملخص الطلب، والموافقة على الإقرار، ثم تقديم الطلب.
- المعالجة: بعد إدخال رمز التحقق، يتم إرسال الطلب لوزارة التجارة، ويظهر في ""قائمة طلباتي"".
- الدفع (إن وُجد): في حال وجود رسوم، يتم إصدار الفاتورة ودفعها عبر نظام المدفوعات.
- إتمام الطلب: بعد الدفع أو موافقة الوزارة (إذا كانت الخدمة مجانية)، تُحدث الحالة إلى ""مكتمل"".",التنازل عن الاسم التجاري لفرع شركة,وزارة التجارة,التاجر · الأسماء التجارية · قطاع الأعمال,https://mc.gov.sa/ar/eservices/Pages/ServiceDetails.aspx?sID=21
mc-21::ar::service_facts,mc-21,ar,service_facts,"الرسوم: 100
مدة التنفيذ: خلال 72 ساعة
الفئة المستفيدة: التاجر
لغة الخدمة: العربية والانجليزية","التنازل عن الاسم التجاري لفرع شركة. وزارة التجارة. التاجر · الأسماء التجارية · قطاع الأعمال. الرسوم وتفاصيل الخدمة: الرسوم: 100
مدة التنفيذ: خلال 72 ساعة
الفئة المستفيدة: التاجر
لغة الخدمة: العربية والانجليزية",التنازل عن الاسم التجاري لفرع شركة,وزارة التجارة,التاجر · الأسماء التجارية · قطاع الأعمال,https://mc.gov.sa/ar/eservices/Pages/ServiceDetails.aspx?sID=21
mc-22::en::overview,mc-22,en,overview,An electronic service provided by the Ministry of Commerce through the Saudi Business Center platform that allows beneficiaries to cancel a reserved trade name without having to visit service centers.,Canceling a commercial name reservation. Ministry of Commerce. Merchant · Brand Names · Business sector. Overview: An electronic service provided by the Ministry of Commerce through the Saudi Business Center platform that allows beneficiaries to cancel a reserved trade name without having to visit service centers.,Canceling a commercial name reservation,Ministry of Commerce,Merchant · Brand Names · Business sector,https://mc.gov.sa/en/eservices/Pages/ServiceDetails.aspx?sID=22
mc-22::en::requirements,mc-22,en,requirements,"Conditions: - The presence of an existing commercial name reservation.
- The applicant must be benefiting from the trade name or delegated with a valid authorization.","Canceling a commercial name reservation. Ministry of Commerce. Merchant · Brand Names · Business sector. Conditions: Conditions: - The presence of an existing commercial name reservation.
- The applicant must be benefiting from the trade name or delegated with a valid authorization.",Canceling a commercial name reservation,Ministry of Commerce,Merchant · Brand Names · Business sector,https://mc.gov.sa/en/eservices/Pages/ServiceDetails.aspx?sID=22
mc-22::en::documents,mc-22,en,documents,- There is no,Canceling a commercial name reservation. Ministry of Commerce. Merchant · Brand Names · Business sector. Required documents: - There is no,Canceling a commercial name reservation,Ministry of Commerce,Merchant · Brand Names · Business sector,https://mc.gov.sa/en/eservices/Pages/ServiceDetails.aspx?sID=22
mc-22::en::steps,mc-22,en,steps,"- Access the platform: Via the National Unified Access through the Saudi Business Center platform.
- Select the service: From ""Public Services"" > ""Manage Reserved Trade Names"" > ""Cancel a Trade Name.""
- Check the name status: The trade name must be ""Unused"" to be cancelled.
- Agree to the terms: Review and agree to the terms and conditions.
- Enter cancellation reason: Enter a clear reason for canceling the trade name.
- Review and submit the request: View the request summary, confirm the action, and then submit the request.
- Complete cancellation: The request is processed immediately, and the name status is updated in the ""My Requests"" list.","Canceling a commercial name reservation. Ministry of Commerce. Merchant · Brand Names · Business sector. Steps: - Access the platform: Via the National Unified Access through the Saudi Business Center platform.
- Select the service: From ""Public Services"" > ""Manage Reserved Trade Names"" > ""Cancel a Trade Name.""
- Check the name status: The trade name must be ""Unused"" to be cancelled.
- Agree to the terms: Review and agree to the terms and conditions.
- Enter cancellation reason: Enter a clear reason for canceling the trade name.
- Review and submit the request: View the request summary, confirm the action, and then submit the request.
- Complete cancellation: The request is processed immediately, and the name status is updated in the ""My Requests"" list.",Canceling a commercial name reservation,Ministry of Commerce,Merchant · Brand Names · Business sector,https://mc.gov.sa/en/eservices/Pages/ServiceDetails.aspx?sID=22
mc-22::en::service_facts,mc-22,en,service_facts,"Fees: Free
Processing time: Immediate
Beneficiaries: Merchant
Service languages: Arabic and English","Canceling a commercial name reservation. Ministry of Commerce. Merchant · Brand Names · Business sector. Fees & service details: Fees: Free
Processing time: Immediate
Beneficiaries: Merchant
Service languages: Arabic and English",Canceling a commercial name reservation,Ministry of Commerce,Merchant · Brand Names · Business sector,https://mc.gov.sa/en/eservices/Pages/ServiceDetails.aspx?sID=22
mc-22::ar::overview,mc-22,ar,overview,خدمة إلكترونية تقدمها وزارة التجارة عبر منصة المركز السعودي للأعمال، تتيح للمستفيدين إلغاء اسم تجاري محجوز، دون الحاجة إلى زيارة مراكز الخدمة.,إلغاء اسم تجاري محجوز. وزارة التجارة. التاجر · الأسماء التجارية · قطاع الأعمال. نظرة عامة: خدمة إلكترونية تقدمها وزارة التجارة عبر منصة المركز السعودي للأعمال، تتيح للمستفيدين إلغاء اسم تجاري محجوز، دون الحاجة إلى زيارة مراكز الخدمة.,إلغاء اسم تجاري محجوز,وزارة التجارة,التاجر · الأسماء التجارية · قطاع الأعمال,https://mc.gov.sa/ar/eservices/Pages/ServiceDetails.aspx?sID=22
mc-22::ar::requirements,mc-22,ar,requirements,"الشروط: - وجود حجز اسم تجاري قائم.
- أن يكون مقدم الطلب المستفيد من الاسم التجاري أو مفوضًا عنه بتفويض ساري.","إلغاء اسم تجاري محجوز. وزارة التجارة. التاجر · الأسماء التجارية · قطاع الأعمال. الشروط: الشروط: - وجود حجز اسم تجاري قائم.
- أن يكون مقدم الطلب المستفيد من الاسم التجاري أو مفوضًا عنه بتفويض ساري.",إلغاء اسم تجاري محجوز,وزارة التجارة,التاجر · الأسماء التجارية · قطاع الأعمال,https://mc.gov.sa/ar/eservices/Pages/ServiceDetails.aspx?sID=22
mc-22::ar::documents,mc-22,ar,documents,- لا يوجد,إلغاء اسم تجاري محجوز. وزارة التجارة. التاجر · الأسماء التجارية · قطاع الأعمال. المستندات المطلوبة: - لا يوجد,إلغاء اسم تجاري محجوز,وزارة التجارة,التاجر · الأسماء التجارية · قطاع الأعمال,https://mc.gov.sa/ar/eservices/Pages/ServiceDetails.aspx?sID=22
mc-22::ar::steps,mc-22,ar,steps,"- الدخول على المنصة: عبر النفاذ الوطني الموحد من خلال منصة المركز السعودي للأعمال.
- اختيار الخدمة: من ""الخدمات العامة"" > ""إدارة الأسماء التجارية المحجوزة"" > ""إلغاء اسم تجاري"".
- التحقق من حالة الاسم: يجب أن تكون حالة الاسم التجاري ""غير مستخدم"" ليتم الإلغاء.
- الموافقة على الشروط: الاطلاع على الشروط والأحكام والموافقة عليها.
- إدخال سبب الإلغاء: إدخال سبب واضح لإلغاء الاسم التجاري.
- مراجعة وتقديم الطلب: عرض ملخص الطلب، وتأكيد الإجراء، ثم تقديم الطلب.
- إتمام الإلغاء: يتم تنفيذ الطلب مباشرة، وتحديث حالة الاسم في قائمة ""طلباتي"".","إلغاء اسم تجاري محجوز. وزارة التجارة. التاجر · الأسماء التجارية · قطاع الأعمال. الخطوات: - الدخول على المنصة: عبر النفاذ الوطني الموحد من خلال منصة المركز السعودي للأعمال.
- اختيار الخدمة: من ""الخدمات العامة"" > ""إدارة الأسماء التجارية المحجوزة"" > ""إلغاء اسم تجاري"".
- التحقق من حالة الاسم: يجب أن تكون حالة الاسم التجاري ""غير مستخدم"" ليتم الإلغاء.
- الموافقة على الشروط: الاطلاع على الشروط والأحكام والموافقة عليها.
- إدخال سبب الإلغاء: إدخال سبب واضح لإلغاء الاسم التجاري.
- مراجعة وتقديم الطلب: عرض ملخص الطلب، وتأكيد الإجراء، ثم تقديم الطلب.
- إتمام الإلغاء: يتم تنفيذ الطلب مباشرة، وتحديث حالة الاسم في قائمة ""طلباتي"".",إلغاء اسم تجاري محجوز,وزارة التجارة,التاجر · الأسماء التجارية · قطاع الأعمال,https://mc.gov.sa/ar/eservices/Pages/ServiceDetails.aspx?sID=22
mc-22::ar::service_facts,mc-22,ar,service_facts,"الرسوم: مجانية
مدة التنفيذ: فوري
الفئة المستفيدة: التاجر
لغة الخدمة: العربية والانجليزية","إلغاء اسم تجاري محجوز. وزارة التجارة. التاجر · الأسماء التجارية · قطاع الأعمال. الرسوم وتفاصيل الخدمة: الرسوم: مجانية
مدة التنفيذ: فوري
الفئة المستفيدة: التاجر
لغة الخدمة: العربية والانجليزية",إلغاء اسم تجاري محجوز,وزارة التجارة,التاجر · الأسماء التجارية · قطاع الأعمال,https://mc.gov.sa/ar/eservices/Pages/ServiceDetails.aspx?sID=22
mc-23::en::overview,mc-23,en,overview,"An electronic service provided by the Ministry of Commerce through the Saudi Business Center platform that allows beneficiaries to submit a request for a foreign company incorporation contract, pursuant to a license from the Special Economic Cities and Zones Authority, without the need to visit service centers.","Establishing a company by the Cities and Special Economic Zones Authority license. Ministry of Commerce. Merchant · Companies · business sector. Overview: An electronic service provided by the Ministry of Commerce through the Saudi Business Center platform that allows beneficiaries to submit a request for a foreign company incorporation contract, pursuant to a license from the Special Economic Cities and Zones Authority, without the need to visit service centers.",Establishing a company by the Cities and Special Economic Zones Authority license,Ministry of Commerce,Merchant · Companies · business sector,https://mc.gov.sa/en/eservices/Pages/ServiceDetails.aspx?sID=23
mc-23::en::requirements,mc-23,en,requirements,"Conditions: - A license from the Economic Cities and Special Zones Authority is required.
- A legal document must be present if one of the partners is a government entity, granting them the right to incorporate or participate in a company.
- A license from the Saudi Central Bank, the Insurance Authority and Capital Market Authority must be provided if the nature of the business activity so requires.
- A bank certificate must be provided if the contribution is monetary, or a certified appraiser’s report if the contribution is in-kind.
- A draft of the bylaws must be submitted.
- In the event that one of the partners is a juridical party, the commercial registration must neither be written off, suspended or inactive.
- The age must not be less than 18 years.
- The partners must not be government employees.
- The following must be verified in case the type of the company is (Professional): The partners must hold a valid professional license - The percentage of the licensed Saudi partner in the mixed company must not be less than 25% - The percentage of licensed partners must not be less than 70% - A valid investment license is required for period of no less than 30 days.","Establishing a company by the Cities and Special Economic Zones Authority license. Ministry of Commerce. Merchant · Companies · business sector. Conditions: Conditions: - A license from the Economic Cities and Special Zones Authority is required.
- A legal document must be present if one of the partners is a government entity, granting them the right to incorporate or participate in a company.
- A license from the Saudi Central Bank, the Insurance Authority and Capital Market Authority must be provided if the nature of the business activity so requires.
- A bank certificate must be provided if the contribution is monetary, or a certified appraiser’s report if the contribution is in-kind.
- A draft of the bylaws must be submitted.
- In the event that one of the partners is a juridical party, the commercial registration must neither be written off, suspended or inactive.
- The age must not be less than 18 years.
- The partners must not be government employees.
- The following must be verified in case the type of the company is (Professional): The partners must hold a valid professional license - The percentage of the licensed Saudi partner in the mixed company must not be less than 25% - The percentage of licensed partners must not be less than 70% - A valid investment license is required for period of no less than 30 days.",Establishing a company by the Cities and Special Economic Zones Authority license,Ministry of Commerce,Merchant · Companies · business sector,https://mc.gov.sa/en/eservices/Pages/ServiceDetails.aspx?sID=23
mc-23::en::documents,mc-23,en,documents,- There is no,Establishing a company by the Cities and Special Economic Zones Authority license. Ministry of Commerce. Merchant · Companies · business sector. Required documents: - There is no,Establishing a company by the Cities and Special Economic Zones Authority license,Ministry of Commerce,Merchant · Companies · business sector,https://mc.gov.sa/en/eservices/Pages/ServiceDetails.aspx?sID=23
mc-23::en::steps,mc-23,en,steps,"- Log in to the Saudi Business Center platform.
- Select the service to establish a company under a license from the Special Economic Cities and Zones Authority.
- Click ""Start Service.""
- Specify the number of partners.
- Specify the company's status (optional).
- Apply for the service.
- Registration period, company headquarters, activities, and purposes.
- Partner information.
- Commercial registration information.
- Company information.
- Company management information.
- Company contract information.
- Application summary.","Establishing a company by the Cities and Special Economic Zones Authority license. Ministry of Commerce. Merchant · Companies · business sector. Steps: - Log in to the Saudi Business Center platform.
- Select the service to establish a company under a license from the Special Economic Cities and Zones Authority.
- Click ""Start Service.""
- Specify the number of partners.
- Specify the company's status (optional).
- Apply for the service.
- Registration period, company headquarters, activities, and purposes.
- Partner information.
- Commercial registration information.
- Company information.
- Company management information.
- Company contract information.
- Application summary.",Establishing a company by the Cities and Special Economic Zones Authority license,Ministry of Commerce,Merchant · Companies · business sector,https://mc.gov.sa/en/eservices/Pages/ServiceDetails.aspx?sID=23
mc-23::en::service_facts,mc-23,en,service_facts,"Fees: 1,600 for a joint-stock company or simplified joint-stock company
1,200 for a limited liability company
1,000 for a general partnership or limited partnership
500 for publication fees
15% VAT
Processing time: Within 72 hours
Beneficiaries: Merchant
Service languages: Arabic and English","Establishing a company by the Cities and Special Economic Zones Authority license. Ministry of Commerce. Merchant · Companies · business sector. Fees & service details: Fees: 1,600 for a joint-stock company or simplified joint-stock company
1,200 for a limited liability company
1,000 for a general partnership or limited partnership
500 for publication fees
15% VAT
Processing time: Within 72 hours
Beneficiaries: Merchant
Service languages: Arabic and English",Establishing a company by the Cities and Special Economic Zones Authority license,Ministry of Commerce,Merchant · Companies · business sector,https://mc.gov.sa/en/eservices/Pages/ServiceDetails.aspx?sID=23
mc-23::ar::overview,mc-23,ar,overview,خدمة إلكترونية تقدمها وزارة التجارة عبر منصة المركز السعودي للأعمال، تتيح للمستفيدين تقديم طلب عقد تأسيس الشركات الأجنبية، وذلك بموجب ترخيص هيئة المدن والمناطق الاقتصادية الخاصة، دون الحاجة إلى زيارة مراكز الخدمة.,تأسيس شركة بموجب ترخيص هيئة المدن والمناطق الاقتصادية الخاصة. وزارة التجارة. التاجر · الشركات · قطاع الأعمال. نظرة عامة: خدمة إلكترونية تقدمها وزارة التجارة عبر منصة المركز السعودي للأعمال، تتيح للمستفيدين تقديم طلب عقد تأسيس الشركات الأجنبية، وذلك بموجب ترخيص هيئة المدن والمناطق الاقتصادية الخاصة، دون الحاجة إلى زيارة مراكز الخدمة.,تأسيس شركة بموجب ترخيص هيئة المدن والمناطق الاقتصادية الخاصة,وزارة التجارة,التاجر · الشركات · قطاع الأعمال,https://mc.gov.sa/ar/eservices/Pages/ServiceDetails.aspx?sID=23
mc-23::ar::requirements,mc-23,ar,requirements,"الشروط: - وجود سند نظامي في حال كان أحد الشركاء جهة حكومية؛ يخوله الحق لتأسيس شركة أو المشاركة في شركة.
- وجود ترخيص من هيئة المدن والمناطق الاقتصادية الخاصة.
- وجود ترخيص من البنك المركزي السعودي في حال كان النشاط يتطلب ذلك.
- وجود شهادة بنكية إذا كانت الحصة نقدية، أو تقرير مقيم معتمد إذا كانت الحصة عينية.
- تقديم مسودة النظام الأساس.
- ألا يكون السجل التجاري مشطوبًا أو معلقًا، في حال كان أحد الشركاء شريكًا اعتباريًا.
- ألا يقل العمر عن 18 سنة.
- ألا يكون الشركاء موظفين حكوميين.
- التحقق من الآتي في حال كانت صفة الشركة (مهنية): - وجود رخصة مهنية سارية المفعول للشركاء. - ألا تقل نسبة الشريك السعودي المرخص في الشركة المختلطة عن 25%. - ألا تقل نسبة الشركاء المرخصين عن 70%. - وجود شهادة تسجيل استثمار سارية المفعول لمدة لا تقل عن 30 يومًا.","تأسيس شركة بموجب ترخيص هيئة المدن والمناطق الاقتصادية الخاصة. وزارة التجارة. التاجر · الشركات · قطاع الأعمال. الشروط: الشروط: - وجود سند نظامي في حال كان أحد الشركاء جهة حكومية؛ يخوله الحق لتأسيس شركة أو المشاركة في شركة.
- وجود ترخيص من هيئة المدن والمناطق الاقتصادية الخاصة.
- وجود ترخيص من البنك المركزي السعودي في حال كان النشاط يتطلب ذلك.
- وجود شهادة بنكية إذا كانت الحصة نقدية، أو تقرير مقيم معتمد إذا كانت الحصة عينية.
- تقديم مسودة النظام الأساس.
- ألا يكون السجل التجاري مشطوبًا أو معلقًا، في حال كان أحد الشركاء شريكًا اعتباريًا.
- ألا يقل العمر عن 18 سنة.
- ألا يكون الشركاء موظفين حكوميين.
- التحقق من الآتي في حال كانت صفة الشركة (مهنية): - وجود رخصة مهنية سارية المفعول للشركاء. - ألا تقل نسبة الشريك السعودي المرخص في الشركة المختلطة عن 25%. - ألا تقل نسبة الشركاء المرخصين عن 70%. - وجود شهادة تسجيل استثمار سارية المفعول لمدة لا تقل عن 30 يومًا.",تأسيس شركة بموجب ترخيص هيئة المدن والمناطق الاقتصادية الخاصة,وزارة التجارة,التاجر · الشركات · قطاع الأعمال,https://mc.gov.sa/ar/eservices/Pages/ServiceDetails.aspx?sID=23
mc-23::ar::documents,mc-23,ar,documents,- لا يوجد,تأسيس شركة بموجب ترخيص هيئة المدن والمناطق الاقتصادية الخاصة. وزارة التجارة. التاجر · الشركات · قطاع الأعمال. المستندات المطلوبة: - لا يوجد,تأسيس شركة بموجب ترخيص هيئة المدن والمناطق الاقتصادية الخاصة,وزارة التجارة,التاجر · الشركات · قطاع الأعمال,https://mc.gov.sa/ar/eservices/Pages/ServiceDetails.aspx?sID=23
mc-23::ar::steps,mc-23,ar,steps,"- الدخول على منصة المركز السعودي للأعمال.
- اختيار خدمة تأسيس شركة بموجب ترخيص هيئة المدن والمناطق الاقتصادية الخاصة
- اضغط على ابدا الخدمة
- تحديد عدد الشركاء
- تحديد صفة الشركة (اختياري)
- التقديم على الخدمة
- مدة السجل و مقر و أنشطة وأغراض الشركة
- بيانات الشركاء
- بيانات السجل التجاري
- بيانات الشركة
- بيانات إدارة الشركة
- بيانات عقد الشركة
- ملخص الطلب","تأسيس شركة بموجب ترخيص هيئة المدن والمناطق الاقتصادية الخاصة. وزارة التجارة. التاجر · الشركات · قطاع الأعمال. الخطوات: - الدخول على منصة المركز السعودي للأعمال.
- اختيار خدمة تأسيس شركة بموجب ترخيص هيئة المدن والمناطق الاقتصادية الخاصة
- اضغط على ابدا الخدمة
- تحديد عدد الشركاء
- تحديد صفة الشركة (اختياري)
- التقديم على الخدمة
- مدة السجل و مقر و أنشطة وأغراض الشركة
- بيانات الشركاء
- بيانات السجل التجاري
- بيانات الشركة
- بيانات إدارة الشركة
- بيانات عقد الشركة
- ملخص الطلب",تأسيس شركة بموجب ترخيص هيئة المدن والمناطق الاقتصادية الخاصة,وزارة التجارة,التاجر · الشركات · قطاع الأعمال,https://mc.gov.sa/ar/eservices/Pages/ServiceDetails.aspx?sID=23
mc-23::ar::service_facts,mc-23,ar,service_facts,"الرسوم: 1600
لشركة مساهمة، مساهمة مبسطة
1200
لشركة ذات مسؤولية محدودة
1000
لشركة تضامنية، توصية بسيطة
500
لرسوم النشر
15% ضريبة القيمة المضافة
مدة التنفيذ: خلال 72 ساعة
الفئة المستفيدة: التاجر
لغة الخدمة: العربية والانجليزية","تأسيس شركة بموجب ترخيص هيئة المدن والمناطق الاقتصادية الخاصة. وزارة التجارة. التاجر · الشركات · قطاع الأعمال. الرسوم وتفاصيل الخدمة: الرسوم: 1600
لشركة مساهمة، مساهمة مبسطة
1200
لشركة ذات مسؤولية محدودة
1000
لشركة تضامنية، توصية بسيطة
500
لرسوم النشر
15% ضريبة القيمة المضافة
مدة التنفيذ: خلال 72 ساعة
الفئة المستفيدة: التاجر
لغة الخدمة: العربية والانجليزية",تأسيس شركة بموجب ترخيص هيئة المدن والمناطق الاقتصادية الخاصة,وزارة التجارة,التاجر · الشركات · قطاع الأعمال,https://mc.gov.sa/ar/eservices/Pages/ServiceDetails.aspx?sID=23
mc-24::en::overview,mc-24,en,overview,"An electronic service provided by the Commercial Franchise Center, which allows beneficiaries to register and manage the commercial franchise, which is provided in accordance with the Commercial Franchise System and its executive regulations, electronically without the need to visit the Commercial Franchise Center or the Ministry’s branches.","Franchise Registration (Registration - Modification - Cancellation). Ministry of Commerce. Merchant · Commercial Register · Business sector. Overview: An electronic service provided by the Commercial Franchise Center, which allows beneficiaries to register and manage the commercial franchise, which is provided in accordance with the Commercial Franchise System and its executive regulations, electronically without the need to visit the Commercial Franchise Center or the Ministry’s branches.",Franchise Registration (Registration - Modification - Cancellation),Ministry of Commerce,Merchant · Commercial Register · Business sector,https://mc.gov.sa/en/eservices/Pages/ServiceDetails.aspx?sID=24
mc-24::en::requirements,mc-24,en,requirements,"Conditions: - Conditions for Granting a Franchise: 1- A franchise opportunity may not be offered, nor a franchise granted, unless the franchise activity has been operated according to the franchise activity model for a period of no less than one year by two individuals or in at least two different outlets. One of these individuals may be the Franchisor or any person within its group. 2- If the Franchisor does not operate the franchise activity within the Kingdom itself, a Franchisee who holds the right to grant sub-franchises may not offer a franchise opportunity or grant a franchise unless it, or other franchisees, have operated the franchise activity within the Kingdom for a period of no less than one year.
- Terms and Requirements for Franchise Registration: 1- Registration with the Ministry: The Franchisor shall register every signed Franchise Agreement and related disclosure document with the Ministry within (90) days from the date of signing the agreement. This is done by depositing a copy of the agreement and the disclosure document with the competent authority within the Ministry. 2- Amendment of the Franchise Agreement: In the event of amending the Franchise Agreement by changing any of its parties or its term, the Franchisor shall register the amendment of the Franchise Agreement with the Ministry within (90) days from the date of its execution, by depositing a signed copy of the amendment. Cancellation of Franchise Registration: The cancellation of a franchise registration occurs in the following cases: expiration of the term, its lapse, or the issuance of a court ruling invalidating or terminating the agreement.
- Contents of the Franchise Agreement: 1- The Franchise Agreement must be written and signed by both parties. If it is drafted in a language other than Arabic, it must be translated into Arabic by a certified translator. 2- In addition to what is agreed upon between the parties, the Franchise Agreement must include the following points: 1- The franchise activity and its description, the term of the agreement, the method of its amendment, and its geographical scope. 2- The financial consideration that the Franchisee must pay to the Franchisor, which includes the franchise fee, the fee for training the Franchisee's employees (if any), technical support, and the mechanism for calculating any amount paid as consideration for goods or services provided to the Franchisee by the Franchisor or any person within its group. 3- The obligations of both parties regarding the Franchisor's training of the Franchisee's employees. 4- The Franchisor's obligation to provide technical, marketing, and other expertise necessary for the nature of the franchise. The Franchisee's obligation to adhere to instructions related to marketing, presentation, and maintaining the franchise identity. 6- The Franchisor's obligations in supplying goods or services to the Franchisee, and the Franchisee's obligation to obtain those goods or services directly from the Franchisor or through a third party according to the Franchisor's instructions. 7- The Franchisee's rights to use trademarks and any other intellectual property rights related to the franchise activity, and the obligations of both parties in the event of infringement of intellectual property rights and the resulting compensation. 8- The mechanism for settling disputes related to the Franchise Agreement. 9- The Franchisee's right to grant sub-franchises to others and the provisions thereof. 10- The implications of a change in ownership of the Franchisee, the Franchisor, or the controlling person of either. 11- If there are any restrictions imposed on the franchisee regarding the transfer of any of their rights under the Franchise Agreement to a third party. 12- If the owner of the trademark, trade name, or any other intellectual property rights used in the franchise activity is specified, and the Franchisor's relationship with the owner if the Franchisor is not the owner. 13- The rights and obligations of both the Franchisor and the Franchisee regarding the termination of the Franchise Agreement. 14- The Franchisee's right to renew, not renew, or extend the Franchise Agreement, if any. 15- The rights and obligations of both the Franchisor and the Franchisee resulting from the termination or expiration of the Franchise Agreement. 16- If there are any restrictions imposed on either the Franchisor or the Franchisee regarding engaging in any business/ activity that competes with the franchise activity during the term of the Agreement or after its termination or expiration, without prejudice to the provisions of the Competition Law. 17- The Franchisee's obligation not to harm the reputation of the Franchisor and the franchise activity. 18- The Franchisee's obligations related to the location or premises of the franchise activity, if any, and its right to change that location or premises, if any. 19- The obligations of both the Franchisor and the Franchisee related to the confidentiality of information and data protection.
- Requirements for the Disclosure Document: 1- The Franchisor must provide the Franchisee with a copy of the disclosure document in accordance with what the regulations specify, at least (fourteen) days before the conclusion of the Franchise Agreement or from the date the Franchisee pays any consideration regarding the franchise, whichever is earlier. 2- It must be written in Arabic, and if it is written in a language other than Arabic, it must be translated into Arabic by a certified translator. 3- It must be clear and accurate. 4- If the Franchisor provides the Franchisee – with whom they intend to contract – with information related to the past or expected financial performance of the franchise activities owned by them or any person within their group; they must include this information in the disclosure document and ensure that it meets the provisions and conditions specified by the regulations.","Franchise Registration (Registration - Modification - Cancellation). Ministry of Commerce. Merchant · Commercial Register · Business sector. Conditions: Conditions: - Conditions for Granting a Franchise: 1- A franchise opportunity may not be offered, nor a franchise granted, unless the franchise activity has been operated according to the franchise activity model for a period of no less than one year by two individuals or in at least two different outlets. One of these individuals may be the Franchisor or any person within its group. 2- If the Franchisor does not operate the franchise activity within the Kingdom itself, a Franchisee who holds the right to grant sub-franchises may not offer a franchise opportunity or grant a franchise unless it, or other franchisees, have operated the franchise activity within the Kingdom for a period of no less than one year.
- Terms and Requirements for Franchise Registration: 1- Registration with the Ministry: The Franchisor shall register every signed Franchise Agreement and related disclosure document with the Ministry within (90) days from the date of signing the agreement. This is done by depositing a copy of the agreement and the disclosure document with the competent authority within the Ministry. 2- Amendment of the Franchise Agreement: In the event of amending the Franchise Agreement by changing any of its parties or its term, the Franchisor shall register the amendment of the Franchise Agreement with the Ministry within (90) days from the date of its execution, by depositing a signed copy of the amendment. Cancellation of Franchise Registration: The cancellation of a franchise registration occurs in the following cases: expiration of the term, its lapse, or the issuance of a court ruling invalidating or terminating the agreement.
- Contents of the Franchise Agreement: 1- The Franchise Agreement must be written and signed by both parties. If it is drafted in a language other than Arabic, it must be translated into Arabic by a certified translator. 2- In addition to what is agreed upon between the parties, the Franchise Agreement must include the following points: 1- The franchise activity and its description, the term of the agreement, the method of its amendment, and its geographical scope. 2- The financial consideration that the Franchisee must pay to the Franchisor, which includes the franchise fee, the fee for training the Franchisee's employees (if any), technical support, and the mechanism for calculating any amount paid as consideration for goods or services provided to the Franchisee by the Franchisor or any person within its group. 3- The obligations of both parties regarding the Franchisor's training of the Franchisee's employees. 4- The Franchisor's obligation to provide technical, marketing, and other expertise necessary for the nature of the franchise. The Franchisee's obligation to adhere to instructions related to marketing, presentation, and maintaining the franchise identity. 6- The Franchisor's obligations in supplying goods or services to the Franchisee, and the Franchisee's obligation to obtain those goods or services directly from the Franchisor or through a third party according to the Franchisor's instructions. 7- The Franchisee's rights to use trademarks and any other intellectual property rights related to the franchise activity, and the obligations of both parties in the event of infringement of intellectual property rights and the resulting compensation. 8- The mechanism for settling disputes related to the Franchise Agreement. 9- The Franchisee's right to grant sub-franchises to others and the provisions thereof. 10- The implications of a change in ownership of the Franchisee, the Franchisor, or the controlling person of either. 11- If there are any restrictions imposed on the franchisee regarding the transfer of any of their rights under the Franchise Agreement to a third party. 12- If the owner of the trademark, trade name, or any other intellectual property rights used in the franchise activity is specified, and the Franchisor's relationship with the owner if the Franchisor is not the owner. 13- The rights and obligations of both the Franchisor and the Franchisee regarding the termination of the Franchise Agreement. 14- The Franchisee's right to renew, not renew, or extend the Franchise Agreement, if any. 15- The rights and obligations of both the Franchisor and the Franchisee resulting from the termination or expiration of the Franchise Agreement. 16- If there are any restrictions imposed on either the Franchisor or the Franchisee regarding engaging in any business/ activity that competes with the franchise activity during the term of the Agreement or after its termination or expiration, without prejudice to the provisions of the Competition Law. 17- The Franchisee's obligation not to harm the reputation of the Franchisor and the franchise activity. 18- The Franchisee's obligations related to the location or premises of the franchise activity, if any, and its right to change that location or premises, if any. 19- The obligations of both the Franchisor and the Franchisee related to the confidentiality of information and data protection.
- Requirements for the Disclosure Document: 1- The Franchisor must provide the Franchisee with a copy of the disclosure document in accordance with what the regulations specify, at least (fourteen) days before the conclusion of the Franchise Agreement or from the date the Franchisee pays any consideration regarding the franchise, whichever is earlier. 2- It must be written in Arabic, and if it is written in a language other than Arabic, it must be translated into Arabic by a certified translator. 3- It must be clear and accurate. 4- If the Franchisor provides the Franchisee – with whom they intend to contract – with information related to the past or expected financial performance of the franchise activities owned by them or any person within their group; they must include this information in the disclosure document and ensure that it meets the provisions and conditions specified by the regulations.",Franchise Registration (Registration - Modification - Cancellation),Ministry of Commerce,Merchant · Commercial Register · Business sector,https://mc.gov.sa/en/eservices/Pages/ServiceDetails.aspx?sID=24
mc-24::en::documents,mc-24,en,documents,"- (Franchise Registration): 1- Franchise Agreement. 2- Disclosure Document.
- (Amendment of Franchise Registration): 1- Amended Franchise Agreement. 2- Amended Disclosure Document.
- (Cancellation of Franchise Registration): 1- Expiration of the term or termination by a court ruling invalidating or terminating the Agreement. In case of a court ruling, the document should be attached.","Franchise Registration (Registration - Modification - Cancellation). Ministry of Commerce. Merchant · Commercial Register · Business sector. Required documents: - (Franchise Registration): 1- Franchise Agreement. 2- Disclosure Document.
- (Amendment of Franchise Registration): 1- Amended Franchise Agreement. 2- Amended Disclosure Document.
- (Cancellation of Franchise Registration): 1- Expiration of the term or termination by a court ruling invalidating or terminating the Agreement. In case of a court ruling, the document should be attached.",Franchise Registration (Registration - Modification - Cancellation),Ministry of Commerce,Merchant · Commercial Register · Business sector,https://mc.gov.sa/en/eservices/Pages/ServiceDetails.aspx?sID=24
mc-24::en::steps,mc-24,en,steps,"- Click on Start Service.
- Choose the system login icon
- Log in to the account (username and password) or log in via National Access
- Fill in the data and attach documents
- Pay fees, review the registration and print the certificate
- In case of (modification, cancellation), the previous steps can be followed.","Franchise Registration (Registration - Modification - Cancellation). Ministry of Commerce. Merchant · Commercial Register · Business sector. Steps: - Click on Start Service.
- Choose the system login icon
- Log in to the account (username and password) or log in via National Access
- Fill in the data and attach documents
- Pay fees, review the registration and print the certificate
- In case of (modification, cancellation), the previous steps can be followed.",Franchise Registration (Registration - Modification - Cancellation),Ministry of Commerce,Merchant · Commercial Register · Business sector,https://mc.gov.sa/en/eservices/Pages/ServiceDetails.aspx?sID=24
mc-24::en::service_facts,mc-24,en,service_facts,"Fees: 500 for commercial franchise registration.
100 for commercial franchise registration modification.
Processing time: Immediate
Beneficiaries: Merchant
Service languages: Arabic and English","Franchise Registration (Registration - Modification - Cancellation). Ministry of Commerce. Merchant · Commercial Register · Business sector. Fees & service details: Fees: 500 for commercial franchise registration.
100 for commercial franchise registration modification.
Processing time: Immediate
Beneficiaries: Merchant
Service languages: Arabic and English",Franchise Registration (Registration - Modification - Cancellation),Ministry of Commerce,Merchant · Commercial Register · Business sector,https://mc.gov.sa/en/eservices/Pages/ServiceDetails.aspx?sID=24
mc-24::ar::overview,mc-24,ar,overview,خدمة إلكترونية يقدمها مركز الامتياز التجاري، تتيح للمستفيدين تسجيل وإدارة قيد الامتياز التجاري، و التي تقدّم وفق نظام الامتياز التجاري ولائحته التنفيذية، إلكترونيًا دون الحاجة إلى مراجعة مركز الامتياز التجاري او فروع الوزارة.,قيد الامتياز التجاري (تسجيل - تعديل - الغاء). وزارة التجارة. التاجر · السجل التجاري · قطاع الأعمال. نظرة عامة: خدمة إلكترونية يقدمها مركز الامتياز التجاري، تتيح للمستفيدين تسجيل وإدارة قيد الامتياز التجاري، و التي تقدّم وفق نظام الامتياز التجاري ولائحته التنفيذية، إلكترونيًا دون الحاجة إلى مراجعة مركز الامتياز التجاري او فروع الوزارة.,قيد الامتياز التجاري (تسجيل - تعديل - الغاء),وزارة التجارة,التاجر · السجل التجاري · قطاع الأعمال,https://mc.gov.sa/ar/eservices/Pages/ServiceDetails.aspx?sID=24
mc-24::ar::requirements,mc-24,ar,requirements,"الشروط: - شروط منح الامتياز: 1- لا يجوز عرض فرصة الامتياز أو منح الامتياز إلا بعد أن يتم ممارسة أعمال الامتياز وفقاً لنموذج عمل الامتياز لمدة لا تقل عن سنة واحدة من قبل شخصين أو في منفذي بيع مختلفين على الأقل، ويجوز أن يكون أحد هذين الشخصين هو مانح الامتياز أو أي شخص ضمن مجموعته. 2- إذا كان مانح الامتياز لا يمارس أعمال الامتياز في المملكة بنفسه، فلا يجوز لصاحب الامتياز الذي يملك حق منح امتياز فرعي عرض فرصة الامتياز أو منح الامتياز إلا بعد ممارسته، أو ممارسة غيره من أصحاب الامتياز، لأعمال الامتياز في المملكة لمدة لا تقل عن سنة.
- شروط ومتطلبات قيد الامتياز: 1-التسجيل لدى الوزارة: يتعين على مانح الامتياز قيد كل اتفاقية امتياز موقعة ووثيقة الإفصاح ذات الصلة لدى الوزارة خلال (90) يومًا من تاريخ توقيع الاتفاقية، وذلك بإيداع نسخة من هذه الاتفاقية ووثيقة الإفصاح لدى الجهة المختصة في الوزارة.2- تعديل اتفاقية الامتياز: في حال تعديل اتفاقية الامتياز بتغيير أي من طرفيها أو مدتها، يلتزم مانح الامتياز بقيد تعديل اتفاقية الامتياز لدى الوزارة خلال (90) يومًا من تاريخ إجرائه، وذلك بإيداع نسخة من التعديل الموقع.3- إلغاء قيد امتياز تجاري : في حال الغاء قيد امتياز تجاري يتم ذلك في الحالات التالية : انتهاء المدة أو انقضائها أو صدور حكم قضائي ببطلان الاتفاقية أو إلغائها.
- محتويات اتفاقية الامتياز:-1يجب أن تكون اتفاقية الامتياز مكتوبة وموقعة من طرفيها. وإذا كانت محررة بغير اللغة العربية، يجب ترجمتها إلى اللغة العربية ترجمة معتمدة.-2 يجب أن تتضمن اتفاقية الامتياز بالإضافة إلى ما يتم الاتفاق عليه بين الطرفين، النقاط التالية: 1- أعمال الامتياز ووصفها، ومدة الاتفاقية، وطريقة تعديلها، ونطاقها الجغرافي، 2 -المقابل المالي الذي يتعين على صاحب الامتياز دفعه إلى مانح الامتياز، ويشمل المقابل المالي للامتياز، والمقابل المالي لتدريب موظفي صاحب الامتياز (إن وجد)، والدعم الفني، وآلية احتساب أي مبلغ يدفع كمقابل للسلع أو الخدمات المقدمة لصاحب الامتياز من مانح الامتياز أو أي شخص ضمن مجموعته.-3التزامات الطرفين فيما يتعلق بتدريب مانح الامتياز لموظفي صاحب الامتياز.-4التزام مانح الامتياز بتقديم الخبرات التقنية والتسويقية وغيرها من الخبرات اللازمة لطبيعة الامتياز. -5التزام صاحب الامتياز بالتقيد بالتعليمات الخاصة بالتسويق والعرض والمحافظة على هوية الامتياز. -6التزامات مانح الامتياز في توريد السلع أو الخدمات إلى صاحب الامتياز، والتزام صاحب الامتياز في الحصول على تلك السلع أو الخدمات مباشرة من مانح الامتياز أو عبر طرف آخر بناءً على تعليمات مانح الامتياز.-7حقوق صاحب الامتياز في استخدام العلامات التجارية وأي حقوق ملكية فكرية أخرى متعلقة بأعمال الامتياز، والتزامات الطرفين في حال الإخلال بحقوق الملكية الفكرية والتعويضات المترتبة على ذلك. -8آلية تسوية النزاعات المتعلقة باتفاقية الامتياز. -9حق صاحب الامتياز في منح امتياز فرعي للغير وأحكام ذلك.-10 الآثار المترتبة على تغيير ملكية صاحب الامتياز أو مانح الامتياز أو الشخص المسيطر عليهما. -11في حال وجود أي قيود مفروضة على صاحب الامتياز بشأن نقل أي من حقوقه بموجب اتفاقية الامتياز إلى الغير. -12في حال تم تحديد مالك العلامة التجارية أو الاسم التجاري أو أي حقوق ملكية فكرية أخرى مستخدمة في أعمال الامتياز، وعلاقة مانح الامتياز بالمالك إذا لم يكن هو مالكها. -13حقوق كل من مانح الامتياز وصاحب الامتياز والتزاماتهما بشأن إنهاء اتفاقية الامتياز . -14حق صاحب الامتياز في تجديد أو عدم تجديد اتفاقية الامتياز أو تمديدها، إن وجد. -15حقوق كل من مانح الامتياز وصاحب الامتياز والتزاماتهما المترتبة على إنهاء اتفاقية الامتياز أو انقضائها. -16في حال وجود أي قيود مفروضة على كل من مانح الامتياز وصاحب الامتياز بشأن ممارسة أي أعمال منافسة لأعمال الامتياز خلال مدة سريان الاتفاقية أو بعد إنهائها أو انقضائها، وذلك دون إخلال بأحكام نظام المنافسة. -17التزام صاحب الامتياز بعدم الإضرار بسمعة مانح الامتياز وأعمال الامتياز. -18التزامات صاحب الامتياز المتعلقة بموقع أو مقر أعمال الامتياز، إن وجدت، وحقه في تغيير ذلك الموقع أو المقر، إن وجد. -19التزامات كل من مانح الامتياز وصاحب الامتياز المتعلقة بسرية المعلومات وحماية البيانات.
- متطلبات وثيقة الإفصاح :1-على مانح الامتياز تزويد صاحب الامتياز بنسخة من وثيقة الإفصاح وفقاً لما تحدده اللائحة قبل (أربعة عشر) يوماً على الأقل من إبرام اتفاقية الامتياز أو من تاريخ دفع صاحب الامتياز أي مقابل في شأن الامتياز، أيهما أسبق.2-أن تحرر باللغة العربية، وإذا كانت محررة بغير اللغة العربية فيجب ترجمتها إلى اللغة العربية ترجمة معتمدة. 3-أن تكون واضحة ودقيقة. 4-في حال تقديم مانح الامتياز إلى صاحب الامتياز -الذي ينوي التعاقد معه- معلومات تتعلق بالأداء المالي السابق أو المتوقع لأعمال الامتياز المملوكة له أو لأي شخص ضمن مجموعته؛ فعليه تضمين هذه المعلومات في وثيقة الإفصاح ومراعاة استيفائها للأحكام والشروط التي تحددها اللائحة.","قيد الامتياز التجاري (تسجيل - تعديل - الغاء). وزارة التجارة. التاجر · السجل التجاري · قطاع الأعمال. الشروط: الشروط: - شروط منح الامتياز: 1- لا يجوز عرض فرصة الامتياز أو منح الامتياز إلا بعد أن يتم ممارسة أعمال الامتياز وفقاً لنموذج عمل الامتياز لمدة لا تقل عن سنة واحدة من قبل شخصين أو في منفذي بيع مختلفين على الأقل، ويجوز أن يكون أحد هذين الشخصين هو مانح الامتياز أو أي شخص ضمن مجموعته. 2- إذا كان مانح الامتياز لا يمارس أعمال الامتياز في المملكة بنفسه، فلا يجوز لصاحب الامتياز الذي يملك حق منح امتياز فرعي عرض فرصة الامتياز أو منح الامتياز إلا بعد ممارسته، أو ممارسة غيره من أصحاب الامتياز، لأعمال الامتياز في المملكة لمدة لا تقل عن سنة.
- شروط ومتطلبات قيد الامتياز: 1-التسجيل لدى الوزارة: يتعين على مانح الامتياز قيد كل اتفاقية امتياز موقعة ووثيقة الإفصاح ذات الصلة لدى الوزارة خلال (90) يومًا من تاريخ توقيع الاتفاقية، وذلك بإيداع نسخة من هذه الاتفاقية ووثيقة الإفصاح لدى الجهة المختصة في الوزارة.2- تعديل اتفاقية الامتياز: في حال تعديل اتفاقية الامتياز بتغيير أي من طرفيها أو مدتها، يلتزم مانح الامتياز بقيد تعديل اتفاقية الامتياز لدى الوزارة خلال (90) يومًا من تاريخ إجرائه، وذلك بإيداع نسخة من التعديل الموقع.3- إلغاء قيد امتياز تجاري : في حال الغاء قيد امتياز تجاري يتم ذلك في الحالات التالية : انتهاء المدة أو انقضائها أو صدور حكم قضائي ببطلان الاتفاقية أو إلغائها.
- محتويات اتفاقية الامتياز:-1يجب أن تكون اتفاقية الامتياز مكتوبة وموقعة من طرفيها. وإذا كانت محررة بغير اللغة العربية، يجب ترجمتها إلى اللغة العربية ترجمة معتمدة.-2 يجب أن تتضمن اتفاقية الامتياز بالإضافة إلى ما يتم الاتفاق عليه بين الطرفين، النقاط التالية: 1- أعمال الامتياز ووصفها، ومدة الاتفاقية، وطريقة تعديلها، ونطاقها الجغرافي، 2 -المقابل المالي الذي يتعين على صاحب الامتياز دفعه إلى مانح الامتياز، ويشمل المقابل المالي للامتياز، والمقابل المالي لتدريب موظفي صاحب الامتياز (إن وجد)، والدعم الفني، وآلية احتساب أي مبلغ يدفع كمقابل للسلع أو الخدمات المقدمة لصاحب الامتياز من مانح الامتياز أو أي شخص ضمن مجموعته.-3التزامات الطرفين فيما يتعلق بتدريب مانح الامتياز لموظفي صاحب الامتياز.-4التزام مانح الامتياز بتقديم الخبرات التقنية والتسويقية وغيرها من الخبرات اللازمة لطبيعة الامتياز. -5التزام صاحب الامتياز بالتقيد بالتعليمات الخاصة بالتسويق والعرض والمحافظة على هوية الامتياز. -6التزامات مانح الامتياز في توريد السلع أو الخدمات إلى صاحب الامتياز، والتزام صاحب الامتياز في الحصول على تلك السلع أو الخدمات مباشرة من مانح الامتياز أو عبر طرف آخر بناءً على تعليمات مانح الامتياز.-7حقوق صاحب الامتياز في استخدام العلامات التجارية وأي حقوق ملكية فكرية أخرى متعلقة بأعمال الامتياز، والتزامات الطرفين في حال الإخلال بحقوق الملكية الفكرية والتعويضات المترتبة على ذلك. -8آلية تسوية النزاعات المتعلقة باتفاقية الامتياز. -9حق صاحب الامتياز في منح امتياز فرعي للغير وأحكام ذلك.-10 الآثار المترتبة على تغيير ملكية صاحب الامتياز أو مانح الامتياز أو الشخص المسيطر عليهما. -11في حال وجود أي قيود مفروضة على صاحب الامتياز بشأن نقل أي من حقوقه بموجب اتفاقية الامتياز إلى الغير. -12في حال تم تحديد مالك العلامة التجارية أو الاسم التجاري أو أي حقوق ملكية فكرية أخرى مستخدمة في أعمال الامتياز، وعلاقة مانح الامتياز بالمالك إذا لم يكن هو مالكها. -13حقوق كل من مانح الامتياز وصاحب الامتياز والتزاماتهما بشأن إنهاء اتفاقية الامتياز . -14حق صاحب الامتياز في تجديد أو عدم تجديد اتفاقية الامتياز أو تمديدها، إن وجد. -15حقوق كل من مانح الامتياز وصاحب الامتياز والتزاماتهما المترتبة على إنهاء اتفاقية الامتياز أو انقضائها. -16في حال وجود أي قيود مفروضة على كل من مانح الامتياز وصاحب الامتياز بشأن ممارسة أي أعمال منافسة لأعمال الامتياز خلال مدة سريان الاتفاقية أو بعد إنهائها أو انقضائها، وذلك دون إخلال بأحكام نظام المنافسة. -17التزام صاحب الامتياز بعدم الإضرار بسمعة مانح الامتياز وأعمال الامتياز. -18التزامات صاحب الامتياز المتعلقة بموقع أو مقر أعمال الامتياز، إن وجدت، وحقه في تغيير ذلك الموقع أو المقر، إن وجد. -19التزامات كل من مانح الامتياز وصاحب الامتياز المتعلقة بسرية المعلومات وحماية البيانات.
- متطلبات وثيقة الإفصاح :1-على مانح الامتياز تزويد صاحب الامتياز بنسخة من وثيقة الإفصاح وفقاً لما تحدده اللائحة قبل (أربعة عشر) يوماً على الأقل من إبرام اتفاقية الامتياز أو من تاريخ دفع صاحب الامتياز أي مقابل في شأن الامتياز، أيهما أسبق.2-أن تحرر باللغة العربية، وإذا كانت محررة بغير اللغة العربية فيجب ترجمتها إلى اللغة العربية ترجمة معتمدة. 3-أن تكون واضحة ودقيقة. 4-في حال تقديم مانح الامتياز إلى صاحب الامتياز -الذي ينوي التعاقد معه- معلومات تتعلق بالأداء المالي السابق أو المتوقع لأعمال الامتياز المملوكة له أو لأي شخص ضمن مجموعته؛ فعليه تضمين هذه المعلومات في وثيقة الإفصاح ومراعاة استيفائها للأحكام والشروط التي تحددها اللائحة.",قيد الامتياز التجاري (تسجيل - تعديل - الغاء),وزارة التجارة,التاجر · السجل التجاري · قطاع الأعمال,https://mc.gov.sa/ar/eservices/Pages/ServiceDetails.aspx?sID=24
mc-24::ar::documents,mc-24,ar,documents,"- (تسجيل قيد امتياز تجاري): 1- اتفاقية امتياز. 2- وثيقة الإفصاح.
- (تعديل قيد امتياز تجاري) : 1- وثيقة الامتياز المعدلة. 2- وثيقة الإفصاح المعدلة.
- (الغاء قيد امتياز تجاري ) : 1- انتهاء المدة أو انقضائها بحكم قضائي ببطلان الاتفاقية أو إنهائها. 2- في حال وجود حكم قضائي يتم إضافة المستند.","قيد الامتياز التجاري (تسجيل - تعديل - الغاء). وزارة التجارة. التاجر · السجل التجاري · قطاع الأعمال. المستندات المطلوبة: - (تسجيل قيد امتياز تجاري): 1- اتفاقية امتياز. 2- وثيقة الإفصاح.
- (تعديل قيد امتياز تجاري) : 1- وثيقة الامتياز المعدلة. 2- وثيقة الإفصاح المعدلة.
- (الغاء قيد امتياز تجاري ) : 1- انتهاء المدة أو انقضائها بحكم قضائي ببطلان الاتفاقية أو إنهائها. 2- في حال وجود حكم قضائي يتم إضافة المستند.",قيد الامتياز التجاري (تسجيل - تعديل - الغاء),وزارة التجارة,التاجر · السجل التجاري · قطاع الأعمال,https://mc.gov.sa/ar/eservices/Pages/ServiceDetails.aspx?sID=24
mc-24::ar::steps,mc-24,ar,steps,"- الضغط على ابدأ الخدمة.
- اختيار ايقونة الدخول للنظام
- الدخول إلى الحساب (اسم المستخدم وكلمة المرور) او تسجيل الدخول عبر نفاذ الوطني
- تعبئة البيانات وارفاق المستندات
- دفع الرسوم واستعراض القيد وطباعة الشهادة
- في حال وجود (تعديل،الغاء) يمكن اتباع الخطوات السابقة.","قيد الامتياز التجاري (تسجيل - تعديل - الغاء). وزارة التجارة. التاجر · السجل التجاري · قطاع الأعمال. الخطوات: - الضغط على ابدأ الخدمة.
- اختيار ايقونة الدخول للنظام
- الدخول إلى الحساب (اسم المستخدم وكلمة المرور) او تسجيل الدخول عبر نفاذ الوطني
- تعبئة البيانات وارفاق المستندات
- دفع الرسوم واستعراض القيد وطباعة الشهادة
- في حال وجود (تعديل،الغاء) يمكن اتباع الخطوات السابقة.",قيد الامتياز التجاري (تسجيل - تعديل - الغاء),وزارة التجارة,التاجر · السجل التجاري · قطاع الأعمال,https://mc.gov.sa/ar/eservices/Pages/ServiceDetails.aspx?sID=24
mc-24::ar::service_facts,mc-24,ar,service_facts,"الرسوم: 500
لقيد الامتياز التجاري
100
لتعديل قيد الامتياز التجاري
مدة التنفيذ: فوري
الفئة المستفيدة: التاجر
لغة الخدمة: العربية والانجليزية","قيد الامتياز التجاري (تسجيل - تعديل - الغاء). وزارة التجارة. التاجر · السجل التجاري · قطاع الأعمال. الرسوم وتفاصيل الخدمة: الرسوم: 500
لقيد الامتياز التجاري
100
لتعديل قيد الامتياز التجاري
مدة التنفيذ: فوري
الفئة المستفيدة: التاجر
لغة الخدمة: العربية والانجليزية",قيد الامتياز التجاري (تسجيل - تعديل - الغاء),وزارة التجارة,التاجر · السجل التجاري · قطاع الأعمال,https://mc.gov.sa/ar/eservices/Pages/ServiceDetails.aspx?sID=24
mc-25::en::overview,mc-25,en,overview,"An electronic service provided by the Ministry of Commerce, which enables beneficiaries to electronically submit requests for verifying documents associated with the commercial register, certificates of origin, and discount licenses, eliminating the necessity to visit the Ministry branches.","Document verification service. Ministry of Commerce. Merchant · Commercial Register · Business sector. Overview: An electronic service provided by the Ministry of Commerce, which enables beneficiaries to electronically submit requests for verifying documents associated with the commercial register, certificates of origin, and discount licenses, eliminating the necessity to visit the Ministry branches.",Document verification service,Ministry of Commerce,Merchant · Commercial Register · Business sector,https://mc.gov.sa/en/eservices/Pages/ServiceDetails.aspx?sID=25
mc-25::en::requirements,mc-25,en,requirements,Conditions: - There is no,Document verification service. Ministry of Commerce. Merchant · Commercial Register · Business sector. Conditions: Conditions: - There is no,Document verification service,Ministry of Commerce,Merchant · Commercial Register · Business sector,https://mc.gov.sa/en/eservices/Pages/ServiceDetails.aspx?sID=25
mc-25::en::documents,mc-25,en,documents,- There is no,Document verification service. Ministry of Commerce. Merchant · Commercial Register · Business sector. Required documents: - There is no,Document verification service,Ministry of Commerce,Merchant · Commercial Register · Business sector,https://mc.gov.sa/en/eservices/Pages/ServiceDetails.aspx?sID=25
mc-25::en::steps,mc-25,en,steps,"- Click on start service.
- Choose the type of verification required
- Enter the verification code","Document verification service. Ministry of Commerce. Merchant · Commercial Register · Business sector. Steps: - Click on start service.
- Choose the type of verification required
- Enter the verification code",Document verification service,Ministry of Commerce,Merchant · Commercial Register · Business sector,https://mc.gov.sa/en/eservices/Pages/ServiceDetails.aspx?sID=25
mc-25::en::service_facts,mc-25,en,service_facts,"Fees: Free
Processing time: immediately
Beneficiaries: Consumer
Merchant
Service languages: Arabic","Document verification service. Ministry of Commerce. Merchant · Commercial Register · Business sector. Fees & service details: Fees: Free
Processing time: immediately
Beneficiaries: Consumer
Merchant
Service languages: Arabic",Document verification service,Ministry of Commerce,Merchant · Commercial Register · Business sector,https://mc.gov.sa/en/eservices/Pages/ServiceDetails.aspx?sID=25
mc-25::ar::overview,mc-25,ar,overview,خدمة إلكترونية تقدمها وزارة التجارة، تتيح للمستفيدين تقديم طلب التحقق من الوثائق المتعلقة بالسجل التجاري وشهادة المنشأ وتراخيص التخفيضات، إلكترونيًا دون الحاجة إلى مراجعة فروع الوزارة.,خدمة التحقق من الوثائق. وزارة التجارة. التاجر · السجل التجاري · قطاع الأعمال. نظرة عامة: خدمة إلكترونية تقدمها وزارة التجارة، تتيح للمستفيدين تقديم طلب التحقق من الوثائق المتعلقة بالسجل التجاري وشهادة المنشأ وتراخيص التخفيضات، إلكترونيًا دون الحاجة إلى مراجعة فروع الوزارة.,خدمة التحقق من الوثائق,وزارة التجارة,التاجر · السجل التجاري · قطاع الأعمال,https://mc.gov.sa/ar/eservices/Pages/ServiceDetails.aspx?sID=25
mc-25::ar::requirements,mc-25,ar,requirements,الشروط: - لا يوجد,خدمة التحقق من الوثائق. وزارة التجارة. التاجر · السجل التجاري · قطاع الأعمال. الشروط: الشروط: - لا يوجد,خدمة التحقق من الوثائق,وزارة التجارة,التاجر · السجل التجاري · قطاع الأعمال,https://mc.gov.sa/ar/eservices/Pages/ServiceDetails.aspx?sID=25
mc-25::ar::documents,mc-25,ar,documents,- لا يوجد,خدمة التحقق من الوثائق. وزارة التجارة. التاجر · السجل التجاري · قطاع الأعمال. المستندات المطلوبة: - لا يوجد,خدمة التحقق من الوثائق,وزارة التجارة,التاجر · السجل التجاري · قطاع الأعمال,https://mc.gov.sa/ar/eservices/Pages/ServiceDetails.aspx?sID=25
mc-25::ar::steps,mc-25,ar,steps,"- الضغط على إبدأ الخدمة.
- إختيار نوع التحقق المطلوب
- إدخال رمز التحقق","خدمة التحقق من الوثائق. وزارة التجارة. التاجر · السجل التجاري · قطاع الأعمال. الخطوات: - الضغط على إبدأ الخدمة.
- إختيار نوع التحقق المطلوب
- إدخال رمز التحقق",خدمة التحقق من الوثائق,وزارة التجارة,التاجر · السجل التجاري · قطاع الأعمال,https://mc.gov.sa/ar/eservices/Pages/ServiceDetails.aspx?sID=25
mc-25::ar::service_facts,mc-25,ar,service_facts,"الرسوم: مجانية
مدة التنفيذ: فوري
الفئة المستفيدة: المستهلك
التاجر
لغة الخدمة: العربية","خدمة التحقق من الوثائق. وزارة التجارة. التاجر · السجل التجاري · قطاع الأعمال. الرسوم وتفاصيل الخدمة: الرسوم: مجانية
مدة التنفيذ: فوري
الفئة المستفيدة: المستهلك
التاجر
لغة الخدمة: العربية",خدمة التحقق من الوثائق,وزارة التجارة,التاجر · السجل التجاري · قطاع الأعمال,https://mc.gov.sa/ar/eservices/Pages/ServiceDetails.aspx?sID=25
mc-26::en::overview,mc-26,en,overview,"An electronic service provided by the Ministry of Commerce through the Saudi Business Center platform that allows beneficiaries to transfer a trade name registered in the company's commercial register, independently of the store, without the need to visit service centers.","Assignment of Trade Name for Company. Ministry of Commerce. Merchant · Brand Names · Business sector. Overview: An electronic service provided by the Ministry of Commerce through the Saudi Business Center platform that allows beneficiaries to transfer a trade name registered in the company's commercial register, independently of the store, without the need to visit service centers.",Assignment of Trade Name for Company,Ministry of Commerce,Merchant · Brand Names · Business sector,https://mc.gov.sa/en/eservices/Pages/ServiceDetails.aspx?sID=26
mc-26::en::requirements,mc-26,en,requirements,"Conditions: - The applicant or beneficiary must be at least 18 years old.
- The applicant or beneficiary must not be a government employee.
- The applicant must be a manager or authorized representative of the company through the Tafawud platform.
- The name must not be a personal name.
- The name must be registered in an active commercial register.
- The transferee must have the same family name, if the trade name is a family name.","Assignment of Trade Name for Company. Ministry of Commerce. Merchant · Brand Names · Business sector. Conditions: Conditions: - The applicant or beneficiary must be at least 18 years old.
- The applicant or beneficiary must not be a government employee.
- The applicant must be a manager or authorized representative of the company through the Tafawud platform.
- The name must not be a personal name.
- The name must be registered in an active commercial register.
- The transferee must have the same family name, if the trade name is a family name.",Assignment of Trade Name for Company,Ministry of Commerce,Merchant · Brand Names · Business sector,https://mc.gov.sa/en/eservices/Pages/ServiceDetails.aspx?sID=26
mc-26::en::documents,mc-26,en,documents,- There is no,Assignment of Trade Name for Company. Ministry of Commerce. Merchant · Brand Names · Business sector. Required documents: - There is no,Assignment of Trade Name for Company,Ministry of Commerce,Merchant · Brand Names · Business sector,https://mc.gov.sa/en/eservices/Pages/ServiceDetails.aspx?sID=26
mc-26::en::steps,mc-26,en,steps,"- Access the platform: Via the National Unified Access through the Saudi Business Center platform.
- Select the service: From ""Doing Business"" > ""Ministry of Commerce"" > ""Assigning a Trade Name to a Company.""
- Start the service: View the commercial register data, agree to the terms, then click ""Apply for the service.""
- Enter the beneficiary's data: Select the beneficiary type, then fill in their details.
- Enter the alternative trade name: Select the name type (personal, existing, reserved) and enter the associated data.
- Review and submit the application: View the application summary, then approve the declaration and submit the application.
- Confirm assignment: A confirmation message is sent to the applicant. After entering the verification code, the application is sent to the Ministry of Commerce.
- Processing and payment (if applicable): After reviewing the application, the invoice is issued and the fees paid (if the service is not free).
- Complete the application: After payment, or if the service is free, the application status is changed to ""Complete.""","Assignment of Trade Name for Company. Ministry of Commerce. Merchant · Brand Names · Business sector. Steps: - Access the platform: Via the National Unified Access through the Saudi Business Center platform.
- Select the service: From ""Doing Business"" > ""Ministry of Commerce"" > ""Assigning a Trade Name to a Company.""
- Start the service: View the commercial register data, agree to the terms, then click ""Apply for the service.""
- Enter the beneficiary's data: Select the beneficiary type, then fill in their details.
- Enter the alternative trade name: Select the name type (personal, existing, reserved) and enter the associated data.
- Review and submit the application: View the application summary, then approve the declaration and submit the application.
- Confirm assignment: A confirmation message is sent to the applicant. After entering the verification code, the application is sent to the Ministry of Commerce.
- Processing and payment (if applicable): After reviewing the application, the invoice is issued and the fees paid (if the service is not free).
- Complete the application: After payment, or if the service is free, the application status is changed to ""Complete.""",Assignment of Trade Name for Company,Ministry of Commerce,Merchant · Brand Names · Business sector,https://mc.gov.sa/en/eservices/Pages/ServiceDetails.aspx?sID=26
mc-26::en::service_facts,mc-26,en,service_facts,"Fees: 100
Processing time: Within 72 hours
Beneficiaries: Merchant
Service languages: Arabic and English","Assignment of Trade Name for Company. Ministry of Commerce. Merchant · Brand Names · Business sector. Fees & service details: Fees: 100
Processing time: Within 72 hours
Beneficiaries: Merchant
Service languages: Arabic and English",Assignment of Trade Name for Company,Ministry of Commerce,Merchant · Brand Names · Business sector,https://mc.gov.sa/en/eservices/Pages/ServiceDetails.aspx?sID=26
mc-26::ar::overview,mc-26,ar,overview,خدمة إلكترونية تقدمها وزارة التجارة عبر منصة المركز السعودي للأعمال، تتيح للمستفيدين التنازل عن الاسم التجاري المقيد في السجل التجاري للشركة، تصرفًا مستقلًا عن المتجر، دون الحاجة إلى زيارة مراكز الخدمة.,التنازل عن الاسم التجاري لشركة. وزارة التجارة. التاجر · الأسماء التجارية · قطاع الأعمال. نظرة عامة: خدمة إلكترونية تقدمها وزارة التجارة عبر منصة المركز السعودي للأعمال، تتيح للمستفيدين التنازل عن الاسم التجاري المقيد في السجل التجاري للشركة، تصرفًا مستقلًا عن المتجر، دون الحاجة إلى زيارة مراكز الخدمة.,التنازل عن الاسم التجاري لشركة,وزارة التجارة,التاجر · الأسماء التجارية · قطاع الأعمال,https://mc.gov.sa/ar/eservices/Pages/ServiceDetails.aspx?sID=26
mc-26::ar::requirements,mc-26,ar,requirements,"الشروط: - ألا يقل عمر مقدم الطلب أو المستفيد عن 18سنة.
- ألا يكون مقدم الطلب أو المستفيد موظفًا حكوميًا.
- أن يكون مقدم الطلب مديرًا أو مفوضًا عن الشركة عبر منصة تفاويض.
- ألا يكون الاسم اسمًا شخصيًا.
- أن يكون الاسم مقيدًا في سجل تجاري حالته نشط.
- أن يكون المتنازل له يحمل ذات الاسم العائلي، في حال كان الاسم التجاري عائلي.","التنازل عن الاسم التجاري لشركة. وزارة التجارة. التاجر · الأسماء التجارية · قطاع الأعمال. الشروط: الشروط: - ألا يقل عمر مقدم الطلب أو المستفيد عن 18سنة.
- ألا يكون مقدم الطلب أو المستفيد موظفًا حكوميًا.
- أن يكون مقدم الطلب مديرًا أو مفوضًا عن الشركة عبر منصة تفاويض.
- ألا يكون الاسم اسمًا شخصيًا.
- أن يكون الاسم مقيدًا في سجل تجاري حالته نشط.
- أن يكون المتنازل له يحمل ذات الاسم العائلي، في حال كان الاسم التجاري عائلي.",التنازل عن الاسم التجاري لشركة,وزارة التجارة,التاجر · الأسماء التجارية · قطاع الأعمال,https://mc.gov.sa/ar/eservices/Pages/ServiceDetails.aspx?sID=26
mc-26::ar::documents,mc-26,ar,documents,- لا يوجد,التنازل عن الاسم التجاري لشركة. وزارة التجارة. التاجر · الأسماء التجارية · قطاع الأعمال. المستندات المطلوبة: - لا يوجد,التنازل عن الاسم التجاري لشركة,وزارة التجارة,التاجر · الأسماء التجارية · قطاع الأعمال,https://mc.gov.sa/ar/eservices/Pages/ServiceDetails.aspx?sID=26
mc-26::ar::steps,mc-26,ar,steps,"- الدخول على المنصة: عبر النفاذ الوطني الموحد من خلال منصة المركز السعودي للأعمال.
- اختيار الخدمة: من ""ممارسة الأعمال"" > ""وزارة التجارة"" > ""التنازل عن اسم تجاري لشركة"".
- بدء الخدمة: عرض بيانات السجل التجاري، الموافقة على الشروط، ثم الضغط على ""التقديم على الخدمة"".
- إدخال بيانات المستفيد: اختيار نوع المستفيد، ثم تعبئة بياناته.
- إدخال الاسم التجاري البديل: تحديد نوع الاسم (شخصي، قائم، محجوز) وإدخال البيانات المرتبطة به.
- مراجعة وتقديم الطلب: عرض ملخص الطلب، ثم الموافقة على الإقرار وتقديم الطلب.
- تأكيد التنازل: يتم إرسال رسالة تأكيد لمقدم الطلب، وبعد إدخال رمز التحقق، يُرسل الطلب لوزارة التجارة.
- المعالجة والدفع (إن وُجد): بعد مراجعة الطلب، يتم إصدار الفاتورة ودفع الرسوم (إذا كانت الخدمة غير مجانية).
- إتمام الطلب: بعد الدفع أو في حال كانت الخدمة مجانية، يتم تحويل حالة الطلب إلى ""مكتمل"".","التنازل عن الاسم التجاري لشركة. وزارة التجارة. التاجر · الأسماء التجارية · قطاع الأعمال. الخطوات: - الدخول على المنصة: عبر النفاذ الوطني الموحد من خلال منصة المركز السعودي للأعمال.
- اختيار الخدمة: من ""ممارسة الأعمال"" > ""وزارة التجارة"" > ""التنازل عن اسم تجاري لشركة"".
- بدء الخدمة: عرض بيانات السجل التجاري، الموافقة على الشروط، ثم الضغط على ""التقديم على الخدمة"".
- إدخال بيانات المستفيد: اختيار نوع المستفيد، ثم تعبئة بياناته.
- إدخال الاسم التجاري البديل: تحديد نوع الاسم (شخصي، قائم، محجوز) وإدخال البيانات المرتبطة به.
- مراجعة وتقديم الطلب: عرض ملخص الطلب، ثم الموافقة على الإقرار وتقديم الطلب.
- تأكيد التنازل: يتم إرسال رسالة تأكيد لمقدم الطلب، وبعد إدخال رمز التحقق، يُرسل الطلب لوزارة التجارة.
- المعالجة والدفع (إن وُجد): بعد مراجعة الطلب، يتم إصدار الفاتورة ودفع الرسوم (إذا كانت الخدمة غير مجانية).
- إتمام الطلب: بعد الدفع أو في حال كانت الخدمة مجانية، يتم تحويل حالة الطلب إلى ""مكتمل"".",التنازل عن الاسم التجاري لشركة,وزارة التجارة,التاجر · الأسماء التجارية · قطاع الأعمال,https://mc.gov.sa/ar/eservices/Pages/ServiceDetails.aspx?sID=26
mc-26::ar::service_facts,mc-26,ar,service_facts,"الرسوم: 100
مدة التنفيذ: خلال 72 ساعة
الفئة المستفيدة: التاجر
لغة الخدمة: العربية والانجليزية","التنازل عن الاسم التجاري لشركة. وزارة التجارة. التاجر · الأسماء التجارية · قطاع الأعمال. الرسوم وتفاصيل الخدمة: الرسوم: 100
مدة التنفيذ: خلال 72 ساعة
الفئة المستفيدة: التاجر
لغة الخدمة: العربية والانجليزية",التنازل عن الاسم التجاري لشركة,وزارة التجارة,التاجر · الأسماء التجارية · قطاع الأعمال,https://mc.gov.sa/ar/eservices/Pages/ServiceDetails.aspx?sID=26
mc-27::en::overview,mc-27,en,overview,"An electronic service provided by the Ministry of Commerce, which allows beneficiaries to submit the publication of the decisions of the extraordinary assembly related to merger, liquidation, division or acquisition. Electronically without the need to visit the Ministry branches","Publication of Extraordinary Assembly Resolutions. Ministry of Commerce. Merchant · companies · business sector. Overview: An electronic service provided by the Ministry of Commerce, which allows beneficiaries to submit the publication of the decisions of the extraordinary assembly related to merger, liquidation, division or acquisition. Electronically without the need to visit the Ministry branches",Publication of Extraordinary Assembly Resolutions,Ministry of Commerce,Merchant · companies · business sector,https://mc.gov.sa/en/eservices/Pages/ServiceDetails.aspx?sID=27
mc-27::en::requirements,mc-27,en,requirements,"Conditions: - Completing the procedures of the extraordinary general assembly.
- Paying the fees for publishing the amendment to the companies’ articles of association.","Publication of Extraordinary Assembly Resolutions. Ministry of Commerce. Merchant · companies · business sector. Conditions: Conditions: - Completing the procedures of the extraordinary general assembly.
- Paying the fees for publishing the amendment to the companies’ articles of association.",Publication of Extraordinary Assembly Resolutions,Ministry of Commerce,Merchant · companies · business sector,https://mc.gov.sa/en/eservices/Pages/ServiceDetails.aspx?sID=27
mc-27::en::documents,mc-27,en,documents,- Completing the procedures of the Extraordinary General Assembly.,Publication of Extraordinary Assembly Resolutions. Ministry of Commerce. Merchant · companies · business sector. Required documents: - Completing the procedures of the Extraordinary General Assembly.,Publication of Extraordinary Assembly Resolutions,Ministry of Commerce,Merchant · companies · business sector,https://mc.gov.sa/en/eservices/Pages/ServiceDetails.aspx?sID=27
mc-27::en::steps,mc-27,en,steps,"- Click on start service
- Login to the account (username and password)
- Click on the (new request) icon.
- Submitting a request to notify the Ministry of holding an extraordinary general assembly.
- The assembly meeting was held at the specified time.
- Submit a request to publish the decision of the Extraordinary General Assembly on the Ministry's website","Publication of Extraordinary Assembly Resolutions. Ministry of Commerce. Merchant · companies · business sector. Steps: - Click on start service
- Login to the account (username and password)
- Click on the (new request) icon.
- Submitting a request to notify the Ministry of holding an extraordinary general assembly.
- The assembly meeting was held at the specified time.
- Submit a request to publish the decision of the Extraordinary General Assembly on the Ministry's website",Publication of Extraordinary Assembly Resolutions,Ministry of Commerce,Merchant · companies · business sector,https://mc.gov.sa/en/eservices/Pages/ServiceDetails.aspx?sID=27
mc-27::en::service_facts,mc-27,en,service_facts,"Fees: 1500
15% VAT is added to it..
Processing time: immediately
Beneficiaries: Merchant
Service languages: Arabic","Publication of Extraordinary Assembly Resolutions. Ministry of Commerce. Merchant · companies · business sector. Fees & service details: Fees: 1500
15% VAT is added to it..
Processing time: immediately
Beneficiaries: Merchant
Service languages: Arabic",Publication of Extraordinary Assembly Resolutions,Ministry of Commerce,Merchant · companies · business sector,https://mc.gov.sa/en/eservices/Pages/ServiceDetails.aspx?sID=27
mc-27::ar::overview,mc-27,ar,overview,خدمة إلكترونية تقدمها وزارة التجارة، تتيح للمستفيدين تقديم نشر قرارات الجمعية غير العادية المتعلقة بالاندماج او التصفية او التقسيم او الإستحواذ. إلكترونيًا دون الحاجة إلى مراجعة فروع الوزارة.,نشر قرارات الجمعية غير العادية. وزارة التجارة. التاجر · الشركات · قطاع الأعمال. نظرة عامة: خدمة إلكترونية تقدمها وزارة التجارة، تتيح للمستفيدين تقديم نشر قرارات الجمعية غير العادية المتعلقة بالاندماج او التصفية او التقسيم او الإستحواذ. إلكترونيًا دون الحاجة إلى مراجعة فروع الوزارة.,نشر قرارات الجمعية غير العادية,وزارة التجارة,التاجر · الشركات · قطاع الأعمال,https://mc.gov.sa/ar/eservices/Pages/ServiceDetails.aspx?sID=27
mc-27::ar::requirements,mc-27,ar,requirements,"الشروط: - استكمال إجراءات الجمعية العامة غير العادية.
- سداد رسوم نشر تعديل الأنظمة الأساسية للشركات.","نشر قرارات الجمعية غير العادية. وزارة التجارة. التاجر · الشركات · قطاع الأعمال. الشروط: الشروط: - استكمال إجراءات الجمعية العامة غير العادية.
- سداد رسوم نشر تعديل الأنظمة الأساسية للشركات.",نشر قرارات الجمعية غير العادية,وزارة التجارة,التاجر · الشركات · قطاع الأعمال,https://mc.gov.sa/ar/eservices/Pages/ServiceDetails.aspx?sID=27
mc-27::ar::documents,mc-27,ar,documents,- استكمال إجراءات الجمعية العامة الغير العادية .,نشر قرارات الجمعية غير العادية. وزارة التجارة. التاجر · الشركات · قطاع الأعمال. المستندات المطلوبة: - استكمال إجراءات الجمعية العامة الغير العادية .,نشر قرارات الجمعية غير العادية,وزارة التجارة,التاجر · الشركات · قطاع الأعمال,https://mc.gov.sa/ar/eservices/Pages/ServiceDetails.aspx?sID=27
mc-27::ar::steps,mc-27,ar,steps,"- الضغط على إبدأ الخدمة
- الدخول إلى الحساب (اسم المستخدم وكلمة المرور)
- الضغط على أيقونة (طلب جديد)
- تقديم طلب اخطار الوزارة بعقد الجمعية العامة الغير العادية.
- عقد اجتماع الجمعية في الموعد المحدد لها .
- التقدم بطلب نشر قرار الجمعية العامة الغير العادية على موقع الوزارة","نشر قرارات الجمعية غير العادية. وزارة التجارة. التاجر · الشركات · قطاع الأعمال. الخطوات: - الضغط على إبدأ الخدمة
- الدخول إلى الحساب (اسم المستخدم وكلمة المرور)
- الضغط على أيقونة (طلب جديد)
- تقديم طلب اخطار الوزارة بعقد الجمعية العامة الغير العادية.
- عقد اجتماع الجمعية في الموعد المحدد لها .
- التقدم بطلب نشر قرار الجمعية العامة الغير العادية على موقع الوزارة",نشر قرارات الجمعية غير العادية,وزارة التجارة,التاجر · الشركات · قطاع الأعمال,https://mc.gov.sa/ar/eservices/Pages/ServiceDetails.aspx?sID=27
mc-27::ar::service_facts,mc-27,ar,service_facts,"الرسوم: 1500
يضاف عليها ضريبة القيمة المضافة 15%
مدة التنفيذ: فوري
الفئة المستفيدة: التاجر
لغة الخدمة: العربية","نشر قرارات الجمعية غير العادية. وزارة التجارة. التاجر · الشركات · قطاع الأعمال. الرسوم وتفاصيل الخدمة: الرسوم: 1500
يضاف عليها ضريبة القيمة المضافة 15%
مدة التنفيذ: فوري
الفئة المستفيدة: التاجر
لغة الخدمة: العربية",نشر قرارات الجمعية غير العادية,وزارة التجارة,التاجر · الشركات · قطاع الأعمال,https://mc.gov.sa/ar/eservices/Pages/ServiceDetails.aspx?sID=27
mc-28::en::overview,mc-28,en,overview,"An electronic service provided by the Ministry of Commerce, which allows companies planning to conduct Assemblies, whether Ordinary or Extraordinary, to notify the Ministry about the Assembly's proceedings. This can be done by submitting an application online, along with the results of the Assembly and all necessary documents as stipulated by the Companies Law, thus eliminating the need for physical visits to the Ministry branches.","Notifying the Ministry of the Assembly. Ministry of Commerce. Merchant · companies · business sector. Overview: An electronic service provided by the Ministry of Commerce, which allows companies planning to conduct Assemblies, whether Ordinary or Extraordinary, to notify the Ministry about the Assembly's proceedings. This can be done by submitting an application online, along with the results of the Assembly and all necessary documents as stipulated by the Companies Law, thus eliminating the need for physical visits to the Ministry branches.",Notifying the Ministry of the Assembly,Ministry of Commerce,Merchant · companies · business sector,https://mc.gov.sa/en/eservices/Pages/ServiceDetails.aspx?sID=28
mc-28::en::requirements,mc-28,en,requirements,Conditions: - nothing,Notifying the Ministry of the Assembly. Ministry of Commerce. Merchant · companies · business sector. Conditions: Conditions: - nothing,Notifying the Ministry of the Assembly,Ministry of Commerce,Merchant · companies · business sector,https://mc.gov.sa/en/eservices/Pages/ServiceDetails.aspx?sID=28
mc-28::en::documents,mc-28,en,documents,"- Assembly call
- schedule of work","Notifying the Ministry of the Assembly. Ministry of Commerce. Merchant · companies · business sector. Required documents: - Assembly call
- schedule of work",Notifying the Ministry of the Assembly,Ministry of Commerce,Merchant · companies · business sector,https://mc.gov.sa/en/eservices/Pages/ServiceDetails.aspx?sID=28
mc-28::en::steps,mc-28,en,steps,"- Click on Start Service.
- Log in to your account (username and password) or log in via National Access
- Click on the icon (Inform the Ministry of the Association)
- Results of the Association after its convening
- Click on the icon ""Send Request"".
- Provide the Ministry with the results of the Association and the required documents according to the provisions of companies through the option ""Inform the Ministry of the Association Documents""","Notifying the Ministry of the Assembly. Ministry of Commerce. Merchant · companies · business sector. Steps: - Click on Start Service.
- Log in to your account (username and password) or log in via National Access
- Click on the icon (Inform the Ministry of the Association)
- Results of the Association after its convening
- Click on the icon ""Send Request"".
- Provide the Ministry with the results of the Association and the required documents according to the provisions of companies through the option ""Inform the Ministry of the Association Documents""",Notifying the Ministry of the Assembly,Ministry of Commerce,Merchant · companies · business sector,https://mc.gov.sa/en/eservices/Pages/ServiceDetails.aspx?sID=28
mc-28::en::service_facts,mc-28,en,service_facts,"Fees: Free
Processing time: immediately
Beneficiaries: Merchant
Service languages: Arabic","Notifying the Ministry of the Assembly. Ministry of Commerce. Merchant · companies · business sector. Fees & service details: Fees: Free
Processing time: immediately
Beneficiaries: Merchant
Service languages: Arabic",Notifying the Ministry of the Assembly,Ministry of Commerce,Merchant · companies · business sector,https://mc.gov.sa/en/eservices/Pages/ServiceDetails.aspx?sID=28
mc-28::ar::overview,mc-28,ar,overview,خدمة إلكترونية تقدمها وزارة التجارة، تتيح للمستفيدين هذه الخدمة الشركات الراغبة بعقد الجمعيات (العادية، غير العادية إحاطة الوزارة بعقد الجمعية وذلك بتقديم الطلب إلكترونيًا، على أن يتم تزويد الوزارة بنتائج عقد الجمعية والوثائق المطلوبة وفقاً لأحكام نظام الشركات.، إلكترونيًا دون الحاجة إلى مراجعة فروع الوزارة.,إحاطة الوزارة بالجمعية. وزارة التجارة. التاجر · الشركات · قطاع الأعمال. نظرة عامة: خدمة إلكترونية تقدمها وزارة التجارة، تتيح للمستفيدين هذه الخدمة الشركات الراغبة بعقد الجمعيات (العادية، غير العادية إحاطة الوزارة بعقد الجمعية وذلك بتقديم الطلب إلكترونيًا، على أن يتم تزويد الوزارة بنتائج عقد الجمعية والوثائق المطلوبة وفقاً لأحكام نظام الشركات.، إلكترونيًا دون الحاجة إلى مراجعة فروع الوزارة.,إحاطة الوزارة بالجمعية,وزارة التجارة,التاجر · الشركات · قطاع الأعمال,https://mc.gov.sa/ar/eservices/Pages/ServiceDetails.aspx?sID=28
mc-28::ar::requirements,mc-28,ar,requirements,الشروط: - لا يوجد,إحاطة الوزارة بالجمعية. وزارة التجارة. التاجر · الشركات · قطاع الأعمال. الشروط: الشروط: - لا يوجد,إحاطة الوزارة بالجمعية,وزارة التجارة,التاجر · الشركات · قطاع الأعمال,https://mc.gov.sa/ar/eservices/Pages/ServiceDetails.aspx?sID=28
mc-28::ar::documents,mc-28,ar,documents,"- دعوة الجمعية
- جدول الاعمال","إحاطة الوزارة بالجمعية. وزارة التجارة. التاجر · الشركات · قطاع الأعمال. المستندات المطلوبة: - دعوة الجمعية
- جدول الاعمال",إحاطة الوزارة بالجمعية,وزارة التجارة,التاجر · الشركات · قطاع الأعمال,https://mc.gov.sa/ar/eservices/Pages/ServiceDetails.aspx?sID=28
mc-28::ar::steps,mc-28,ar,steps,"- الضغط على إبدأ الخدمة.
- الدخول إلى الحساب (اسم المستخدم وكلمة المرور) او تسجيل الدخول عبر نفاذ الوطني
- الضغط على أيقونة (إحاطة الوزارة بالجمعية)
- نتائج الجمعية بعد انعقادها
- الضغط على أيقونة """"إرسال الطلب"""".
- تزويد الوزارة بنتائج الجمعية والوثائق المطلوبة وفقاً لأحكام الشركات عن طريق خيار """" إحاطة الوزارة بوثائق الجمعية""","إحاطة الوزارة بالجمعية. وزارة التجارة. التاجر · الشركات · قطاع الأعمال. الخطوات: - الضغط على إبدأ الخدمة.
- الدخول إلى الحساب (اسم المستخدم وكلمة المرور) او تسجيل الدخول عبر نفاذ الوطني
- الضغط على أيقونة (إحاطة الوزارة بالجمعية)
- نتائج الجمعية بعد انعقادها
- الضغط على أيقونة """"إرسال الطلب"""".
- تزويد الوزارة بنتائج الجمعية والوثائق المطلوبة وفقاً لأحكام الشركات عن طريق خيار """" إحاطة الوزارة بوثائق الجمعية""",إحاطة الوزارة بالجمعية,وزارة التجارة,التاجر · الشركات · قطاع الأعمال,https://mc.gov.sa/ar/eservices/Pages/ServiceDetails.aspx?sID=28
mc-28::ar::service_facts,mc-28,ar,service_facts,"الرسوم: مجانية
مدة التنفيذ: فوري
الفئة المستفيدة: التاجر
لغة الخدمة: العربية","إحاطة الوزارة بالجمعية. وزارة التجارة. التاجر · الشركات · قطاع الأعمال. الرسوم وتفاصيل الخدمة: الرسوم: مجانية
مدة التنفيذ: فوري
الفئة المستفيدة: التاجر
لغة الخدمة: العربية",إحاطة الوزارة بالجمعية,وزارة التجارة,التاجر · الشركات · قطاع الأعمال,https://mc.gov.sa/ar/eservices/Pages/ServiceDetails.aspx?sID=28
mc-30::en::overview,mc-30,en,overview,"This online service, provided by the Ministry of Commerce through the Recalls.sa platform, enables consumers to check whether their products or vehicles are part of recall campaigns announced by the Ministry in coordination with manufacturers and local distributors. It ensures consumer safety and protects their rights without requiring a visit to service centers.","Defective Products Inquiry. Ministry of Commerce. Consumer. Overview: This online service, provided by the Ministry of Commerce through the Recalls.sa platform, enables consumers to check whether their products or vehicles are part of recall campaigns announced by the Ministry in coordination with manufacturers and local distributors. It ensures consumer safety and protects their rights without requiring a visit to service centers.",Defective Products Inquiry,Ministry of Commerce,Consumer,https://mc.gov.sa/en/eservices/Pages/ServiceDetails.aspx?sID=30
mc-30::en::requirements,mc-30,en,requirements,"Conditions: - Vehicle Identification Number (VIN) or product information (brand, model, year).
- Communicate with the manufacturer or agent if the product appears in a recall","Defective Products Inquiry. Ministry of Commerce. Consumer. Conditions: Conditions: - Vehicle Identification Number (VIN) or product information (brand, model, year).
- Communicate with the manufacturer or agent if the product appears in a recall",Defective Products Inquiry,Ministry of Commerce,Consumer,https://mc.gov.sa/en/eservices/Pages/ServiceDetails.aspx?sID=30
mc-30::en::documents,mc-30,en,documents,- There is no,Defective Products Inquiry. Ministry of Commerce. Consumer. Required documents: - There is no,Defective Products Inquiry,Ministry of Commerce,Consumer,https://mc.gov.sa/en/eservices/Pages/ServiceDetails.aspx?sID=30
mc-30::en::steps,mc-30,en,steps,"- Accessing the platform for recalling defective products
- Enter the Vehicle Identification Number (VIN) or search using the product name or brand.
- Review the campaign details and follow the instructions provided for consumers.","Defective Products Inquiry. Ministry of Commerce. Consumer. Steps: - Accessing the platform for recalling defective products
- Enter the Vehicle Identification Number (VIN) or search using the product name or brand.
- Review the campaign details and follow the instructions provided for consumers.",Defective Products Inquiry,Ministry of Commerce,Consumer,https://mc.gov.sa/en/eservices/Pages/ServiceDetails.aspx?sID=30
mc-30::en::service_facts,mc-30,en,service_facts,"Fees: Free
Processing time: immediately
Beneficiaries: Consumer
Service languages: Arabic and English","Defective Products Inquiry. Ministry of Commerce. Consumer. Fees & service details: Fees: Free
Processing time: immediately
Beneficiaries: Consumer
Service languages: Arabic and English",Defective Products Inquiry,Ministry of Commerce,Consumer,https://mc.gov.sa/en/eservices/Pages/ServiceDetails.aspx?sID=30
mc-30::ar::overview,mc-30,ar,overview,خدمة إلكترونية تقدمها وزارة التجارة عبر منصة استدعاء المنتجات المعيبة، تتيح للمستهلكين التحقق من شمول منتجاتهم أو مركباتهم في حملات الاستدعاء التي تُعلن عنها الوزارة بالتعاون مع الشركات المصنعة والوكلاء المحليين، وذلك لضمان سلامة المستهلك وحماية حقوقه، دون الحاجة إلى زيارة مراكز الخدمة.,الاستعلام عن المنتجات المعيبة. وزارة التجارة. المستهلك. نظرة عامة: خدمة إلكترونية تقدمها وزارة التجارة عبر منصة استدعاء المنتجات المعيبة، تتيح للمستهلكين التحقق من شمول منتجاتهم أو مركباتهم في حملات الاستدعاء التي تُعلن عنها الوزارة بالتعاون مع الشركات المصنعة والوكلاء المحليين، وذلك لضمان سلامة المستهلك وحماية حقوقه، دون الحاجة إلى زيارة مراكز الخدمة.,الاستعلام عن المنتجات المعيبة,وزارة التجارة,المستهلك,https://mc.gov.sa/ar/eservices/Pages/ServiceDetails.aspx?sID=30
mc-30::ar::requirements,mc-30,ar,requirements,"الشروط: - توفر رقم هيكل المركبة (VIN) أو بيانات المنتج (العلامة التجارية – الطراز – الموديل).
- الالتزام بالتواصل مع الوكيل أو الجهة المصنعة في حال ظهور المنتج ضمن حملة استدعاء.","الاستعلام عن المنتجات المعيبة. وزارة التجارة. المستهلك. الشروط: الشروط: - توفر رقم هيكل المركبة (VIN) أو بيانات المنتج (العلامة التجارية – الطراز – الموديل).
- الالتزام بالتواصل مع الوكيل أو الجهة المصنعة في حال ظهور المنتج ضمن حملة استدعاء.",الاستعلام عن المنتجات المعيبة,وزارة التجارة,المستهلك,https://mc.gov.sa/ar/eservices/Pages/ServiceDetails.aspx?sID=30
mc-30::ar::documents,mc-30,ar,documents,- لا يوجد,الاستعلام عن المنتجات المعيبة. وزارة التجارة. المستهلك. المستندات المطلوبة: - لا يوجد,الاستعلام عن المنتجات المعيبة,وزارة التجارة,المستهلك,https://mc.gov.sa/ar/eservices/Pages/ServiceDetails.aspx?sID=30
mc-30::ar::steps,mc-30,ar,steps,"- الدخول إلى منصة استدعاء المنتجات المعيبة
- إدخال رقم الهيكل للمركبة أو البحث باسم المنتج او العلامة التجارية
- متابعة تفاصيل الحملة والإجراءات المطلوبة من المستهلك.","الاستعلام عن المنتجات المعيبة. وزارة التجارة. المستهلك. الخطوات: - الدخول إلى منصة استدعاء المنتجات المعيبة
- إدخال رقم الهيكل للمركبة أو البحث باسم المنتج او العلامة التجارية
- متابعة تفاصيل الحملة والإجراءات المطلوبة من المستهلك.",الاستعلام عن المنتجات المعيبة,وزارة التجارة,المستهلك,https://mc.gov.sa/ar/eservices/Pages/ServiceDetails.aspx?sID=30
mc-30::ar::service_facts,mc-30,ar,service_facts,"الرسوم: مجانية
مدة التنفيذ: فوري
الفئة المستفيدة: المستهلك
لغة الخدمة: العربية والانجليزية","الاستعلام عن المنتجات المعيبة. وزارة التجارة. المستهلك. الرسوم وتفاصيل الخدمة: الرسوم: مجانية
مدة التنفيذ: فوري
الفئة المستفيدة: المستهلك
لغة الخدمة: العربية والانجليزية",الاستعلام عن المنتجات المعيبة,وزارة التجارة,المستهلك,https://mc.gov.sa/ar/eservices/Pages/ServiceDetails.aspx?sID=30
mc-31::en::overview,mc-31,en,overview,"Request for Permits to Travel Abroad for the Purpose of Investment An electronic service provided by the Ministry of Commerce, which enables beneficiaries to electronically apply for a travel permit for business purposes to countries with travel restrictions, eliminating the need to visit the Ministry branches.","Request for permits to travel abroad for the purpose of investment. Ministry of Commerce. Merchant · Commercial Register · Business sector. Overview: Request for Permits to Travel Abroad for the Purpose of Investment An electronic service provided by the Ministry of Commerce, which enables beneficiaries to electronically apply for a travel permit for business purposes to countries with travel restrictions, eliminating the need to visit the Ministry branches.",Request for permits to travel abroad for the purpose of investment,Ministry of Commerce,Merchant · Commercial Register · Business sector,https://mc.gov.sa/en/eservices/Pages/ServiceDetails.aspx?sID=31
mc-31::en::requirements,mc-31,en,requirements,Conditions: - There is no,Request for permits to travel abroad for the purpose of investment. Ministry of Commerce. Merchant · Commercial Register · Business sector. Conditions: Conditions: - There is no,Request for permits to travel abroad for the purpose of investment,Ministry of Commerce,Merchant · Commercial Register · Business sector,https://mc.gov.sa/en/eservices/Pages/ServiceDetails.aspx?sID=31
mc-31::en::documents,mc-31,en,documents,"- Passport.
- Commercial registration.
- Proof of activity in the country for which a travel permit is sought.
- Attach a certified letter from the Chamber of Commerce detailing the applicant's capacity within the establishment, the reasons for submitting the application, and identifying investment opportunities that are compatible with the establishment's commercial activity.
- Any other documents required to support the permit application.","Request for permits to travel abroad for the purpose of investment. Ministry of Commerce. Merchant · Commercial Register · Business sector. Required documents: - Passport.
- Commercial registration.
- Proof of activity in the country for which a travel permit is sought.
- Attach a certified letter from the Chamber of Commerce detailing the applicant's capacity within the establishment, the reasons for submitting the application, and identifying investment opportunities that are compatible with the establishment's commercial activity.
- Any other documents required to support the permit application.",Request for permits to travel abroad for the purpose of investment,Ministry of Commerce,Merchant · Commercial Register · Business sector,https://mc.gov.sa/en/eservices/Pages/ServiceDetails.aspx?sID=31
mc-31::en::steps,mc-31,en,steps,"- Login to the service.
- Fill in all the required fields.
- Submit the request.
- Within the specified period, a message will be sent to the applicant with the action taken.","Request for permits to travel abroad for the purpose of investment. Ministry of Commerce. Merchant · Commercial Register · Business sector. Steps: - Login to the service.
- Fill in all the required fields.
- Submit the request.
- Within the specified period, a message will be sent to the applicant with the action taken.",Request for permits to travel abroad for the purpose of investment,Ministry of Commerce,Merchant · Commercial Register · Business sector,https://mc.gov.sa/en/eservices/Pages/ServiceDetails.aspx?sID=31
mc-31::en::service_facts,mc-31,en,service_facts,"Fees: Free
Processing time: Within ten working days
Beneficiaries: Saudi businessmen and women investors
Service languages: Arabic","Request for permits to travel abroad for the purpose of investment. Ministry of Commerce. Merchant · Commercial Register · Business sector. Fees & service details: Fees: Free
Processing time: Within ten working days
Beneficiaries: Saudi businessmen and women investors
Service languages: Arabic",Request for permits to travel abroad for the purpose of investment,Ministry of Commerce,Merchant · Commercial Register · Business sector,https://mc.gov.sa/en/eservices/Pages/ServiceDetails.aspx?sID=31
mc-31::ar::overview,mc-31,ar,overview,خدمة إلكترونية تقدمها وزارة التجارة، تتيح للمستفيدين من تقديم طلب تصريح سفر لأغراض تجارية إلى الدول الممنوع السفر لها، إلكترونيًا دون الحاجة إلى مراجعة فروع الوزارة.,طلب تصاريح السفر خارجياً لغرض الاستثمار. وزارة التجارة. التاجر · السجل التجاري · قطاع الأعمال. نظرة عامة: خدمة إلكترونية تقدمها وزارة التجارة، تتيح للمستفيدين من تقديم طلب تصريح سفر لأغراض تجارية إلى الدول الممنوع السفر لها، إلكترونيًا دون الحاجة إلى مراجعة فروع الوزارة.,طلب تصاريح السفر خارجياً لغرض الاستثمار,وزارة التجارة,التاجر · السجل التجاري · قطاع الأعمال,https://mc.gov.sa/ar/eservices/Pages/ServiceDetails.aspx?sID=31
mc-31::ar::requirements,mc-31,ar,requirements,الشروط: - لا يوجد,طلب تصاريح السفر خارجياً لغرض الاستثمار. وزارة التجارة. التاجر · السجل التجاري · قطاع الأعمال. الشروط: الشروط: - لا يوجد,طلب تصاريح السفر خارجياً لغرض الاستثمار,وزارة التجارة,التاجر · السجل التجاري · قطاع الأعمال,https://mc.gov.sa/ar/eservices/Pages/ServiceDetails.aspx?sID=31
mc-31::ar::documents,mc-31,ar,documents,"- جواز السفر.
- السجل التجاري.
- ما يثبت النشاط في الدولة الراغب بحصول تصريح للسفر إليها.
- ارفاق خطاب مصدق من الغرفة التجارية يتضمن صفة طالب التصريح في المنشاة وأسباب تقديمه للطلب، وتحديد الفرص الاستثمارية التي تتناسب مع النشاط التجاري للمنشأة.
- أي مستندات أخرى تطلب لدعم طلب التصريح.","طلب تصاريح السفر خارجياً لغرض الاستثمار. وزارة التجارة. التاجر · السجل التجاري · قطاع الأعمال. المستندات المطلوبة: - جواز السفر.
- السجل التجاري.
- ما يثبت النشاط في الدولة الراغب بحصول تصريح للسفر إليها.
- ارفاق خطاب مصدق من الغرفة التجارية يتضمن صفة طالب التصريح في المنشاة وأسباب تقديمه للطلب، وتحديد الفرص الاستثمارية التي تتناسب مع النشاط التجاري للمنشأة.
- أي مستندات أخرى تطلب لدعم طلب التصريح.",طلب تصاريح السفر خارجياً لغرض الاستثمار,وزارة التجارة,التاجر · السجل التجاري · قطاع الأعمال,https://mc.gov.sa/ar/eservices/Pages/ServiceDetails.aspx?sID=31
mc-31::ar::steps,mc-31,ar,steps,"- الدخول الى الخدمة.
- تعبئة جميع الخانات المطلوبة.
- رفع الطلب.
- خلال المدة المحددة سيتم إرسال رسالة لمقدم الطلب بالإجراء الذي تم اتخاذه.","طلب تصاريح السفر خارجياً لغرض الاستثمار. وزارة التجارة. التاجر · السجل التجاري · قطاع الأعمال. الخطوات: - الدخول الى الخدمة.
- تعبئة جميع الخانات المطلوبة.
- رفع الطلب.
- خلال المدة المحددة سيتم إرسال رسالة لمقدم الطلب بالإجراء الذي تم اتخاذه.",طلب تصاريح السفر خارجياً لغرض الاستثمار,وزارة التجارة,التاجر · السجل التجاري · قطاع الأعمال,https://mc.gov.sa/ar/eservices/Pages/ServiceDetails.aspx?sID=31
mc-31::ar::service_facts,mc-31,ar,service_facts,"الرسوم: مجانية
مدة التنفيذ: خلال عشرة أيام عمل
الفئة المستفيدة: المستثمرين السعوديين من رجال وسيدات الاعمال
لغة الخدمة: العربية","طلب تصاريح السفر خارجياً لغرض الاستثمار. وزارة التجارة. التاجر · السجل التجاري · قطاع الأعمال. الرسوم وتفاصيل الخدمة: الرسوم: مجانية
مدة التنفيذ: خلال عشرة أيام عمل
الفئة المستفيدة: المستثمرين السعوديين من رجال وسيدات الاعمال
لغة الخدمة: العربية",طلب تصاريح السفر خارجياً لغرض الاستثمار,وزارة التجارة,التاجر · السجل التجاري · قطاع الأعمال,https://mc.gov.sa/ar/eservices/Pages/ServiceDetails.aspx?sID=31
mc-32::en::overview,mc-32,en,overview,"An electronic service provided by the Ministry of Commerce, which enables beneficiaries to elect board members for chambers of commerce electronically, eliminating the need to visit the chambers or the Ministry branches.","E-voting for chambers of commerce. Ministry of Commerce. Merchant · Commercial Register · Business sector. Overview: An electronic service provided by the Ministry of Commerce, which enables beneficiaries to elect board members for chambers of commerce electronically, eliminating the need to visit the chambers or the Ministry branches.",E-voting for chambers of commerce,Ministry of Commerce,Merchant · Commercial Register · Business sector,https://mc.gov.sa/en/eservices/Pages/ServiceDetails.aspx?sID=32
mc-32::en::requirements,mc-32,en,requirements,Conditions: - Commercial registration to be in the same region,E-voting for chambers of commerce. Ministry of Commerce. Merchant · Commercial Register · Business sector. Conditions: Conditions: - Commercial registration to be in the same region,E-voting for chambers of commerce,Ministry of Commerce,Merchant · Commercial Register · Business sector,https://mc.gov.sa/en/eservices/Pages/ServiceDetails.aspx?sID=32
mc-32::en::documents,mc-32,en,documents,- CR,E-voting for chambers of commerce. Ministry of Commerce. Merchant · Commercial Register · Business sector. Required documents: - CR,E-voting for chambers of commerce,Ministry of Commerce,Merchant · Commercial Register · Business sector,https://mc.gov.sa/en/eservices/Pages/ServiceDetails.aspx?sID=32
mc-32::en::steps,mc-32,en,steps,"- Click on Start Service.
- Enter the commercial registration number and ID number to verify voting eligibility.
- Agree to the declaration and pledge and then click on the “Start Voting” icon.
- Select one candidate from each category (traders category + manufacturers category) and then select the “Vote” icon.","E-voting for chambers of commerce. Ministry of Commerce. Merchant · Commercial Register · Business sector. Steps: - Click on Start Service.
- Enter the commercial registration number and ID number to verify voting eligibility.
- Agree to the declaration and pledge and then click on the “Start Voting” icon.
- Select one candidate from each category (traders category + manufacturers category) and then select the “Vote” icon.",E-voting for chambers of commerce,Ministry of Commerce,Merchant · Commercial Register · Business sector,https://mc.gov.sa/en/eservices/Pages/ServiceDetails.aspx?sID=32
mc-32::en::service_facts,mc-32,en,service_facts,"Fees: free
Processing time: Immediate
Beneficiaries: Merchant
Service languages: Arabic","E-voting for chambers of commerce. Ministry of Commerce. Merchant · Commercial Register · Business sector. Fees & service details: Fees: free
Processing time: Immediate
Beneficiaries: Merchant
Service languages: Arabic",E-voting for chambers of commerce,Ministry of Commerce,Merchant · Commercial Register · Business sector,https://mc.gov.sa/en/eservices/Pages/ServiceDetails.aspx?sID=32
mc-32::ar::overview,mc-32,ar,overview,خدمة إلكترونية تقدمها وزارة التجارة، تتيح للمستفيدين من انتخاب أعضاء مجالس إدارات الغرف التجارية، إلكترونيًا دون الحاجة إلى مراجعة مقرّات الغرف التجارية او فرع الوزارة.,التصويت الإلكتروني للغرف التجارية. وزارة التجارة. التاجر · السجل التجاري · قطاع الأعمال. نظرة عامة: خدمة إلكترونية تقدمها وزارة التجارة، تتيح للمستفيدين من انتخاب أعضاء مجالس إدارات الغرف التجارية، إلكترونيًا دون الحاجة إلى مراجعة مقرّات الغرف التجارية او فرع الوزارة.,التصويت الإلكتروني للغرف التجارية,وزارة التجارة,التاجر · السجل التجاري · قطاع الأعمال,https://mc.gov.sa/ar/eservices/Pages/ServiceDetails.aspx?sID=32
mc-32::ar::requirements,mc-32,ar,requirements,الشروط: - سجل تجاري ان يكون بنفس النطاق الإداري للغرفة التجارية,التصويت الإلكتروني للغرف التجارية. وزارة التجارة. التاجر · السجل التجاري · قطاع الأعمال. الشروط: الشروط: - سجل تجاري ان يكون بنفس النطاق الإداري للغرفة التجارية,التصويت الإلكتروني للغرف التجارية,وزارة التجارة,التاجر · السجل التجاري · قطاع الأعمال,https://mc.gov.sa/ar/eservices/Pages/ServiceDetails.aspx?sID=32
mc-32::ar::documents,mc-32,ar,documents,- سجل تجاري,التصويت الإلكتروني للغرف التجارية. وزارة التجارة. التاجر · السجل التجاري · قطاع الأعمال. المستندات المطلوبة: - سجل تجاري,التصويت الإلكتروني للغرف التجارية,وزارة التجارة,التاجر · السجل التجاري · قطاع الأعمال,https://mc.gov.sa/ar/eservices/Pages/ServiceDetails.aspx?sID=32
mc-32::ar::steps,mc-32,ar,steps,"- الضغط على إبدأ الخدمة.
- إدخال رقم السجل التجاري ورقم الهوية للتحقق من أحقية التصويت.
- الموافقة على الإقرار والتعهد ومن ثم الضغط على أيقونة """"بدء التصويت"""".
- تحديد مرشح واحد من كل فئة (فئة التجار + فئة الصناع) ومن ثم اختيار أيقونة """"تصويت"""".","التصويت الإلكتروني للغرف التجارية. وزارة التجارة. التاجر · السجل التجاري · قطاع الأعمال. الخطوات: - الضغط على إبدأ الخدمة.
- إدخال رقم السجل التجاري ورقم الهوية للتحقق من أحقية التصويت.
- الموافقة على الإقرار والتعهد ومن ثم الضغط على أيقونة """"بدء التصويت"""".
- تحديد مرشح واحد من كل فئة (فئة التجار + فئة الصناع) ومن ثم اختيار أيقونة """"تصويت"""".",التصويت الإلكتروني للغرف التجارية,وزارة التجارة,التاجر · السجل التجاري · قطاع الأعمال,https://mc.gov.sa/ar/eservices/Pages/ServiceDetails.aspx?sID=32
mc-32::ar::service_facts,mc-32,ar,service_facts,"الرسوم: مجانية
مدة التنفيذ: فوري
الفئة المستفيدة: التاجر
لغة الخدمة: العربية","التصويت الإلكتروني للغرف التجارية. وزارة التجارة. التاجر · السجل التجاري · قطاع الأعمال. الرسوم وتفاصيل الخدمة: الرسوم: مجانية
مدة التنفيذ: فوري
الفئة المستفيدة: التاجر
لغة الخدمة: العربية",التصويت الإلكتروني للغرف التجارية,وزارة التجارة,التاجر · السجل التجاري · قطاع الأعمال,https://mc.gov.sa/ar/eservices/Pages/ServiceDetails.aspx?sID=32
mc-33::en::overview,mc-33,en,overview,"An electronic service provided by the Ministry of Commerce through the Saudi Business Center platform that allows beneficiaries to request an extract containing information from any commercial register. It also allows users to submit a request for information on a specific procedure, with the goal of obtaining a document containing confirmation from the ministry that the procedure has occurred, which they can then present to the concerned parties, without the need to visit service centers.","Extractor of a commercial registry / commercial letter. Ministry of Commerce. Merchant · Commercial Register · business sector. Overview: An electronic service provided by the Ministry of Commerce through the Saudi Business Center platform that allows beneficiaries to request an extract containing information from any commercial register. It also allows users to submit a request for information on a specific procedure, with the goal of obtaining a document containing confirmation from the ministry that the procedure has occurred, which they can then present to the concerned parties, without the need to visit service centers.",Extractor of a commercial registry / commercial letter,Ministry of Commerce,Merchant · Commercial Register · business sector,https://mc.gov.sa/en/eservices/Pages/ServiceDetails.aspx?sID=33
mc-33::en::requirements,mc-33,en,requirements,"Conditions: - Verify the following when requesting a commercial certificate: The applicant must have a valid commercial registration. If a certificate of non-existence is requested, there must be no commercial registration.
- Note: The beneficiary may request a commercial registration extract, even if they do not have a valid registration.","Extractor of a commercial registry / commercial letter. Ministry of Commerce. Merchant · Commercial Register · business sector. Conditions: Conditions: - Verify the following when requesting a commercial certificate: The applicant must have a valid commercial registration. If a certificate of non-existence is requested, there must be no commercial registration.
- Note: The beneficiary may request a commercial registration extract, even if they do not have a valid registration.",Extractor of a commercial registry / commercial letter,Ministry of Commerce,Merchant · Commercial Register · business sector,https://mc.gov.sa/en/eservices/Pages/ServiceDetails.aspx?sID=33
mc-33::en::documents,mc-33,en,documents,- Depending on the type of certificate,Extractor of a commercial registry / commercial letter. Ministry of Commerce. Merchant · Commercial Register · business sector. Required documents: - Depending on the type of certificate,Extractor of a commercial registry / commercial letter,Ministry of Commerce,Merchant · Commercial Register · business sector,https://mc.gov.sa/en/eservices/Pages/ServiceDetails.aspx?sID=33
mc-33::en::steps,mc-33,en,steps,"- Access the platform: Through the unified national access via the Saudi Business Center platform.
- Select the service: Public Services > Ministry of Commerce > Commercial Register Extract / Commercial Statement.
- Start the service: Click Continue to agree to the terms and conditions - Click Submit Service.
- Select the type of extract / statement: Click Choose Extract Type / Statement - Click Continue.
- Complete the requirements: Enter the beneficiary's information - Choose the printing language - Click Continue.
- Submit the application: Review the information - Click Agree to the declaration.
- Click Submit Application.","Extractor of a commercial registry / commercial letter. Ministry of Commerce. Merchant · Commercial Register · business sector. Steps: - Access the platform: Through the unified national access via the Saudi Business Center platform.
- Select the service: Public Services > Ministry of Commerce > Commercial Register Extract / Commercial Statement.
- Start the service: Click Continue to agree to the terms and conditions - Click Submit Service.
- Select the type of extract / statement: Click Choose Extract Type / Statement - Click Continue.
- Complete the requirements: Enter the beneficiary's information - Choose the printing language - Click Continue.
- Submit the application: Review the information - Click Agree to the declaration.
- Click Submit Application.",Extractor of a commercial registry / commercial letter,Ministry of Commerce,Merchant · Commercial Register · business sector,https://mc.gov.sa/en/eservices/Pages/ServiceDetails.aspx?sID=33
mc-33::en::service_facts,mc-33,en,service_facts,"Fees: 100 for a commercial register extract.
Free for other statements
Processing time: Within 72 hours
Beneficiaries: Merchant
Service languages: Arabic and English","Extractor of a commercial registry / commercial letter. Ministry of Commerce. Merchant · Commercial Register · business sector. Fees & service details: Fees: 100 for a commercial register extract.
Free for other statements
Processing time: Within 72 hours
Beneficiaries: Merchant
Service languages: Arabic and English",Extractor of a commercial registry / commercial letter,Ministry of Commerce,Merchant · Commercial Register · business sector,https://mc.gov.sa/en/eservices/Pages/ServiceDetails.aspx?sID=33
mc-33::ar::overview,mc-33,ar,overview,خدمة إلكترونية تقدمها وزارة التجارة عبر منصة المركز السعودي للأعمال، تتيح للمستفيدين طلب مستخرج يحتوي على معلومات أي سجل تجاري، كما تتيح له التقديم على طلب إفادة عن إجراء معين؛ بهدف الحصول على مستند يتضمن تأكيدًا من الوزارة بحدوث هذا الإجراء، لتقديمه إلى من يهمه الأمر، دون الحاجة إلى زيارة مراكز الخدمة.,مستخرج سجل تجاري / الإفادة التجارية. وزارة التجارة. التاجر · السجل التجاري · قطاع الأعمال. نظرة عامة: خدمة إلكترونية تقدمها وزارة التجارة عبر منصة المركز السعودي للأعمال، تتيح للمستفيدين طلب مستخرج يحتوي على معلومات أي سجل تجاري، كما تتيح له التقديم على طلب إفادة عن إجراء معين؛ بهدف الحصول على مستند يتضمن تأكيدًا من الوزارة بحدوث هذا الإجراء، لتقديمه إلى من يهمه الأمر، دون الحاجة إلى زيارة مراكز الخدمة.,مستخرج سجل تجاري / الإفادة التجارية,وزارة التجارة,التاجر · السجل التجاري · قطاع الأعمال,https://mc.gov.sa/ar/eservices/Pages/ServiceDetails.aspx?sID=33
mc-33::ar::requirements,mc-33,ar,requirements,"الشروط: - التحقق من الآتي في حال طلب إفادة تجارية: أن يكون مقدم الطلب له صفة في السجل التجاري. ألا يكون هناك سجلًا تجاريًا في حال طلب إفادة بعدم وجود سجل.
- ملاحظة: يمكن للمستفيد طلب مستخرج سجل تجاري، وإن لم تكن له صفة في السجل.","مستخرج سجل تجاري / الإفادة التجارية. وزارة التجارة. التاجر · السجل التجاري · قطاع الأعمال. الشروط: الشروط: - التحقق من الآتي في حال طلب إفادة تجارية: أن يكون مقدم الطلب له صفة في السجل التجاري. ألا يكون هناك سجلًا تجاريًا في حال طلب إفادة بعدم وجود سجل.
- ملاحظة: يمكن للمستفيد طلب مستخرج سجل تجاري، وإن لم تكن له صفة في السجل.",مستخرج سجل تجاري / الإفادة التجارية,وزارة التجارة,التاجر · السجل التجاري · قطاع الأعمال,https://mc.gov.sa/ar/eservices/Pages/ServiceDetails.aspx?sID=33
mc-33::ar::documents,mc-33,ar,documents,- حسب نوع الإفادة,مستخرج سجل تجاري / الإفادة التجارية. وزارة التجارة. التاجر · السجل التجاري · قطاع الأعمال. المستندات المطلوبة: - حسب نوع الإفادة,مستخرج سجل تجاري / الإفادة التجارية,وزارة التجارة,التاجر · السجل التجاري · قطاع الأعمال,https://mc.gov.sa/ar/eservices/Pages/ServiceDetails.aspx?sID=33
mc-33::ar::steps,mc-33,ar,steps,"- الدخول على المنصة: من خلال النفاذ الوطني الموحد عبر منصة المركز السعودي للأعمال.
- اختيار الخدمة: الخدمات العامة < وزارة التجارة < مُستخرج سجل تجاري / الإفادة التجارية.
- بدء الخدمة: ضغط على الاستمرار للموافقة على الشروط - الضغط على تقديم الخدمة.
- تحديد نوع المستخرج / إفادة: الضغط على اختيار نوع المستخرج \ إفادة - الضغظ على استمرار .
- استكمال المتطلبات: تسجيل بيانات المستفيد - اختيار لغة الطباعة - الضغط على استمرار .
- تقديم الطلب: مراجعة البيانات - الضغط على الموافقة على الإقرار.
- الضغط على تقديم الطلب.","مستخرج سجل تجاري / الإفادة التجارية. وزارة التجارة. التاجر · السجل التجاري · قطاع الأعمال. الخطوات: - الدخول على المنصة: من خلال النفاذ الوطني الموحد عبر منصة المركز السعودي للأعمال.
- اختيار الخدمة: الخدمات العامة < وزارة التجارة < مُستخرج سجل تجاري / الإفادة التجارية.
- بدء الخدمة: ضغط على الاستمرار للموافقة على الشروط - الضغط على تقديم الخدمة.
- تحديد نوع المستخرج / إفادة: الضغط على اختيار نوع المستخرج \ إفادة - الضغظ على استمرار .
- استكمال المتطلبات: تسجيل بيانات المستفيد - اختيار لغة الطباعة - الضغط على استمرار .
- تقديم الطلب: مراجعة البيانات - الضغط على الموافقة على الإقرار.
- الضغط على تقديم الطلب.",مستخرج سجل تجاري / الإفادة التجارية,وزارة التجارة,التاجر · السجل التجاري · قطاع الأعمال,https://mc.gov.sa/ar/eservices/Pages/ServiceDetails.aspx?sID=33
mc-33::ar::service_facts,mc-33,ar,service_facts,"الرسوم: 100
لمستخرج سجل تجاري
مجانًا لبقية الإفادات
مدة التنفيذ: خلال 72 ساعة
الفئة المستفيدة: التاجر
لغة الخدمة: العربية والانجليزية","مستخرج سجل تجاري / الإفادة التجارية. وزارة التجارة. التاجر · السجل التجاري · قطاع الأعمال. الرسوم وتفاصيل الخدمة: الرسوم: 100
لمستخرج سجل تجاري
مجانًا لبقية الإفادات
مدة التنفيذ: خلال 72 ساعة
الفئة المستفيدة: التاجر
لغة الخدمة: العربية والانجليزية",مستخرج سجل تجاري / الإفادة التجارية,وزارة التجارة,التاجر · السجل التجاري · قطاع الأعمال,https://mc.gov.sa/ar/eservices/Pages/ServiceDetails.aspx?sID=33
mc-34::en::overview,mc-34,en,overview,"An electronic service provided by the Ministry of Commerce through the Saudi Business Center platform that allows beneficiaries to extend a trade name reservation before the expiration date, without having to visit service centers.","Extension of a commercial name reservation. Ministry of Commerce. Merchant · Brand Names · Business sector. Overview: An electronic service provided by the Ministry of Commerce through the Saudi Business Center platform that allows beneficiaries to extend a trade name reservation before the expiration date, without having to visit service centers.",Extension of a commercial name reservation,Ministry of Commerce,Merchant · Brand Names · Business sector,https://mc.gov.sa/en/eservices/Pages/ServiceDetails.aspx?sID=34
mc-34::en::requirements,mc-34,en,requirements,"Conditions: - The presence of an existing commercial name reservation.
- The applicant must be benefiting from the trade name or delegated with a valid authorization.","Extension of a commercial name reservation. Ministry of Commerce. Merchant · Brand Names · Business sector. Conditions: Conditions: - The presence of an existing commercial name reservation.
- The applicant must be benefiting from the trade name or delegated with a valid authorization.",Extension of a commercial name reservation,Ministry of Commerce,Merchant · Brand Names · Business sector,https://mc.gov.sa/en/eservices/Pages/ServiceDetails.aspx?sID=34
mc-34::en::documents,mc-34,en,documents,- There is no,Extension of a commercial name reservation. Ministry of Commerce. Merchant · Brand Names · Business sector. Required documents: - There is no,Extension of a commercial name reservation,Ministry of Commerce,Merchant · Brand Names · Business sector,https://mc.gov.sa/en/eservices/Pages/ServiceDetails.aspx?sID=34
mc-34::en::steps,mc-34,en,steps,"- Access the platform: Via the National Unified Access through the Saudi Business Center platform.
- Select the service: From ""Public Services"" > ""Manage Reserved Trade Names"" > ""Extend a Trade Name.""
- Start the service: View the reserved trade names that are extendable - review and agree to the terms and conditions.
- Review and confirm the request: A summary of the request will be displayed to confirm the extension process.
- Submit the request: After confirmation, the request is processed immediately and its status is updated to ""Awaiting Processing.""
- Print the trade name: The trade name can be printed after a successful extension.","Extension of a commercial name reservation. Ministry of Commerce. Merchant · Brand Names · Business sector. Steps: - Access the platform: Via the National Unified Access through the Saudi Business Center platform.
- Select the service: From ""Public Services"" > ""Manage Reserved Trade Names"" > ""Extend a Trade Name.""
- Start the service: View the reserved trade names that are extendable - review and agree to the terms and conditions.
- Review and confirm the request: A summary of the request will be displayed to confirm the extension process.
- Submit the request: After confirmation, the request is processed immediately and its status is updated to ""Awaiting Processing.""
- Print the trade name: The trade name can be printed after a successful extension.",Extension of a commercial name reservation,Ministry of Commerce,Merchant · Brand Names · Business sector,https://mc.gov.sa/en/eservices/Pages/ServiceDetails.aspx?sID=34
mc-34::en::service_facts,mc-34,en,service_facts,"Fees: 100
Processing time: Immediate
Beneficiaries: Merchant
Service languages: Arabic and English","Extension of a commercial name reservation. Ministry of Commerce. Merchant · Brand Names · Business sector. Fees & service details: Fees: 100
Processing time: Immediate
Beneficiaries: Merchant
Service languages: Arabic and English",Extension of a commercial name reservation,Ministry of Commerce,Merchant · Brand Names · Business sector,https://mc.gov.sa/en/eservices/Pages/ServiceDetails.aspx?sID=34
mc-34::ar::overview,mc-34,ar,overview,خدمة إلكترونية تقدمها وزارة التجارة عبر منصة المركز السعودي للأعمال، تتيح للمستفيدين تمديد حجز اسم تجاري قبل انتهاء مدة الحجز، دون الحاجة إلى زيارة مراكز الخدمة.,تمديد حجز اسم تجاري. وزارة التجارة. التاجر · الأسماء التجارية · قطاع الأعمال. نظرة عامة: خدمة إلكترونية تقدمها وزارة التجارة عبر منصة المركز السعودي للأعمال، تتيح للمستفيدين تمديد حجز اسم تجاري قبل انتهاء مدة الحجز، دون الحاجة إلى زيارة مراكز الخدمة.,تمديد حجز اسم تجاري,وزارة التجارة,التاجر · الأسماء التجارية · قطاع الأعمال,https://mc.gov.sa/ar/eservices/Pages/ServiceDetails.aspx?sID=34
mc-34::ar::requirements,mc-34,ar,requirements,"الشروط: - وجود حجز اسم تجاري قائم.
- أن يكون مقدم الطلب المستفيد من الاسم التجاري أو مفوضًا عنه بتفويض ساري.","تمديد حجز اسم تجاري. وزارة التجارة. التاجر · الأسماء التجارية · قطاع الأعمال. الشروط: الشروط: - وجود حجز اسم تجاري قائم.
- أن يكون مقدم الطلب المستفيد من الاسم التجاري أو مفوضًا عنه بتفويض ساري.",تمديد حجز اسم تجاري,وزارة التجارة,التاجر · الأسماء التجارية · قطاع الأعمال,https://mc.gov.sa/ar/eservices/Pages/ServiceDetails.aspx?sID=34
mc-34::ar::documents,mc-34,ar,documents,- لا يوجد,تمديد حجز اسم تجاري. وزارة التجارة. التاجر · الأسماء التجارية · قطاع الأعمال. المستندات المطلوبة: - لا يوجد,تمديد حجز اسم تجاري,وزارة التجارة,التاجر · الأسماء التجارية · قطاع الأعمال,https://mc.gov.sa/ar/eservices/Pages/ServiceDetails.aspx?sID=34
mc-34::ar::steps,mc-34,ar,steps,"- الدخول على المنصة: عبر النفاذ الوطني الموحد من خلال منصة المركز السعودي للأعمال.
- اختيار الخدمة: من ""الخدمات العامة"" > ""إدارة الأسماء التجارية المحجوزة"" > ""تمديد اسم تجاري"".
- بدء الخدمة: عرض الأسماء التجارية المحجوزة القابلة للتمديد - الاطلاع على الشروط والأحكام والموافقة عليها.
- مراجعة وتأكيد الطلب: يتم عرض ملخص الطلب لتأكيد إجراء التمديد.
- تقديم الطلب: بعد التأكيد، يتم تنفيذ الطلب مباشرة وتحديث حالته إلى ""بانتظار المعالجة"".
- طباعة الاسم التجاري: يمكن طباعة الاسم التجاري بعد نجاح التمديد.","تمديد حجز اسم تجاري. وزارة التجارة. التاجر · الأسماء التجارية · قطاع الأعمال. الخطوات: - الدخول على المنصة: عبر النفاذ الوطني الموحد من خلال منصة المركز السعودي للأعمال.
- اختيار الخدمة: من ""الخدمات العامة"" > ""إدارة الأسماء التجارية المحجوزة"" > ""تمديد اسم تجاري"".
- بدء الخدمة: عرض الأسماء التجارية المحجوزة القابلة للتمديد - الاطلاع على الشروط والأحكام والموافقة عليها.
- مراجعة وتأكيد الطلب: يتم عرض ملخص الطلب لتأكيد إجراء التمديد.
- تقديم الطلب: بعد التأكيد، يتم تنفيذ الطلب مباشرة وتحديث حالته إلى ""بانتظار المعالجة"".
- طباعة الاسم التجاري: يمكن طباعة الاسم التجاري بعد نجاح التمديد.",تمديد حجز اسم تجاري,وزارة التجارة,التاجر · الأسماء التجارية · قطاع الأعمال,https://mc.gov.sa/ar/eservices/Pages/ServiceDetails.aspx?sID=34
mc-34::ar::service_facts,mc-34,ar,service_facts,"الرسوم: 100
مدة التنفيذ: فوري
الفئة المستفيدة: التاجر
لغة الخدمة: العربية والانجليزية","تمديد حجز اسم تجاري. وزارة التجارة. التاجر · الأسماء التجارية · قطاع الأعمال. الرسوم وتفاصيل الخدمة: الرسوم: 100
مدة التنفيذ: فوري
الفئة المستفيدة: التاجر
لغة الخدمة: العربية والانجليزية",تمديد حجز اسم تجاري,وزارة التجارة,التاجر · الأسماء التجارية · قطاع الأعمال,https://mc.gov.sa/ar/eservices/Pages/ServiceDetails.aspx?sID=34
mc-35::en::overview,mc-35,en,overview,"A digital service on the Ministry of Commerce portal that enables authorized representatives of accredited financial entities to report beneficial owner data for establishments using the unified number, with Nafath login, representative validation, supporting attachments, and a reference number upon successful submission.","Beneficial Owner Reporting Service. Ministry of Commerce. Merchant · companies. Overview: A digital service on the Ministry of Commerce portal that enables authorized representatives of accredited financial entities to report beneficial owner data for establishments using the unified number, with Nafath login, representative validation, supporting attachments, and a reference number upon successful submission.",Beneficial Owner Reporting Service,Ministry of Commerce,Merchant · companies,https://mc.gov.sa/en/eservices/Pages/ServiceDetails.aspx?sID=35
mc-35::en::requirements,mc-35,en,requirements,"Conditions: - Service is restricted to pre-registered representatives of accredited financial entities.
- Login via Nafath with representative validation; report is linked to the reporting entity.
- Unified number inquiry is required to retrieve establishment name (Arabic) and CR status.
- Provide required UBO data and select suspicion indicators from an approved list.
- Report text is mandatory (max 500 characters).
- Attachments: at least 1 (up to 5); allowed types PDF/XLS/XLSX; max 5MB per file.
- Duplicate prevention: block duplicates for (ReportingEntityId + CrNationalNumber + UboIdType/UboIdNumber); show message and previous reference number.
- On successful submission, generate a report reference number and send an email acknowledgement to the representative corporate email.","Beneficial Owner Reporting Service. Ministry of Commerce. Merchant · companies. Conditions: Conditions: - Service is restricted to pre-registered representatives of accredited financial entities.
- Login via Nafath with representative validation; report is linked to the reporting entity.
- Unified number inquiry is required to retrieve establishment name (Arabic) and CR status.
- Provide required UBO data and select suspicion indicators from an approved list.
- Report text is mandatory (max 500 characters).
- Attachments: at least 1 (up to 5); allowed types PDF/XLS/XLSX; max 5MB per file.
- Duplicate prevention: block duplicates for (ReportingEntityId + CrNationalNumber + UboIdType/UboIdNumber); show message and previous reference number.
- On successful submission, generate a report reference number and send an email acknowledgement to the representative corporate email.",Beneficial Owner Reporting Service,Ministry of Commerce,Merchant · companies,https://mc.gov.sa/en/eservices/Pages/ServiceDetails.aspx?sID=35
mc-35::en::documents,mc-35,en,documents,"- Establishment unified number.
- UBO data (full name, ID type/number, date of birth, nationality).
- Suspicion indicators (from an approved list).
- Report text (max 500 characters).
- At least 1 attachment (up to 5) per allowed types/size.","Beneficial Owner Reporting Service. Ministry of Commerce. Merchant · companies. Required documents: - Establishment unified number.
- UBO data (full name, ID type/number, date of birth, nationality).
- Suspicion indicators (from an approved list).
- Report text (max 500 characters).
- At least 1 attachment (up to 5) per allowed types/size.",Beneficial Owner Reporting Service,Ministry of Commerce,Merchant · companies,https://mc.gov.sa/en/eservices/Pages/ServiceDetails.aspx?sID=35
mc-35::en::steps,mc-35,en,steps,"- Login via Nafath.
- Validate user as an authorized representative and display entity/representative data (read-only).
- Enter the establishment unified number and click “Inquire”.
- Upon successful inquiry, enter UBO details.
- Select suspicion indicators and enter report text.
- Upload required attachments.
- Submit and receive a reference number + email acknowledgement.","Beneficial Owner Reporting Service. Ministry of Commerce. Merchant · companies. Steps: - Login via Nafath.
- Validate user as an authorized representative and display entity/representative data (read-only).
- Enter the establishment unified number and click “Inquire”.
- Upon successful inquiry, enter UBO details.
- Select suspicion indicators and enter report text.
- Upload required attachments.
- Submit and receive a reference number + email acknowledgement.",Beneficial Owner Reporting Service,Ministry of Commerce,Merchant · companies,https://mc.gov.sa/en/eservices/Pages/ServiceDetails.aspx?sID=35
mc-35::en::service_facts,mc-35,en,service_facts,"Fees: Free
Processing time: immediately
Beneficiaries: Merchant
Service languages: Arabic","Beneficial Owner Reporting Service. Ministry of Commerce. Merchant · companies. Fees & service details: Fees: Free
Processing time: immediately
Beneficiaries: Merchant
Service languages: Arabic",Beneficial Owner Reporting Service,Ministry of Commerce,Merchant · companies,https://mc.gov.sa/en/eservices/Pages/ServiceDetails.aspx?sID=35
mc-35::ar::overview,mc-35,ar,overview,"تُمكّن ممثلي الجهات المالية المعتمدة من الإبلاغ عن بيانات المستفيد الحقيقي للمنشآت باستخدام الرقم الموحد، مع تسجيل الدخول عبر نفاذ والتحقق من تمثيل الجهة، وإرفاق مستندات داعمة، والحصول على رقم مرجعي للبلاغ بعد الإرسال
ودون الحاجة إلى زيارة مراكز الخدمة.","خدمة الإبلاغ عن بيانات المستفيد الحقيقي. وزارة التجارة. التاجر · الشركات · خدمة إلكترونية تقدمها وزارة التجارة. نظرة عامة: تُمكّن ممثلي الجهات المالية المعتمدة من الإبلاغ عن بيانات المستفيد الحقيقي للمنشآت باستخدام الرقم الموحد، مع تسجيل الدخول عبر نفاذ والتحقق من تمثيل الجهة، وإرفاق مستندات داعمة، والحصول على رقم مرجعي للبلاغ بعد الإرسال
ودون الحاجة إلى زيارة مراكز الخدمة.",خدمة الإبلاغ عن بيانات المستفيد الحقيقي,وزارة التجارة,التاجر · الشركات · خدمة إلكترونية تقدمها وزارة التجارة,https://mc.gov.sa/ar/eservices/Pages/ServiceDetails.aspx?sID=35
mc-35::ar::requirements,mc-35,ar,requirements,"الشروط: - الخدمة متاحة لممثلي الجهات المالية المعتمدة فقط (مسجلين مسبقًا في النظام).
- تسجيل الدخول يتم عبر نفاذ مع التحقق من تمثيل الجهة وربط البلاغ بالجهة المُبلِّغة.
- يجب إدخال الرقم الموحد للمنشأة وإجراء استعلام للتحقق واسترجاع اسم المنشأة (عربي) وحالة السجل التجاري.
- إدخال بيانات المستفيد الحقيقي المطلوبة واختيار مؤشرات الاشتباه من قائمة معتمدة.
- نص البلاغ إلزامي وبحد أقصى 500 حرف.
- المرفقات: مرفق واحد على الأقل (حتى 5 مرفقات)، الأنواع المسموحة: PDF / XLS / XLSX، حد 5MB لكل مرفق.
- منع التكرار: يمنع تكرار البلاغ لنفس (الجهة المُبلِّغة + الرقم الموحد + نوع/رقم إثبات المستفيد). عند التكرار تظهر رسالة ويُعرض رقم البلاغ السابق.
- بعد نجاح الإرسال يتم إنشاء رقم مرجعي للبلاغ وإرسال إشعار استلام إلى البريد المؤسسي للممثل.","خدمة الإبلاغ عن بيانات المستفيد الحقيقي. وزارة التجارة. التاجر · الشركات · خدمة إلكترونية تقدمها وزارة التجارة. الشروط: الشروط: - الخدمة متاحة لممثلي الجهات المالية المعتمدة فقط (مسجلين مسبقًا في النظام).
- تسجيل الدخول يتم عبر نفاذ مع التحقق من تمثيل الجهة وربط البلاغ بالجهة المُبلِّغة.
- يجب إدخال الرقم الموحد للمنشأة وإجراء استعلام للتحقق واسترجاع اسم المنشأة (عربي) وحالة السجل التجاري.
- إدخال بيانات المستفيد الحقيقي المطلوبة واختيار مؤشرات الاشتباه من قائمة معتمدة.
- نص البلاغ إلزامي وبحد أقصى 500 حرف.
- المرفقات: مرفق واحد على الأقل (حتى 5 مرفقات)، الأنواع المسموحة: PDF / XLS / XLSX، حد 5MB لكل مرفق.
- منع التكرار: يمنع تكرار البلاغ لنفس (الجهة المُبلِّغة + الرقم الموحد + نوع/رقم إثبات المستفيد). عند التكرار تظهر رسالة ويُعرض رقم البلاغ السابق.
- بعد نجاح الإرسال يتم إنشاء رقم مرجعي للبلاغ وإرسال إشعار استلام إلى البريد المؤسسي للممثل.",خدمة الإبلاغ عن بيانات المستفيد الحقيقي,وزارة التجارة,التاجر · الشركات · خدمة إلكترونية تقدمها وزارة التجارة,https://mc.gov.sa/ar/eservices/Pages/ServiceDetails.aspx?sID=35
mc-35::ar::documents,mc-35,ar,documents,"- الرقم الموحد للمنشأة.
- بيانات المستفيد الحقيقي (الاسم، نوع/رقم الإثبات، تاريخ الميلاد، الجنسية).
- مؤشرات الاشتباه (اختيار من قائمة معتمدة).
- نص البلاغ (حتى 500 حرف).
- مرفق واحد على الأقل (حتى 5) وفق الأنواع/الأحجام المعتمدة.","خدمة الإبلاغ عن بيانات المستفيد الحقيقي. وزارة التجارة. التاجر · الشركات · خدمة إلكترونية تقدمها وزارة التجارة. المستندات المطلوبة: - الرقم الموحد للمنشأة.
- بيانات المستفيد الحقيقي (الاسم، نوع/رقم الإثبات، تاريخ الميلاد، الجنسية).
- مؤشرات الاشتباه (اختيار من قائمة معتمدة).
- نص البلاغ (حتى 500 حرف).
- مرفق واحد على الأقل (حتى 5) وفق الأنواع/الأحجام المعتمدة.",خدمة الإبلاغ عن بيانات المستفيد الحقيقي,وزارة التجارة,التاجر · الشركات · خدمة إلكترونية تقدمها وزارة التجارة,https://mc.gov.sa/ar/eservices/Pages/ServiceDetails.aspx?sID=35
mc-35::ar::steps,mc-35,ar,steps,"- تسجيل الدخول عبر نفاذ.
- التحقق من كون المستخدم ممثل جهة معتمدة وعرض بيانات الجهة/الممثل (قراءة فقط).
- إدخال الرقم الموحد للمنشأة والضغط على زر «استعلام».
- بعد نجاح الاستعلام: إدخال بيانات المستفيد الحقيقي.
- اختيار مؤشرات الاشتباه وإدخال نص البلاغ.
- رفع المرفقات المطلوبة.
- إرسال البلاغ واستلام رقم مرجعي + إشعار بريد للممثل.","خدمة الإبلاغ عن بيانات المستفيد الحقيقي. وزارة التجارة. التاجر · الشركات · خدمة إلكترونية تقدمها وزارة التجارة. الخطوات: - تسجيل الدخول عبر نفاذ.
- التحقق من كون المستخدم ممثل جهة معتمدة وعرض بيانات الجهة/الممثل (قراءة فقط).
- إدخال الرقم الموحد للمنشأة والضغط على زر «استعلام».
- بعد نجاح الاستعلام: إدخال بيانات المستفيد الحقيقي.
- اختيار مؤشرات الاشتباه وإدخال نص البلاغ.
- رفع المرفقات المطلوبة.
- إرسال البلاغ واستلام رقم مرجعي + إشعار بريد للممثل.",خدمة الإبلاغ عن بيانات المستفيد الحقيقي,وزارة التجارة,التاجر · الشركات · خدمة إلكترونية تقدمها وزارة التجارة,https://mc.gov.sa/ar/eservices/Pages/ServiceDetails.aspx?sID=35
mc-35::ar::service_facts,mc-35,ar,service_facts,"الرسوم: مجانية
مدة التنفيذ: فوري
الفئة المستفيدة: التاجر
لغة الخدمة: العربية","خدمة الإبلاغ عن بيانات المستفيد الحقيقي. وزارة التجارة. التاجر · الشركات · خدمة إلكترونية تقدمها وزارة التجارة. الرسوم وتفاصيل الخدمة: الرسوم: مجانية
مدة التنفيذ: فوري
الفئة المستفيدة: التاجر
لغة الخدمة: العربية",خدمة الإبلاغ عن بيانات المستفيد الحقيقي,وزارة التجارة,التاجر · الشركات · خدمة إلكترونية تقدمها وزارة التجارة,https://mc.gov.sa/ar/eservices/Pages/ServiceDetails.aspx?sID=35
mc-36::en::overview,mc-36,en,overview,"An electronic service provided by the Ministry of Commerce through the Saudi Business Center platform that allows beneficiaries to submit a request to transfer ownership of a commercial registration to or from another person, without the need to visit service centers.","Transfer ownership of a commercial registry of an establishment. Ministry of Commerce. Merchant · Commercial Register · business sector. Overview: An electronic service provided by the Ministry of Commerce through the Saudi Business Center platform that allows beneficiaries to submit a request to transfer ownership of a commercial registration to or from another person, without the need to visit service centers.",Transfer ownership of a commercial registry of an establishment,Ministry of Commerce,Merchant · Commercial Register · business sector,https://mc.gov.sa/en/eservices/Pages/ServiceDetails.aspx?sID=36
mc-36::en::requirements,mc-36,en,requirements,"Conditions: - The commercial register must be active.
- The new owner must not have a commercial register for a sole proprietorship.
- The new owner must not be a government employee and must be at least 18 years old.
- The commercial register name must not be in the personal name of the transferor.","Transfer ownership of a commercial registry of an establishment. Ministry of Commerce. Merchant · Commercial Register · business sector. Conditions: Conditions: - The commercial register must be active.
- The new owner must not have a commercial register for a sole proprietorship.
- The new owner must not be a government employee and must be at least 18 years old.
- The commercial register name must not be in the personal name of the transferor.",Transfer ownership of a commercial registry of an establishment,Ministry of Commerce,Merchant · Commercial Register · business sector,https://mc.gov.sa/en/eservices/Pages/ServiceDetails.aspx?sID=36
mc-36::en::documents,mc-36,en,documents,- The following must be verified if the person is deceased: Submission of a certificate of inheritance - Submission of a guardianship deed if there are minors among the heirs - A legal power of attorney from all heirs explicitly stating the transfer of the establishment - A sale and transfer contract from the heirs that includes the commercial registration details.,Transfer ownership of a commercial registry of an establishment. Ministry of Commerce. Merchant · Commercial Register · business sector. Required documents: - The following must be verified if the person is deceased: Submission of a certificate of inheritance - Submission of a guardianship deed if there are minors among the heirs - A legal power of attorney from all heirs explicitly stating the transfer of the establishment - A sale and transfer contract from the heirs that includes the commercial registration details.,Transfer ownership of a commercial registry of an establishment,Ministry of Commerce,Merchant · Commercial Register · business sector,https://mc.gov.sa/en/eservices/Pages/ServiceDetails.aspx?sID=36
mc-36::en::steps,mc-36,en,steps,"- Steps for transferring ownership of a commercial register to a sole proprietorship by the current owner: 1. Click Start Service. 2. Log in to the account via the unified national access or log in for investors who do not hold a Saudi ID or residency. 3. Select the service: From ""Doing Business"" > ""Ministry of Commerce"" > ""Transferring Ownership of a Commercial Register to a Sole Proprietorship."" 4. Select the register to be transferred and click Continue. 5. Start the service: Review the terms and requirements, then agree and click Apply for the service. 6. Select the status of retaining the trade name and click Continue. 7. Fill in the information of the new proprietor and click Save. Enter the mobile number and email, add the national address, attach a copy of the ID, and click Continue. 8. Review the application summary and confirm the accuracy of all entered data and click Submit Application. 9. Enter the verification code sent to your mobile phone and click Verify. A message will appear stating that the application was successfully submitted.
- Transferring Ownership of a Commercial Register to a Sole Proprietorship by the new owner: 1. Click Start Service. 2. Log in to the account via the unified national access or log in for investors who do not hold a Saudi ID. They hold a Saudi ID or residency 3- Click on the mailbox "">"" Click on procedures "">"" Undertaking to transfer all obligations related to the current owner's account "">"" 4- Click on accept the request 5- Modify the data of the old business owner "">"" Commercial activity (optional) "">"" Commercial licenses (optional) "">"" Add e-commerce business data (optional) "">"" Add capital details (optional) "">"" Keep the previous trade name or modify it (optional) "">"" Modify the national address (optional) "">"" Modify contact information "">"" Modify the manager's data (optional) 6- Review the application summary and approve the validity of all entered data 7- Click on (Submit application).","Transfer ownership of a commercial registry of an establishment. Ministry of Commerce. Merchant · Commercial Register · business sector. Steps: - Steps for transferring ownership of a commercial register to a sole proprietorship by the current owner: 1. Click Start Service. 2. Log in to the account via the unified national access or log in for investors who do not hold a Saudi ID or residency. 3. Select the service: From ""Doing Business"" > ""Ministry of Commerce"" > ""Transferring Ownership of a Commercial Register to a Sole Proprietorship."" 4. Select the register to be transferred and click Continue. 5. Start the service: Review the terms and requirements, then agree and click Apply for the service. 6. Select the status of retaining the trade name and click Continue. 7. Fill in the information of the new proprietor and click Save. Enter the mobile number and email, add the national address, attach a copy of the ID, and click Continue. 8. Review the application summary and confirm the accuracy of all entered data and click Submit Application. 9. Enter the verification code sent to your mobile phone and click Verify. A message will appear stating that the application was successfully submitted.
- Transferring Ownership of a Commercial Register to a Sole Proprietorship by the new owner: 1. Click Start Service. 2. Log in to the account via the unified national access or log in for investors who do not hold a Saudi ID. They hold a Saudi ID or residency 3- Click on the mailbox "">"" Click on procedures "">"" Undertaking to transfer all obligations related to the current owner's account "">"" 4- Click on accept the request 5- Modify the data of the old business owner "">"" Commercial activity (optional) "">"" Commercial licenses (optional) "">"" Add e-commerce business data (optional) "">"" Add capital details (optional) "">"" Keep the previous trade name or modify it (optional) "">"" Modify the national address (optional) "">"" Modify contact information "">"" Modify the manager's data (optional) 6- Review the application summary and approve the validity of all entered data 7- Click on (Submit application).",Transfer ownership of a commercial registry of an establishment,Ministry of Commerce,Merchant · Commercial Register · business sector,https://mc.gov.sa/en/eservices/Pages/ServiceDetails.aspx?sID=36
mc-36::en::service_facts,mc-36,en,service_facts,"Fees: 500
Processing time: Within 72 hours
Beneficiaries: Merchant
Service languages: Arabic and English","Transfer ownership of a commercial registry of an establishment. Ministry of Commerce. Merchant · Commercial Register · business sector. Fees & service details: Fees: 500
Processing time: Within 72 hours
Beneficiaries: Merchant
Service languages: Arabic and English",Transfer ownership of a commercial registry of an establishment,Ministry of Commerce,Merchant · Commercial Register · business sector,https://mc.gov.sa/en/eservices/Pages/ServiceDetails.aspx?sID=36
mc-36::ar::overview,mc-36,ar,overview,خدمة إلكترونية تقدمها وزارة التجارة عبر منصة المركز السعودي للأعمال، تتيح للمستفيدين تقديم طلب نقل ملكية السجل التجاري من أو إلى شخص آخر، دون الحاجة إلى زيارة مراكز الخدمة.,نقل ملكية سجل تجاري لمؤسسة فردية. وزارة التجارة. التاجر · السجل التجاري · قطاع الأعمال. نظرة عامة: خدمة إلكترونية تقدمها وزارة التجارة عبر منصة المركز السعودي للأعمال، تتيح للمستفيدين تقديم طلب نقل ملكية السجل التجاري من أو إلى شخص آخر، دون الحاجة إلى زيارة مراكز الخدمة.,نقل ملكية سجل تجاري لمؤسسة فردية,وزارة التجارة,التاجر · السجل التجاري · قطاع الأعمال,https://mc.gov.sa/ar/eservices/Pages/ServiceDetails.aspx?sID=36
mc-36::ar::requirements,mc-36,ar,requirements,"الشروط: - أن يكون السجل التجاري نشطًا.
- ألا يكون المالك الجديد ممتلكًا سجلًا تجاريًا لمؤسسة فردية.
- ألا يكون المالك الجديد موظفًا حكوميًا، وألا يقل عمره عن 18 سنة.
- ألا يكون اسم السجل التجاري بالاسم الشخصي للمُتنازِل.","نقل ملكية سجل تجاري لمؤسسة فردية. وزارة التجارة. التاجر · السجل التجاري · قطاع الأعمال. الشروط: الشروط: - أن يكون السجل التجاري نشطًا.
- ألا يكون المالك الجديد ممتلكًا سجلًا تجاريًا لمؤسسة فردية.
- ألا يكون المالك الجديد موظفًا حكوميًا، وألا يقل عمره عن 18 سنة.
- ألا يكون اسم السجل التجاري بالاسم الشخصي للمُتنازِل.",نقل ملكية سجل تجاري لمؤسسة فردية,وزارة التجارة,التاجر · السجل التجاري · قطاع الأعمال,https://mc.gov.sa/ar/eservices/Pages/ServiceDetails.aspx?sID=36
mc-36::ar::documents,mc-36,ar,documents,- التحقق من الآتي في حال كان شخص متوفى: تقديم صك حصر الورثة - تقديم صك الولاية في حال وجود قُصّر - وجود وكالة شرعية من جميع الورثة تنص على التنازل عن المؤسسة - وجود عقد مبايعة وتنازل من الورثة موضحًا فيه بيانات السجل.,نقل ملكية سجل تجاري لمؤسسة فردية. وزارة التجارة. التاجر · السجل التجاري · قطاع الأعمال. المستندات المطلوبة: - التحقق من الآتي في حال كان شخص متوفى: تقديم صك حصر الورثة - تقديم صك الولاية في حال وجود قُصّر - وجود وكالة شرعية من جميع الورثة تنص على التنازل عن المؤسسة - وجود عقد مبايعة وتنازل من الورثة موضحًا فيه بيانات السجل.,نقل ملكية سجل تجاري لمؤسسة فردية,وزارة التجارة,التاجر · السجل التجاري · قطاع الأعمال,https://mc.gov.sa/ar/eservices/Pages/ServiceDetails.aspx?sID=36
mc-36::ar::steps,mc-36,ar,steps,"- خطوات نقل ملكية سجل تجاري لمؤسسة فردية من قبل (المالك الحالي: 1- الضغط على ابدأ الخدمة 2- الدخول إلى الحساب عن طريق النفاذ الوطني الموحد او تسجيل الدخول للمستثمرين الذين لا يحملون هوية او إقامة سعودية 3- اختيار الخدمة: من ""ممارسة الأعمال"" > ""وزارة التجارة"" > ""نقل ملكية سجل تجاري لمؤسسة فردية"" 4- اختيار السجل المراد نقلة والضغط على استمرار 5- بدء الخدمة: الاطلاع على الشروط والمتطلبات، ثم الموافقة والضغط على التقديم على الخدمة 6- تحديد حالة الاحتفاظ بالاسم التجاري والضغط على استمرار 7- تعبئة بيانات مالك المؤسسة الجديد والضغط على حفظ كتابة رقم الجوال والبريد الالكتروني واضافة العنوان الوطني وارفاق صورة الهوية والضغط على استمرار 8- مراجعة ملخص الطلب و الاقرار على صحة جميع البيانات المدخلة و الضغط على (تقديم الطلب) 9- ادخال رمز التحقق المرسل على جوالك و الضغط على (تحقق) و تظهر رسالة تفيد بتقديم الطلب بنجاح .
- نقل ملكية سجل تجاري لمؤسسة فردية من قبل (المالك الجديد: 1- الضغط على ابدأ الخدمة 2- الدخول إلى الحساب عن طريق النفاذ الوطني الموحد او تسجيل الدخول للمستثمرين الذين لا يحملون هوية او إقامة سعودية 3- الضغط على صندوق البريد "" > "" الضغط على الإجراءات "" > "" التعهد على نقل جميع الالتزامات المتعلقة بذمة المالك الحالي "" > "" 4- الضغط على قبول الطلب 5- التعديل على بيانات مالك المؤسسة القديم "" > "" النشاط التجاري (اختياري) "" > "" التراخيص التجارية في (اختياري ) "" > "" إضافة بيانات العمل بالتجارة الالكترونية (اختياري) "" > "" إضافة تفاصيل راس المال (اختياري) "" > "" الاحتفاظ بالاسم التجاري السابق او التعديل عليه (اختياري ) "" > "" التعديل على العنوان الوطني (اختياري) "" > "" التعديل على بيانات الاتصال "" > "" التعديل على بيانات المدير (اختياري) 6- مراجعة ملخص الطلب و الموافقة الاقرار على صحة جميع البيانات المدخلة 7- الضغط على (تقديم الطلب).","نقل ملكية سجل تجاري لمؤسسة فردية. وزارة التجارة. التاجر · السجل التجاري · قطاع الأعمال. الخطوات: - خطوات نقل ملكية سجل تجاري لمؤسسة فردية من قبل (المالك الحالي: 1- الضغط على ابدأ الخدمة 2- الدخول إلى الحساب عن طريق النفاذ الوطني الموحد او تسجيل الدخول للمستثمرين الذين لا يحملون هوية او إقامة سعودية 3- اختيار الخدمة: من ""ممارسة الأعمال"" > ""وزارة التجارة"" > ""نقل ملكية سجل تجاري لمؤسسة فردية"" 4- اختيار السجل المراد نقلة والضغط على استمرار 5- بدء الخدمة: الاطلاع على الشروط والمتطلبات، ثم الموافقة والضغط على التقديم على الخدمة 6- تحديد حالة الاحتفاظ بالاسم التجاري والضغط على استمرار 7- تعبئة بيانات مالك المؤسسة الجديد والضغط على حفظ كتابة رقم الجوال والبريد الالكتروني واضافة العنوان الوطني وارفاق صورة الهوية والضغط على استمرار 8- مراجعة ملخص الطلب و الاقرار على صحة جميع البيانات المدخلة و الضغط على (تقديم الطلب) 9- ادخال رمز التحقق المرسل على جوالك و الضغط على (تحقق) و تظهر رسالة تفيد بتقديم الطلب بنجاح .
- نقل ملكية سجل تجاري لمؤسسة فردية من قبل (المالك الجديد: 1- الضغط على ابدأ الخدمة 2- الدخول إلى الحساب عن طريق النفاذ الوطني الموحد او تسجيل الدخول للمستثمرين الذين لا يحملون هوية او إقامة سعودية 3- الضغط على صندوق البريد "" > "" الضغط على الإجراءات "" > "" التعهد على نقل جميع الالتزامات المتعلقة بذمة المالك الحالي "" > "" 4- الضغط على قبول الطلب 5- التعديل على بيانات مالك المؤسسة القديم "" > "" النشاط التجاري (اختياري) "" > "" التراخيص التجارية في (اختياري ) "" > "" إضافة بيانات العمل بالتجارة الالكترونية (اختياري) "" > "" إضافة تفاصيل راس المال (اختياري) "" > "" الاحتفاظ بالاسم التجاري السابق او التعديل عليه (اختياري ) "" > "" التعديل على العنوان الوطني (اختياري) "" > "" التعديل على بيانات الاتصال "" > "" التعديل على بيانات المدير (اختياري) 6- مراجعة ملخص الطلب و الموافقة الاقرار على صحة جميع البيانات المدخلة 7- الضغط على (تقديم الطلب).",نقل ملكية سجل تجاري لمؤسسة فردية,وزارة التجارة,التاجر · السجل التجاري · قطاع الأعمال,https://mc.gov.sa/ar/eservices/Pages/ServiceDetails.aspx?sID=36
mc-36::ar::service_facts,mc-36,ar,service_facts,"الرسوم: 500
مدة التنفيذ: خلال 72 ساعة
الفئة المستفيدة: التاجر
لغة الخدمة: العربية والانجليزية","نقل ملكية سجل تجاري لمؤسسة فردية. وزارة التجارة. التاجر · السجل التجاري · قطاع الأعمال. الرسوم وتفاصيل الخدمة: الرسوم: 500
مدة التنفيذ: خلال 72 ساعة
الفئة المستفيدة: التاجر
لغة الخدمة: العربية والانجليزية",نقل ملكية سجل تجاري لمؤسسة فردية,وزارة التجارة,التاجر · السجل التجاري · قطاع الأعمال,https://mc.gov.sa/ar/eservices/Pages/ServiceDetails.aspx?sID=36
mc-37::en::overview,mc-37,en,overview,An electronic service provided by the Ministry of Commerce through the Saudi Business Center platform that allows beneficiaries to update their company's main commercial registry data without having to visit service centers.,Modifying the company's main commercial registry data. Ministry of Commerce. Merchant · Commercial Register · business sector. Overview: An electronic service provided by the Ministry of Commerce through the Saudi Business Center platform that allows beneficiaries to update their company's main commercial registry data without having to visit service centers.,Modifying the company's main commercial registry data,Ministry of Commerce,Merchant · Commercial Register · business sector,https://mc.gov.sa/en/eservices/Pages/ServiceDetails.aspx?sID=37
mc-37::en::requirements,mc-37,en,requirements,"Conditions: - The commercial registration must be active.
- A valid license is required in case of adding an activity that requires a pre-issuance license.
- A statement of cancellation of licenses must be provided in case of removing an activity that requires a pre-issuance license.
- The activity must fall within the company's objectives.
- The practice of e-commerce must be determined if the applicant engages in it.","Modifying the company's main commercial registry data. Ministry of Commerce. Merchant · Commercial Register · business sector. Conditions: Conditions: - The commercial registration must be active.
- A valid license is required in case of adding an activity that requires a pre-issuance license.
- A statement of cancellation of licenses must be provided in case of removing an activity that requires a pre-issuance license.
- The activity must fall within the company's objectives.
- The practice of e-commerce must be determined if the applicant engages in it.",Modifying the company's main commercial registry data,Ministry of Commerce,Merchant · Commercial Register · business sector,https://mc.gov.sa/en/eservices/Pages/ServiceDetails.aspx?sID=37
mc-37::en::documents,mc-37,en,documents,"- The following must be verified if the company is foreign: A valid investment license for the facility must be provided, with a duration of no less than 30 days - The activities added to the application must be compatible with the investment license of the company.
- The following must be verified if the company is a joint-stock or simplified joint-stock company: The minutes of the general assembly must be available - A letter requesting the amendment of the company's prints must be submitted, certified by the Chamber of Commerce - The members of the board of directors must not be government employees.","Modifying the company's main commercial registry data. Ministry of Commerce. Merchant · Commercial Register · business sector. Required documents: - The following must be verified if the company is foreign: A valid investment license for the facility must be provided, with a duration of no less than 30 days - The activities added to the application must be compatible with the investment license of the company.
- The following must be verified if the company is a joint-stock or simplified joint-stock company: The minutes of the general assembly must be available - A letter requesting the amendment of the company's prints must be submitted, certified by the Chamber of Commerce - The members of the board of directors must not be government employees.",Modifying the company's main commercial registry data,Ministry of Commerce,Merchant · Commercial Register · business sector,https://mc.gov.sa/en/eservices/Pages/ServiceDetails.aspx?sID=37
mc-37::en::steps,mc-37,en,steps,"- Click ""Start Service""
- Log in to your account via the National Unified Access or log in for investors who do not hold a Saudi ID or residency.
- Select the service: From ""Doing Business"" > ""Ministry of Commerce"" > ""Modify the Company's Main Commercial Register Data""
- Start the service: View the commercial register data, then click ""Continue,"" agree to the terms, and then click ""Apply for Service.""
- Update data: Add business activities. - Enter license data. - Modify capital and e-commerce data. - Modify trade name. - Modify national address and contact information. - Modify directors' data.
- Submit the application: Click ""Submit Application.""
- Payment and follow-up: Pay fees, review the application, and print the invoice. - After payment, the annual confirmation is successfully completed.","Modifying the company's main commercial registry data. Ministry of Commerce. Merchant · Commercial Register · business sector. Steps: - Click ""Start Service""
- Log in to your account via the National Unified Access or log in for investors who do not hold a Saudi ID or residency.
- Select the service: From ""Doing Business"" > ""Ministry of Commerce"" > ""Modify the Company's Main Commercial Register Data""
- Start the service: View the commercial register data, then click ""Continue,"" agree to the terms, and then click ""Apply for Service.""
- Update data: Add business activities. - Enter license data. - Modify capital and e-commerce data. - Modify trade name. - Modify national address and contact information. - Modify directors' data.
- Submit the application: Click ""Submit Application.""
- Payment and follow-up: Pay fees, review the application, and print the invoice. - After payment, the annual confirmation is successfully completed.",Modifying the company's main commercial registry data,Ministry of Commerce,Merchant · Commercial Register · business sector,https://mc.gov.sa/en/eservices/Pages/ServiceDetails.aspx?sID=37
mc-37::en::service_facts,mc-37,en,service_facts,"Fees: 100
Processing time: immediately
Beneficiaries: Merchant
Service languages: Arabic and English","Modifying the company's main commercial registry data. Ministry of Commerce. Merchant · Commercial Register · business sector. Fees & service details: Fees: 100
Processing time: immediately
Beneficiaries: Merchant
Service languages: Arabic and English",Modifying the company's main commercial registry data,Ministry of Commerce,Merchant · Commercial Register · business sector,https://mc.gov.sa/en/eservices/Pages/ServiceDetails.aspx?sID=37
mc-37::ar::overview,mc-37,ar,overview,خدمة إلكترونية تقدمها وزارة التجارة عبر منصة المركز السعودي للأعمال، تتيح للمستفيدين التحديث على بيانات السجل التجاري الرئيسي لشركة، دون الحاجة إلى زيارة مراكز الخدمة.,تعديل بيانات السجل التجاري الرئيسي لشركة. وزارة التجارة. التاجر · السجل التجاري · قطاع الأعمال. نظرة عامة: خدمة إلكترونية تقدمها وزارة التجارة عبر منصة المركز السعودي للأعمال، تتيح للمستفيدين التحديث على بيانات السجل التجاري الرئيسي لشركة، دون الحاجة إلى زيارة مراكز الخدمة.,تعديل بيانات السجل التجاري الرئيسي لشركة,وزارة التجارة,التاجر · السجل التجاري · قطاع الأعمال,https://mc.gov.sa/ar/eservices/Pages/ServiceDetails.aspx?sID=37
mc-37::ar::requirements,mc-37,ar,requirements,"الشروط: - أن يكون السجل التجاري نشطًا.
- أن يكون النشاط ضمن أغراض الشركة.
- وجود ترخيص ساري المفعول في حال إضافة نشاط يتطلب ترخيصًا قبل الإصدار.
- تقديم إفادة بإلغاء التراخيص في حال إزالة نشاط يتطلب ترخيصًا قبل الإصدار.
- تحديد ممارسة التجارة الإلكترونية في حال كان مقدم الطلب ممارسًا لها.","تعديل بيانات السجل التجاري الرئيسي لشركة. وزارة التجارة. التاجر · السجل التجاري · قطاع الأعمال. الشروط: الشروط: - أن يكون السجل التجاري نشطًا.
- أن يكون النشاط ضمن أغراض الشركة.
- وجود ترخيص ساري المفعول في حال إضافة نشاط يتطلب ترخيصًا قبل الإصدار.
- تقديم إفادة بإلغاء التراخيص في حال إزالة نشاط يتطلب ترخيصًا قبل الإصدار.
- تحديد ممارسة التجارة الإلكترونية في حال كان مقدم الطلب ممارسًا لها.",تعديل بيانات السجل التجاري الرئيسي لشركة,وزارة التجارة,التاجر · السجل التجاري · قطاع الأعمال,https://mc.gov.sa/ar/eservices/Pages/ServiceDetails.aspx?sID=37
mc-37::ar::documents,mc-37,ar,documents,"- التحقق من الآتي في حال كانت الشركة أجنبية: - وجود ترخيص استثماري للمنشأة ساري المفعول بمدة لا تقل عن (30) يومًا - أن تكون الأنشطة المضافة في الطلب متوافقة مع الترخيص الاستثماري للشركة.
- التحقق من الآتي في حال كانت شركة مساهمة / مساهمة مبسطة: - وجود محضر الجمعية - تقديم خطاب بطلب التعديل على مطبوعات الشركة، مصادق عليه من الغرفة التجارية - ألا يكون أعضاء مجلس الإدارة موظفين حكوميين.","تعديل بيانات السجل التجاري الرئيسي لشركة. وزارة التجارة. التاجر · السجل التجاري · قطاع الأعمال. المستندات المطلوبة: - التحقق من الآتي في حال كانت الشركة أجنبية: - وجود ترخيص استثماري للمنشأة ساري المفعول بمدة لا تقل عن (30) يومًا - أن تكون الأنشطة المضافة في الطلب متوافقة مع الترخيص الاستثماري للشركة.
- التحقق من الآتي في حال كانت شركة مساهمة / مساهمة مبسطة: - وجود محضر الجمعية - تقديم خطاب بطلب التعديل على مطبوعات الشركة، مصادق عليه من الغرفة التجارية - ألا يكون أعضاء مجلس الإدارة موظفين حكوميين.",تعديل بيانات السجل التجاري الرئيسي لشركة,وزارة التجارة,التاجر · السجل التجاري · قطاع الأعمال,https://mc.gov.sa/ar/eservices/Pages/ServiceDetails.aspx?sID=37
mc-37::ar::steps,mc-37,ar,steps,"- الضغط على ابدأ الخدمة
- الدخول إلى الحساب عن طريق النفاذ الوطني الموحد او تسجيل الدخول للمستثمرين الذين لا يحملون هوية او إقامة سعودية
- اختيار الخدمة: من ""ممارسة الأعمال"" > ""وزارة التجارة"" > ""تعديل بيانات السجل التجاري الرئيسي لشركة ""
- بدء الخدمة: عرض بيانات السجل التجاري، ثم الضغط على ""استمرار""، والموافقة على الشروط، ثم الضغط على ""التقديم على الخدمة"".
- تحديث البيانات: إضافة الأنشطة التجارية. - إدخال بيانات الترخيص. - تعديل رأس المال وبيانات التجارة الإلكترونية. - تعديل الاسم التجاري. - تعديل العنوان الوطني وبيانات الاتصال. - تعديل بيانات المديرين.
- تقديم الطلب: الضغط على ""تقديم الطلب"".
- الدفع والمتابعة: دفع الرسوم، استعراض الطلب، وطباعة الفاتورة. - بعد الدفع، يتم تنفيذ التأكيد السنوي بنجاح.","تعديل بيانات السجل التجاري الرئيسي لشركة. وزارة التجارة. التاجر · السجل التجاري · قطاع الأعمال. الخطوات: - الضغط على ابدأ الخدمة
- الدخول إلى الحساب عن طريق النفاذ الوطني الموحد او تسجيل الدخول للمستثمرين الذين لا يحملون هوية او إقامة سعودية
- اختيار الخدمة: من ""ممارسة الأعمال"" > ""وزارة التجارة"" > ""تعديل بيانات السجل التجاري الرئيسي لشركة ""
- بدء الخدمة: عرض بيانات السجل التجاري، ثم الضغط على ""استمرار""، والموافقة على الشروط، ثم الضغط على ""التقديم على الخدمة"".
- تحديث البيانات: إضافة الأنشطة التجارية. - إدخال بيانات الترخيص. - تعديل رأس المال وبيانات التجارة الإلكترونية. - تعديل الاسم التجاري. - تعديل العنوان الوطني وبيانات الاتصال. - تعديل بيانات المديرين.
- تقديم الطلب: الضغط على ""تقديم الطلب"".
- الدفع والمتابعة: دفع الرسوم، استعراض الطلب، وطباعة الفاتورة. - بعد الدفع، يتم تنفيذ التأكيد السنوي بنجاح.",تعديل بيانات السجل التجاري الرئيسي لشركة,وزارة التجارة,التاجر · السجل التجاري · قطاع الأعمال,https://mc.gov.sa/ar/eservices/Pages/ServiceDetails.aspx?sID=37
mc-37::ar::service_facts,mc-37,ar,service_facts,"الرسوم: 100
مدة التنفيذ: فوري
الفئة المستفيدة: التاجر
لغة الخدمة: العربية والانجليزية","تعديل بيانات السجل التجاري الرئيسي لشركة. وزارة التجارة. التاجر · السجل التجاري · قطاع الأعمال. الرسوم وتفاصيل الخدمة: الرسوم: 100
مدة التنفيذ: فوري
الفئة المستفيدة: التاجر
لغة الخدمة: العربية والانجليزية",تعديل بيانات السجل التجاري الرئيسي لشركة,وزارة التجارة,التاجر · السجل التجاري · قطاع الأعمال,https://mc.gov.sa/ar/eservices/Pages/ServiceDetails.aspx?sID=37
mc-38::en::overview,mc-38,en,overview,"An electronic service provided by the Ministry of Commerce through the Saudi Business Center platform, allowing beneficiaries to start their businesses without having to visit service centers.","A commercial registration for an establishment. Ministry of Commerce. Merchant · Commercial Register · business sector. Overview: An electronic service provided by the Ministry of Commerce through the Saudi Business Center platform, allowing beneficiaries to start their businesses without having to visit service centers.",A commercial registration for an establishment,Ministry of Commerce,Merchant · Commercial Register · business sector,https://mc.gov.sa/en/eservices/Pages/ServiceDetails.aspx?sID=38
mc-38::en::requirements,mc-38,en,requirements,"Conditions: - Must be at least 18 years old.
- Not a government employee.
- The owner must not have an active commercial registration for a sole proprietorship.","A commercial registration for an establishment. Ministry of Commerce. Merchant · Commercial Register · business sector. Conditions: Conditions: - Must be at least 18 years old.
- Not a government employee.
- The owner must not have an active commercial registration for a sole proprietorship.",A commercial registration for an establishment,Ministry of Commerce,Merchant · Commercial Register · business sector,https://mc.gov.sa/en/eservices/Pages/ServiceDetails.aspx?sID=38
mc-38::en::documents,mc-38,en,documents,"- Attach the approval of the licensing authority if the activity being practiced is one that requires a license prior to issuance.
- Specify the practice of e-commerce if the applicant is practicing it.
- If the applicant is a cooperative or charitable association, the following documents must be submitted from the Ministry of Human Resources and Social Development or the National Center for Non-Profit Sector Development: - Attach a copy of the registration certificate. - Attach a copy of the letter approving the association's board of directors, along with a copy of the association's bylaws. - Attach a copy of the cooperative association's bylaws. - Attach a power of attorney from the association's board of directors to a Saudi person to complete the registration procedures in the commercial register.
- Verify the following if the applicant is an endowment institution: - Attach the endowment deed from the Personal Status Court. - Attach a legal power of attorney from the donor, the endowment supervisor, or the supervisory board to issue a commercial registration with the endowment deed.","A commercial registration for an establishment. Ministry of Commerce. Merchant · Commercial Register · business sector. Required documents: - Attach the approval of the licensing authority if the activity being practiced is one that requires a license prior to issuance.
- Specify the practice of e-commerce if the applicant is practicing it.
- If the applicant is a cooperative or charitable association, the following documents must be submitted from the Ministry of Human Resources and Social Development or the National Center for Non-Profit Sector Development: - Attach a copy of the registration certificate. - Attach a copy of the letter approving the association's board of directors, along with a copy of the association's bylaws. - Attach a copy of the cooperative association's bylaws. - Attach a power of attorney from the association's board of directors to a Saudi person to complete the registration procedures in the commercial register.
- Verify the following if the applicant is an endowment institution: - Attach the endowment deed from the Personal Status Court. - Attach a legal power of attorney from the donor, the endowment supervisor, or the supervisory board to issue a commercial registration with the endowment deed.",A commercial registration for an establishment,Ministry of Commerce,Merchant · Commercial Register · business sector,https://mc.gov.sa/en/eservices/Pages/ServiceDetails.aspx?sID=38
mc-38::en::steps,mc-38,en,steps,"- Access the platform: Via the National Unified Access through the Saudi Business Center platform.
- Select the service: From ""Electronic Services"" > ""Commercial Registration"" > Select the registration type ""Establishment"", then start the service.
- Fill in the establishment information: Review and agree to the terms. - Fill in the owner's information and contact information. - Enter the approved business address.
- Add the required information: Select the business activities. - Enter the e-commerce information (if applicable). - Determine the capital. - Choose the trade name type and its composition.
- Complete the commercial registration information: Enter the establishment's address and contact information. - Appoint the establishment manager and enter their information.
- Review and submit the application: Review the application summary. - Approve the declaration and submit the application.
- Party approval: If required, approval will be obtained from the register owner or other managers.
- Payment: Issue the invoice and pay the fees via SADAD or card. - After payment, the commercial registration is officially issued.
- Automatic registration with relevant authorities: After issuing the record, registration is automatic with: the Ministry of Human Resources - the Zakat, Tax and Customs Authority - the General Organization for Social Insurance - Saudi Post (National Address) - the Chamber of Commerce.","A commercial registration for an establishment. Ministry of Commerce. Merchant · Commercial Register · business sector. Steps: - Access the platform: Via the National Unified Access through the Saudi Business Center platform.
- Select the service: From ""Electronic Services"" > ""Commercial Registration"" > Select the registration type ""Establishment"", then start the service.
- Fill in the establishment information: Review and agree to the terms. - Fill in the owner's information and contact information. - Enter the approved business address.
- Add the required information: Select the business activities. - Enter the e-commerce information (if applicable). - Determine the capital. - Choose the trade name type and its composition.
- Complete the commercial registration information: Enter the establishment's address and contact information. - Appoint the establishment manager and enter their information.
- Review and submit the application: Review the application summary. - Approve the declaration and submit the application.
- Party approval: If required, approval will be obtained from the register owner or other managers.
- Payment: Issue the invoice and pay the fees via SADAD or card. - After payment, the commercial registration is officially issued.
- Automatic registration with relevant authorities: After issuing the record, registration is automatic with: the Ministry of Human Resources - the Zakat, Tax and Customs Authority - the General Organization for Social Insurance - Saudi Post (National Address) - the Chamber of Commerce.",A commercial registration for an establishment,Ministry of Commerce,Merchant · Commercial Register · business sector,https://mc.gov.sa/en/eservices/Pages/ServiceDetails.aspx?sID=38
mc-38::en::service_facts,mc-38,en,service_facts,"Fees: 500
Processing time: immediately
Beneficiaries: Merchant
Service languages: Arabic and English","A commercial registration for an establishment. Ministry of Commerce. Merchant · Commercial Register · business sector. Fees & service details: Fees: 500
Processing time: immediately
Beneficiaries: Merchant
Service languages: Arabic and English",A commercial registration for an establishment,Ministry of Commerce,Merchant · Commercial Register · business sector,https://mc.gov.sa/en/eservices/Pages/ServiceDetails.aspx?sID=38
mc-38::ar::overview,mc-38,ar,overview,خدمة إلكترونية تقدمها وزارة التجارة عبر منصة المركز السعودي للأعمال، تتيح للمستفيدين البدء في مُمارسة النشاط التجاري، دون الحاجة إلى زيارة مراكز الخدمة.,قيد سجل تجاري لمؤسسة فردية. وزارة التجارة. التاجر · السجل التجاري · قطاع الأعمال. نظرة عامة: خدمة إلكترونية تقدمها وزارة التجارة عبر منصة المركز السعودي للأعمال، تتيح للمستفيدين البدء في مُمارسة النشاط التجاري، دون الحاجة إلى زيارة مراكز الخدمة.,قيد سجل تجاري لمؤسسة فردية,وزارة التجارة,التاجر · السجل التجاري · قطاع الأعمال,https://mc.gov.sa/ar/eservices/Pages/ServiceDetails.aspx?sID=38
mc-38::ar::requirements,mc-38,ar,requirements,"الشروط: - ألا يقل العمر عن 18سنة.
- ألا يكون موظفًا حكوميًا.
- ألا يكون المالك ممتلكًا سجلًا تجاريًا نشطًا لمؤسسة فردية.","قيد سجل تجاري لمؤسسة فردية. وزارة التجارة. التاجر · السجل التجاري · قطاع الأعمال. الشروط: الشروط: - ألا يقل العمر عن 18سنة.
- ألا يكون موظفًا حكوميًا.
- ألا يكون المالك ممتلكًا سجلًا تجاريًا نشطًا لمؤسسة فردية.",قيد سجل تجاري لمؤسسة فردية,وزارة التجارة,التاجر · السجل التجاري · قطاع الأعمال,https://mc.gov.sa/ar/eservices/Pages/ServiceDetails.aspx?sID=38
mc-38::ar::documents,mc-38,ar,documents,"- إرفاق موافقة الجهة المرخصة في حال كان النشاط الممارس من الأنشطة التي تتطلب ترخيصًا قبل الإصدار.
- تحديد ممارسة التجارة الإلكترونية في حال كان مقدم الطلب ممارسًا لها.
- في حال كان طالب القيد جمعية تعاونية أو خيرية يتطلب تقديم المستندات التالية من وزارة الموارد البشرية والتنمية الاجتماعية أو المركز الوطني لتنمية القطاع غير الربحي: - إرفاق صورة من شهادة التسجيل - إرفاق نسخة من الخطاب الذي يتضمن الموافقة على مجلس إدارة المؤسسة مع نسخة من نظام المؤسسة. - إرفاق نسخة من نظام الجمعية التعاونية. - إرفاق تفويض من مجلس المؤسسة لشخص سعودي لاستكمال إجراءات القيد في السجل التجاري.
- التحقق من الآتي في حال كان طالب القيد مؤسسة وقفية: - إرفاق صك الوقفية من محكمة الأحوال الشخصية. - إرفاق وكالة شرعية من الواقف أو ناظر الوقف أو مجلس النظارة لاستخراج سجل تجاري بصك الوقفية.","قيد سجل تجاري لمؤسسة فردية. وزارة التجارة. التاجر · السجل التجاري · قطاع الأعمال. المستندات المطلوبة: - إرفاق موافقة الجهة المرخصة في حال كان النشاط الممارس من الأنشطة التي تتطلب ترخيصًا قبل الإصدار.
- تحديد ممارسة التجارة الإلكترونية في حال كان مقدم الطلب ممارسًا لها.
- في حال كان طالب القيد جمعية تعاونية أو خيرية يتطلب تقديم المستندات التالية من وزارة الموارد البشرية والتنمية الاجتماعية أو المركز الوطني لتنمية القطاع غير الربحي: - إرفاق صورة من شهادة التسجيل - إرفاق نسخة من الخطاب الذي يتضمن الموافقة على مجلس إدارة المؤسسة مع نسخة من نظام المؤسسة. - إرفاق نسخة من نظام الجمعية التعاونية. - إرفاق تفويض من مجلس المؤسسة لشخص سعودي لاستكمال إجراءات القيد في السجل التجاري.
- التحقق من الآتي في حال كان طالب القيد مؤسسة وقفية: - إرفاق صك الوقفية من محكمة الأحوال الشخصية. - إرفاق وكالة شرعية من الواقف أو ناظر الوقف أو مجلس النظارة لاستخراج سجل تجاري بصك الوقفية.",قيد سجل تجاري لمؤسسة فردية,وزارة التجارة,التاجر · السجل التجاري · قطاع الأعمال,https://mc.gov.sa/ar/eservices/Pages/ServiceDetails.aspx?sID=38
mc-38::ar::steps,mc-38,ar,steps,"- الدخول على المنصة: عبر النفاذ الوطني الموحد من خلال منصة المركز السعودي للأعمال.
- اختيار الخدمة: من ""الخدمات الإلكترونية"" > "" قيد سجل تجاري"" > تحديد نوع السجل ""مؤسسة""، ثم البدء بالخدمة.
- تعبئة بيانات المؤسسة: مراجعة الشروط والموافقة عليها. - تعبئة بيانات المالك وبيانات الاتصال. - إدخال عنوان الأعمال المعتمد.
- إضافة البيانات المطلوبة: إختيار الأنشطة التجارية. - إدخال بيانات التجارة الإلكترونية (إن وُجدت). - تحديد رأس المال. - اختيار نوع الإسم التجاري وتكوينه.
- استكمال بيانات السجل التجاري: إدخال عنوان المؤسسة وبيانات الاتصال. - تعيين مدير المؤسسة وإدخال بياناته.
- مراجعة وتقديم الطلب: استعراض ملخص الطلب. - الموافقة على الإقرار وتقديم الطلب.
- موافقة الأطراف: في حال تطلب الأمر، تتم الموافقة من مالك السجل أو المدراء الآخرين.
- الدفع: إصدار الفاتورة، ودفع الرسوم عبر خدمة سداد أو البطاقة. - بعد الدفع، يتم إصدار السجل التجاري رسميًا.
- التسجيل التلقائي في الجهات ذات العلاقة: بعد إصدار السجل، يتم التسجيل تلقائيًا في: وزارة الموارد البشرية - هيئة الزكاة والضريبة والجمارك - المؤسسة العامة للتأمينات الاجتماعية - البريد السعودي (العنوان الوطني) - الغرفة التجارية.","قيد سجل تجاري لمؤسسة فردية. وزارة التجارة. التاجر · السجل التجاري · قطاع الأعمال. الخطوات: - الدخول على المنصة: عبر النفاذ الوطني الموحد من خلال منصة المركز السعودي للأعمال.
- اختيار الخدمة: من ""الخدمات الإلكترونية"" > "" قيد سجل تجاري"" > تحديد نوع السجل ""مؤسسة""، ثم البدء بالخدمة.
- تعبئة بيانات المؤسسة: مراجعة الشروط والموافقة عليها. - تعبئة بيانات المالك وبيانات الاتصال. - إدخال عنوان الأعمال المعتمد.
- إضافة البيانات المطلوبة: إختيار الأنشطة التجارية. - إدخال بيانات التجارة الإلكترونية (إن وُجدت). - تحديد رأس المال. - اختيار نوع الإسم التجاري وتكوينه.
- استكمال بيانات السجل التجاري: إدخال عنوان المؤسسة وبيانات الاتصال. - تعيين مدير المؤسسة وإدخال بياناته.
- مراجعة وتقديم الطلب: استعراض ملخص الطلب. - الموافقة على الإقرار وتقديم الطلب.
- موافقة الأطراف: في حال تطلب الأمر، تتم الموافقة من مالك السجل أو المدراء الآخرين.
- الدفع: إصدار الفاتورة، ودفع الرسوم عبر خدمة سداد أو البطاقة. - بعد الدفع، يتم إصدار السجل التجاري رسميًا.
- التسجيل التلقائي في الجهات ذات العلاقة: بعد إصدار السجل، يتم التسجيل تلقائيًا في: وزارة الموارد البشرية - هيئة الزكاة والضريبة والجمارك - المؤسسة العامة للتأمينات الاجتماعية - البريد السعودي (العنوان الوطني) - الغرفة التجارية.",قيد سجل تجاري لمؤسسة فردية,وزارة التجارة,التاجر · السجل التجاري · قطاع الأعمال,https://mc.gov.sa/ar/eservices/Pages/ServiceDetails.aspx?sID=38
mc-38::ar::service_facts,mc-38,ar,service_facts,"الرسوم: 500
مدة التنفيذ: فوري
الفئة المستفيدة: التاجر
لغة الخدمة: العربية والانجليزية","قيد سجل تجاري لمؤسسة فردية. وزارة التجارة. التاجر · السجل التجاري · قطاع الأعمال. الرسوم وتفاصيل الخدمة: الرسوم: 500
مدة التنفيذ: فوري
الفئة المستفيدة: التاجر
لغة الخدمة: العربية والانجليزية",قيد سجل تجاري لمؤسسة فردية,وزارة التجارة,التاجر · السجل التجاري · قطاع الأعمال,https://mc.gov.sa/ar/eservices/Pages/ServiceDetails.aspx?sID=38
mc-40::en::overview,mc-40,en,overview,"An electronic service provided by the Ministry of Commerce through the Saudi Business Center platform, allowing beneficiaries to update the data of a company's sub-commercial register without having to visit service centers.","Modifying the company's branch commercial registry data. Ministry of Commerce. Merchant · Commercial Register · business sector. Overview: An electronic service provided by the Ministry of Commerce through the Saudi Business Center platform, allowing beneficiaries to update the data of a company's sub-commercial register without having to visit service centers.",Modifying the company's branch commercial registry data,Ministry of Commerce,Merchant · Commercial Register · business sector,https://mc.gov.sa/en/eservices/Pages/ServiceDetails.aspx?sID=40
mc-40::en::requirements,mc-40,en,requirements,"Conditions: - The commercial registration must be active.
- A valid license is required in case of adding an activity that requires a pre-issuance license.
- A statement of cancellation of licenses must be provided in case of removing an activity that requires a pre-issuance license.
- The activity must fall within the company's objectives.
- The practice of e-commerce must be determined if the applicant engages in it.","Modifying the company's branch commercial registry data. Ministry of Commerce. Merchant · Commercial Register · business sector. Conditions: Conditions: - The commercial registration must be active.
- A valid license is required in case of adding an activity that requires a pre-issuance license.
- A statement of cancellation of licenses must be provided in case of removing an activity that requires a pre-issuance license.
- The activity must fall within the company's objectives.
- The practice of e-commerce must be determined if the applicant engages in it.",Modifying the company's branch commercial registry data,Ministry of Commerce,Merchant · Commercial Register · business sector,https://mc.gov.sa/en/eservices/Pages/ServiceDetails.aspx?sID=40
mc-40::en::documents,mc-40,en,documents,"- The following must be verified if the company is foreign: A valid investment license for the facility must be provided, with a duration of no less than 90 days - The activities added to the application must be compatible with the investment license of the company.
- The following must be verified if the company is a joint-stock or simplified joint-stock company: The minutes of the general assembly must be available - A letter requesting the amendment of the company's prints must be submitted, certified by the Chamber of Commerce - The members of the board of directors must not be government employees.","Modifying the company's branch commercial registry data. Ministry of Commerce. Merchant · Commercial Register · business sector. Required documents: - The following must be verified if the company is foreign: A valid investment license for the facility must be provided, with a duration of no less than 90 days - The activities added to the application must be compatible with the investment license of the company.
- The following must be verified if the company is a joint-stock or simplified joint-stock company: The minutes of the general assembly must be available - A letter requesting the amendment of the company's prints must be submitted, certified by the Chamber of Commerce - The members of the board of directors must not be government employees.",Modifying the company's branch commercial registry data,Ministry of Commerce,Merchant · Commercial Register · business sector,https://mc.gov.sa/en/eservices/Pages/ServiceDetails.aspx?sID=40
mc-40::en::steps,mc-40,en,steps,"- Click ""Start Service""
- Log in to your account via the National Unified Access or log in for investors who do not hold a Saudi ID or residency.
- Select the service: From ""Doing Business"" > ""Ministry of Commerce"" > ""Modify Company's Sub-Commercial Register Data""
- Start the service: View the commercial register data, then click ""Continue,"" agree to the terms, and then click ""Apply for Service.""
- Update data: Add business activities. - Enter license data. - Modify capital and e-commerce data. - Modify trade name. - Modify national address and contact information. - Modify directors' data.
- Submit the application: Click ""Submit Application.""
- Payment and follow-up: Pay fees, review the application, and print the invoice. - After payment, the annual confirmation is successfully completed.","Modifying the company's branch commercial registry data. Ministry of Commerce. Merchant · Commercial Register · business sector. Steps: - Click ""Start Service""
- Log in to your account via the National Unified Access or log in for investors who do not hold a Saudi ID or residency.
- Select the service: From ""Doing Business"" > ""Ministry of Commerce"" > ""Modify Company's Sub-Commercial Register Data""
- Start the service: View the commercial register data, then click ""Continue,"" agree to the terms, and then click ""Apply for Service.""
- Update data: Add business activities. - Enter license data. - Modify capital and e-commerce data. - Modify trade name. - Modify national address and contact information. - Modify directors' data.
- Submit the application: Click ""Submit Application.""
- Payment and follow-up: Pay fees, review the application, and print the invoice. - After payment, the annual confirmation is successfully completed.",Modifying the company's branch commercial registry data,Ministry of Commerce,Merchant · Commercial Register · business sector,https://mc.gov.sa/en/eservices/Pages/ServiceDetails.aspx?sID=40
mc-40::en::service_facts,mc-40,en,service_facts,"Fees: 100
Processing time: immediately
Beneficiaries: Merchant
Service languages: Arabic and English","Modifying the company's branch commercial registry data. Ministry of Commerce. Merchant · Commercial Register · business sector. Fees & service details: Fees: 100
Processing time: immediately
Beneficiaries: Merchant
Service languages: Arabic and English",Modifying the company's branch commercial registry data,Ministry of Commerce,Merchant · Commercial Register · business sector,https://mc.gov.sa/en/eservices/Pages/ServiceDetails.aspx?sID=40
mc-40::ar::overview,mc-40,ar,overview,خدمة إلكترونية تقدمها وزارة التجارة عبر منصة المركز السعودي للأعمال، تتيح للمستفيدين التحديث على بيانات السجل التجاري الفرعي لشركة، دون الحاجة إلى زيارة مراكز الخدمة.,تعديل بيانات السجل التجاري الفرعي لشركة. وزارة التجارة. التاجر · السجل التجاري · قطاع الأعمال. نظرة عامة: خدمة إلكترونية تقدمها وزارة التجارة عبر منصة المركز السعودي للأعمال، تتيح للمستفيدين التحديث على بيانات السجل التجاري الفرعي لشركة، دون الحاجة إلى زيارة مراكز الخدمة.,تعديل بيانات السجل التجاري الفرعي لشركة,وزارة التجارة,التاجر · السجل التجاري · قطاع الأعمال,https://mc.gov.sa/ar/eservices/Pages/ServiceDetails.aspx?sID=40
mc-40::ar::requirements,mc-40,ar,requirements,"الشروط: - أن يكون السجل التجاري نشطًا.
- وجود ترخيص ساري المفعول في حال إضافة نشاط يتطلب ترخيصًا قبل الإصدار.
- تقديم إفادة بإلغاء التراخيص في حال إزالة نشاط يتطلب ترخيصًا قبل الإصدار.
- أن يكون النشاط ضمن أغراض الشركة.
- تحديد ممارسة التجارة الإلكترونية في حال كان مقدم الطلب ممارسًا لها.","تعديل بيانات السجل التجاري الفرعي لشركة. وزارة التجارة. التاجر · السجل التجاري · قطاع الأعمال. الشروط: الشروط: - أن يكون السجل التجاري نشطًا.
- وجود ترخيص ساري المفعول في حال إضافة نشاط يتطلب ترخيصًا قبل الإصدار.
- تقديم إفادة بإلغاء التراخيص في حال إزالة نشاط يتطلب ترخيصًا قبل الإصدار.
- أن يكون النشاط ضمن أغراض الشركة.
- تحديد ممارسة التجارة الإلكترونية في حال كان مقدم الطلب ممارسًا لها.",تعديل بيانات السجل التجاري الفرعي لشركة,وزارة التجارة,التاجر · السجل التجاري · قطاع الأعمال,https://mc.gov.sa/ar/eservices/Pages/ServiceDetails.aspx?sID=40
mc-40::ar::documents,mc-40,ar,documents,"- التحقق من الآتي في حال كانت الشركة أجنبية: - وجود ترخيص استثماري للمنشأة ساري المفعول بمدة لا تقل عن (30) يومًا - أن تكون الأنشطة المضافة في الطلب متوافقة مع الترخيص الاستثماري للشركة.
- التحقق من الآتي في حال كانت شركة مساهمة / مساهمة مبسطة: - وجود محضر الجمعية - تقديم خطاب بطلب التعديل على مطبوعات الشركة، مصادق عليه من الغرفة التجارية - ألا يكون أعضاء مجلس الإدارة موظفين حكوميين.","تعديل بيانات السجل التجاري الفرعي لشركة. وزارة التجارة. التاجر · السجل التجاري · قطاع الأعمال. المستندات المطلوبة: - التحقق من الآتي في حال كانت الشركة أجنبية: - وجود ترخيص استثماري للمنشأة ساري المفعول بمدة لا تقل عن (30) يومًا - أن تكون الأنشطة المضافة في الطلب متوافقة مع الترخيص الاستثماري للشركة.
- التحقق من الآتي في حال كانت شركة مساهمة / مساهمة مبسطة: - وجود محضر الجمعية - تقديم خطاب بطلب التعديل على مطبوعات الشركة، مصادق عليه من الغرفة التجارية - ألا يكون أعضاء مجلس الإدارة موظفين حكوميين.",تعديل بيانات السجل التجاري الفرعي لشركة,وزارة التجارة,التاجر · السجل التجاري · قطاع الأعمال,https://mc.gov.sa/ar/eservices/Pages/ServiceDetails.aspx?sID=40
mc-40::ar::steps,mc-40,ar,steps,"- الضغط على ابدأ الخدمة
- الدخول إلى الحساب عن طريق النفاذ الوطني الموحد او تسجيل الدخول للمستثمرين الذين لا يحملون هوية او إقامة سعودية
- اختيار الخدمة: من ""ممارسة الأعمال"" > ""وزارة التجارة"" > ""تعديل بيانات السجل التجاري الفرعي لشركة ""
- بدء الخدمة: عرض بيانات السجل التجاري، ثم الضغط على ""استمرار""، والموافقة على الشروط، ثم الضغط على ""التقديم على الخدمة"".
- تحديث البيانات: إضافة الأنشطة التجارية. - إدخال بيانات الترخيص. - تعديل رأس المال وبيانات التجارة الإلكترونية. - تعديل الاسم التجاري. - تعديل العنوان الوطني وبيانات الاتصال. - تعديل بيانات المديرين.
- تقديم الطلب: الضغط على ""تقديم الطلب"".
- الدفع والمتابعة: دفع الرسوم، استعراض الطلب، وطباعة الفاتورة. - بعد الدفع، يتم تنفيذ التأكيد السنوي بنجاح.","تعديل بيانات السجل التجاري الفرعي لشركة. وزارة التجارة. التاجر · السجل التجاري · قطاع الأعمال. الخطوات: - الضغط على ابدأ الخدمة
- الدخول إلى الحساب عن طريق النفاذ الوطني الموحد او تسجيل الدخول للمستثمرين الذين لا يحملون هوية او إقامة سعودية
- اختيار الخدمة: من ""ممارسة الأعمال"" > ""وزارة التجارة"" > ""تعديل بيانات السجل التجاري الفرعي لشركة ""
- بدء الخدمة: عرض بيانات السجل التجاري، ثم الضغط على ""استمرار""، والموافقة على الشروط، ثم الضغط على ""التقديم على الخدمة"".
- تحديث البيانات: إضافة الأنشطة التجارية. - إدخال بيانات الترخيص. - تعديل رأس المال وبيانات التجارة الإلكترونية. - تعديل الاسم التجاري. - تعديل العنوان الوطني وبيانات الاتصال. - تعديل بيانات المديرين.
- تقديم الطلب: الضغط على ""تقديم الطلب"".
- الدفع والمتابعة: دفع الرسوم، استعراض الطلب، وطباعة الفاتورة. - بعد الدفع، يتم تنفيذ التأكيد السنوي بنجاح.",تعديل بيانات السجل التجاري الفرعي لشركة,وزارة التجارة,التاجر · السجل التجاري · قطاع الأعمال,https://mc.gov.sa/ar/eservices/Pages/ServiceDetails.aspx?sID=40
mc-40::ar::service_facts,mc-40,ar,service_facts,"الرسوم: 100
مدة التنفيذ: فوري
الفئة المستفيدة: التاجر
لغة الخدمة: العربية والانجليزية","تعديل بيانات السجل التجاري الفرعي لشركة. وزارة التجارة. التاجر · السجل التجاري · قطاع الأعمال. الرسوم وتفاصيل الخدمة: الرسوم: 100
مدة التنفيذ: فوري
الفئة المستفيدة: التاجر
لغة الخدمة: العربية والانجليزية",تعديل بيانات السجل التجاري الفرعي لشركة,وزارة التجارة,التاجر · السجل التجاري · قطاع الأعمال,https://mc.gov.sa/ar/eservices/Pages/ServiceDetails.aspx?sID=40
mc-41::en::overview,mc-41,en,overview,"An electronic service provided by the Ministry of Commerce, which allows the beneficiaries of an agent or distributor the right to practice the activity of commercial agencies on behalf of Saudi companies or institutions or foreign companies contracted with them in the Kingdom under a commercial agency contract between the two parties, electronically without the need to visit the Ministry's branches.
For a guiding template of the commercial agency contract, please
click here
.","Application for registering a Commercial Agency. Ministry of Commerce. Merchant · commercial agencies · Business sector. Overview: An electronic service provided by the Ministry of Commerce, which allows the beneficiaries of an agent or distributor the right to practice the activity of commercial agencies on behalf of Saudi companies or institutions or foreign companies contracted with them in the Kingdom under a commercial agency contract between the two parties, electronically without the need to visit the Ministry's branches.
For a guiding template of the commercial agency contract, please
click here
.",Application for registering a Commercial Agency,Ministry of Commerce,Merchant · commercial agencies · Business sector,https://mc.gov.sa/en/eservices/Pages/ServiceDetails.aspx?sID=41
mc-41::en::requirements,mc-41,en,requirements,"Conditions: - Non-Saudis, whether natural or legal persons, may not be commercial agents in the Kingdom of Saudi Arabia, provided that Saudi companies must have a fully Saudi capital and that their board members, managers, and those authorized to sign on their behalf must be Saudis.
- There must be a commercial register corresponding to the agency's activity.
- If both parties to the contract are Saudis, the contract must be authenticated by the Chamber of Commerce in the Kingdom for both parties.
- If the principal is a foreigner, the original contract must be authenticated by the following competent authorities: The Ministry of Foreign Affairs in the principal's country - The Chamber of Commerce in the principal's country ""if any"" The Saudi Embassy in the principal's country - The Saudi Ministry of Foreign Affairs - The Saudi Chamber of Commerce, or an Apostille.
- The contract must be concluded directly with the producing company (parent) or its representative in its country of origin without any intermediary outside its country.
- The commercial agency or distribution contract must include the following information: (the name of the commercial agent or distributor, whether an individual or a company, the main or sub-commercial registration number that gives the applicant the right to practice the agency, the address of the agent or distributor, the name of the person who has the right to manage the store or sign on his behalf, the types and names of the goods and services included in the contract, the name and nationality of the principal, the address of the principal's main office, the address of the industrial or agricultural center that produces the goods included in the contract, the agency or distribution area and its duration), and the obligations of the two parties towards each other and towards the consumer.
- The subject of the agency and its area must be clarified, as well as the work, services and goods it includes.
- The effective date of the contract, its duration, how to terminate it and how to renew it must be clarified.
- The contract must be translated into Arabic (by an accredited translation office) if the contract is not in Arabic.
- The official name of the foreign company must be clarified in the contract in both Arabic and English without any abbreviations or symbols
- Specifying the competent judicial authority or the country to which reference will be made in the event of disputes arising between the two parties (mentioned in the contract).
- The contract may include any other conditions that do not conflict with the regulations in force in the Kingdom of Saudi Arabia.
- Both parties sign the contract.","Application for registering a Commercial Agency. Ministry of Commerce. Merchant · commercial agencies · Business sector. Conditions: Conditions: - Non-Saudis, whether natural or legal persons, may not be commercial agents in the Kingdom of Saudi Arabia, provided that Saudi companies must have a fully Saudi capital and that their board members, managers, and those authorized to sign on their behalf must be Saudis.
- There must be a commercial register corresponding to the agency's activity.
- If both parties to the contract are Saudis, the contract must be authenticated by the Chamber of Commerce in the Kingdom for both parties.
- If the principal is a foreigner, the original contract must be authenticated by the following competent authorities: The Ministry of Foreign Affairs in the principal's country - The Chamber of Commerce in the principal's country ""if any"" The Saudi Embassy in the principal's country - The Saudi Ministry of Foreign Affairs - The Saudi Chamber of Commerce, or an Apostille.
- The contract must be concluded directly with the producing company (parent) or its representative in its country of origin without any intermediary outside its country.
- The commercial agency or distribution contract must include the following information: (the name of the commercial agent or distributor, whether an individual or a company, the main or sub-commercial registration number that gives the applicant the right to practice the agency, the address of the agent or distributor, the name of the person who has the right to manage the store or sign on his behalf, the types and names of the goods and services included in the contract, the name and nationality of the principal, the address of the principal's main office, the address of the industrial or agricultural center that produces the goods included in the contract, the agency or distribution area and its duration), and the obligations of the two parties towards each other and towards the consumer.
- The subject of the agency and its area must be clarified, as well as the work, services and goods it includes.
- The effective date of the contract, its duration, how to terminate it and how to renew it must be clarified.
- The contract must be translated into Arabic (by an accredited translation office) if the contract is not in Arabic.
- The official name of the foreign company must be clarified in the contract in both Arabic and English without any abbreviations or symbols
- Specifying the competent judicial authority or the country to which reference will be made in the event of disputes arising between the two parties (mentioned in the contract).
- The contract may include any other conditions that do not conflict with the regulations in force in the Kingdom of Saudi Arabia.
- Both parties sign the contract.",Application for registering a Commercial Agency,Ministry of Commerce,Merchant · commercial agencies · Business sector,https://mc.gov.sa/en/eservices/Pages/ServiceDetails.aspx?sID=41
mc-41::en::documents,mc-41,en,documents,"- Contract
- Contract attachments, if any","Application for registering a Commercial Agency. Ministry of Commerce. Merchant · commercial agencies · Business sector. Required documents: - Contract
- Contract attachments, if any",Application for registering a Commercial Agency,Ministry of Commerce,Merchant · commercial agencies · Business sector,https://mc.gov.sa/en/eservices/Pages/ServiceDetails.aspx?sID=41
mc-41::en::steps,mc-41,en,steps,"- Click on the Start Service icon.
- Log in to the account (username and password) or via national access.
- Choose to create a commercial agency and click on the (Create icon) shown below.
- Fill in the required data and attach the necessary documents.
- Acknowledgement and pledge and click on the ""Send"" icon
- The request is studied by the ministry employee.
- After the employee accepts the request, a notification is sent by text message including the acceptance of the request and the payment number.
- Print the commercial agency registration certificate electronically after paying the fees.","Application for registering a Commercial Agency. Ministry of Commerce. Merchant · commercial agencies · Business sector. Steps: - Click on the Start Service icon.
- Log in to the account (username and password) or via national access.
- Choose to create a commercial agency and click on the (Create icon) shown below.
- Fill in the required data and attach the necessary documents.
- Acknowledgement and pledge and click on the ""Send"" icon
- The request is studied by the ministry employee.
- After the employee accepts the request, a notification is sent by text message including the acceptance of the request and the payment number.
- Print the commercial agency registration certificate electronically after paying the fees.",Application for registering a Commercial Agency,Ministry of Commerce,Merchant · commercial agencies · Business sector,https://mc.gov.sa/en/eservices/Pages/ServiceDetails.aspx?sID=41
mc-41::en::service_facts,mc-41,en,service_facts,"Fees: 500 for commercial agency registration
Processing time: 1 days
Beneficiaries: Merchant
Service languages: Arabic","Application for registering a Commercial Agency. Ministry of Commerce. Merchant · commercial agencies · Business sector. Fees & service details: Fees: 500 for commercial agency registration
Processing time: 1 days
Beneficiaries: Merchant
Service languages: Arabic",Application for registering a Commercial Agency,Ministry of Commerce,Merchant · commercial agencies · Business sector,https://mc.gov.sa/en/eservices/Pages/ServiceDetails.aspx?sID=41
mc-41::ar::overview,mc-41,ar,overview,"خدمة إلكترونية تقدمها وزارة التجارة، تتيح للمستفيدين من وكيل أو موزع حق مزاولة نشاط الوكالات التجارية عن الشركات أو المؤسسات السعودية أو الشركات الأجنبية المتعاقد معها في المملكة بموجب عقد وكالة تجارية بين الطرفين، إلكترونيًا دون الحاجة إلى مراجعة فروع الوزارة.
لتحميل نموذج عقد الوكالات التجارية الاسترشادي :
اضغط هنا
.","طلب تسجيل قيد وكالة تجارية. وزارة التجارة. التاجر · الوكالات التجارية · قطاع الأعمال. نظرة عامة: خدمة إلكترونية تقدمها وزارة التجارة، تتيح للمستفيدين من وكيل أو موزع حق مزاولة نشاط الوكالات التجارية عن الشركات أو المؤسسات السعودية أو الشركات الأجنبية المتعاقد معها في المملكة بموجب عقد وكالة تجارية بين الطرفين، إلكترونيًا دون الحاجة إلى مراجعة فروع الوزارة.
لتحميل نموذج عقد الوكالات التجارية الاسترشادي :
اضغط هنا
.",طلب تسجيل قيد وكالة تجارية,وزارة التجارة,التاجر · الوكالات التجارية · قطاع الأعمال,https://mc.gov.sa/ar/eservices/Pages/ServiceDetails.aspx?sID=41
mc-41::ar::requirements,mc-41,ar,requirements,"الشروط: - لا يجوز لغير السعودييّن سواءً بصفة أشخاصٍ طبيعييّن أو معنوييّن أن يكونوا وكلاء تجاريين في المملكة العربيّة السعوديّة على أن الشركات السعوديّة يجب أن يكون رأسمالها بالكامل سعوديّاً وأن يكون أعضاء مجالس إدارتها ومُدّيروها ومن لهم حق التوقيع باسمها سعودييّن.
- وجود سجل تجاري مطابق لنشاط الوكالة.
- إذا كان طرفي العقد سعوديين يتم تصديق العقد من الغرفة التجارية بالمملكة لكل الطرفين.
- إذا كان الموكل أجنبي يتم تصديق العقد الأصلي من جهات الاختصاص التالية :وزارة الخارجية في بلد الموكل - الغرفة التجارية في بلد الموكل """"إن وجدت"""" السفارة السعودية في بلد الموكل - وزارة الخارجية السعودية - الغرفة التجارية السعودية، أو تصديق (ابوستيل).
- يجب التعاقد مع الشركة المنتجة (الأم) أو من يقوم مقامها في بلدها الأصلي مباشرة دون أي وسيط خارج دولتها.
- يجب ان يتضمن عقد الوكالة التجاريّة أو التوزيع البيانات التاليّة: (اسم الوكيل التجاري أو المُوزِّع فرداً كان أو شركة، رقم السجّل التجاري الرئيسي أو الفرعي الذي يُعطي مقدم الطلب حق مُزاولّة الوكالة ،عنوان الوكيل أو الموزع ،اسم من له حق إدارة المحلّ أو التوقيع عنه، أنواع ومُسميّات السلع والخدمات المُدّرجّة في العقد، اسم الموكل وجنسيته، عنوان المركز الرئيسي للموكل ،عنوان المركز الصناعي أو الزراعي المُنتِج للسلع المُدّرجّة في العقد، منطقة التوكيل أو التوزيع ومُدّته)، والتزامات الطرفين اتجاه بعضهم البعض وتجاه المستهلك .
- يجب توضيح موضوع الوكالة ومنطقتها وما تشتمل عليه من أعمال وخدمات وبضائع.
- يجب توضيح تاريخ سريان العقد ومدته وكيفية انهائه وكيفية تجديده.
- يجب ترجمة العقد الى اللغة العربية (من مكتب ترجمة معتمد) في حال أن العقد ليس باللغة العربية.
- يجب توضيح الاسم الرسمي للشركة الأجنبية في العقد باللغتين العربية والانجليزية دون أي اختصار او رموز
- تحديد الجهة القضائية المختصة أو الدولة التي سيتم الرجوع اليها في حال نشؤ نزاعات بين الطرفين (يذكر في العقد).
- يجوز تضمين العقد أيّة شُروطٍ أُخرى لا تتعارض مع الأنظمّة المعمول بها في المملكة العربيّة السعوديّة.
- توقيع الطرفين على العقد.","طلب تسجيل قيد وكالة تجارية. وزارة التجارة. التاجر · الوكالات التجارية · قطاع الأعمال. الشروط: الشروط: - لا يجوز لغير السعودييّن سواءً بصفة أشخاصٍ طبيعييّن أو معنوييّن أن يكونوا وكلاء تجاريين في المملكة العربيّة السعوديّة على أن الشركات السعوديّة يجب أن يكون رأسمالها بالكامل سعوديّاً وأن يكون أعضاء مجالس إدارتها ومُدّيروها ومن لهم حق التوقيع باسمها سعودييّن.
- وجود سجل تجاري مطابق لنشاط الوكالة.
- إذا كان طرفي العقد سعوديين يتم تصديق العقد من الغرفة التجارية بالمملكة لكل الطرفين.
- إذا كان الموكل أجنبي يتم تصديق العقد الأصلي من جهات الاختصاص التالية :وزارة الخارجية في بلد الموكل - الغرفة التجارية في بلد الموكل """"إن وجدت"""" السفارة السعودية في بلد الموكل - وزارة الخارجية السعودية - الغرفة التجارية السعودية، أو تصديق (ابوستيل).
- يجب التعاقد مع الشركة المنتجة (الأم) أو من يقوم مقامها في بلدها الأصلي مباشرة دون أي وسيط خارج دولتها.
- يجب ان يتضمن عقد الوكالة التجاريّة أو التوزيع البيانات التاليّة: (اسم الوكيل التجاري أو المُوزِّع فرداً كان أو شركة، رقم السجّل التجاري الرئيسي أو الفرعي الذي يُعطي مقدم الطلب حق مُزاولّة الوكالة ،عنوان الوكيل أو الموزع ،اسم من له حق إدارة المحلّ أو التوقيع عنه، أنواع ومُسميّات السلع والخدمات المُدّرجّة في العقد، اسم الموكل وجنسيته، عنوان المركز الرئيسي للموكل ،عنوان المركز الصناعي أو الزراعي المُنتِج للسلع المُدّرجّة في العقد، منطقة التوكيل أو التوزيع ومُدّته)، والتزامات الطرفين اتجاه بعضهم البعض وتجاه المستهلك .
- يجب توضيح موضوع الوكالة ومنطقتها وما تشتمل عليه من أعمال وخدمات وبضائع.
- يجب توضيح تاريخ سريان العقد ومدته وكيفية انهائه وكيفية تجديده.
- يجب ترجمة العقد الى اللغة العربية (من مكتب ترجمة معتمد) في حال أن العقد ليس باللغة العربية.
- يجب توضيح الاسم الرسمي للشركة الأجنبية في العقد باللغتين العربية والانجليزية دون أي اختصار او رموز
- تحديد الجهة القضائية المختصة أو الدولة التي سيتم الرجوع اليها في حال نشؤ نزاعات بين الطرفين (يذكر في العقد).
- يجوز تضمين العقد أيّة شُروطٍ أُخرى لا تتعارض مع الأنظمّة المعمول بها في المملكة العربيّة السعوديّة.
- توقيع الطرفين على العقد.",طلب تسجيل قيد وكالة تجارية,وزارة التجارة,التاجر · الوكالات التجارية · قطاع الأعمال,https://mc.gov.sa/ar/eservices/Pages/ServiceDetails.aspx?sID=41
mc-41::ar::documents,mc-41,ar,documents,"- العقد
- ملحقات العقد أن وجد","طلب تسجيل قيد وكالة تجارية. وزارة التجارة. التاجر · الوكالات التجارية · قطاع الأعمال. المستندات المطلوبة: - العقد
- ملحقات العقد أن وجد",طلب تسجيل قيد وكالة تجارية,وزارة التجارة,التاجر · الوكالات التجارية · قطاع الأعمال,https://mc.gov.sa/ar/eservices/Pages/ServiceDetails.aspx?sID=41
mc-41::ar::steps,mc-41,ar,steps,"- الضغط على ايقونة أبدأ الخدمة.
- الدخول على الحساب (اسم المستخدم وكلمة المرور ) أو عبر النفاذ الوطني.
- اختيار إنشاء وكالة تجارية والضغط على (ايقونة إنشاء) الظاهرة بالأسفل.
- تعبئة البيانات المطلوبة وإرفاق المستندات اللازمة.
- الإقرار والتعهد والضغط على أيقونة """"إرسال""""
- يتم دراسة الطلب من قبل موظف الوزارة.
- بعد قبول الطلب من قبل الموظف يتم ارسال إشعار برسالة نصية متضمن قبول الطلب ورقم السداد.
- طباعة شهادة تسجيل قيد وكالة تجارية إلكترونياً بعد سداد الرسوم.","طلب تسجيل قيد وكالة تجارية. وزارة التجارة. التاجر · الوكالات التجارية · قطاع الأعمال. الخطوات: - الضغط على ايقونة أبدأ الخدمة.
- الدخول على الحساب (اسم المستخدم وكلمة المرور ) أو عبر النفاذ الوطني.
- اختيار إنشاء وكالة تجارية والضغط على (ايقونة إنشاء) الظاهرة بالأسفل.
- تعبئة البيانات المطلوبة وإرفاق المستندات اللازمة.
- الإقرار والتعهد والضغط على أيقونة """"إرسال""""
- يتم دراسة الطلب من قبل موظف الوزارة.
- بعد قبول الطلب من قبل الموظف يتم ارسال إشعار برسالة نصية متضمن قبول الطلب ورقم السداد.
- طباعة شهادة تسجيل قيد وكالة تجارية إلكترونياً بعد سداد الرسوم.",طلب تسجيل قيد وكالة تجارية,وزارة التجارة,التاجر · الوكالات التجارية · قطاع الأعمال,https://mc.gov.sa/ar/eservices/Pages/ServiceDetails.aspx?sID=41
mc-41::ar::service_facts,mc-41,ar,service_facts,"الرسوم: 500
ريال لقيد الوكالة التجارية
مدة التنفيذ: يوم عمل
الفئة المستفيدة: التاجر
لغة الخدمة: العربية","طلب تسجيل قيد وكالة تجارية. وزارة التجارة. التاجر · الوكالات التجارية · قطاع الأعمال. الرسوم وتفاصيل الخدمة: الرسوم: 500
ريال لقيد الوكالة التجارية
مدة التنفيذ: يوم عمل
الفئة المستفيدة: التاجر
لغة الخدمة: العربية",طلب تسجيل قيد وكالة تجارية,وزارة التجارة,التاجر · الوكالات التجارية · قطاع الأعمال,https://mc.gov.sa/ar/eservices/Pages/ServiceDetails.aspx?sID=41
mc-42::en::overview,mc-42,en,overview,"An electronic service provided by the Ministry of Commerce, which allows beneficiaries to amend the data in the terms of the contract, whether from the agent or the principal by agreement of the two parties, electronically without the need to visit the branches of the ministry.","Application for amending a commercial agency. Ministry of Commerce. Merchant · commercial agencies · Business sector. Overview: An electronic service provided by the Ministry of Commerce, which allows beneficiaries to amend the data in the terms of the contract, whether from the agent or the principal by agreement of the two parties, electronically without the need to visit the branches of the ministry.",Application for amending a commercial agency,Ministry of Commerce,Merchant · commercial agencies · Business sector,https://mc.gov.sa/en/eservices/Pages/ServiceDetails.aspx?sID=42
mc-42::en::requirements,mc-42,en,requirements,"Conditions: - If the article “amending the basic contract” is not mentioned, the amendment shall be made according to the conclusion of a new contract between the two parties
- If both parties to the contract are Saudis, the contract shall be attested by the Chamber of Commerce and Industry in the Kingdom
- If the principal is a foreigner, the original contract shall be attested by the following competent authorities:
- Ministry of Foreign Affairs - Chamber of Commerce in the client's country """"if any"""" - Saudi Embassy in the client's country - Saudi Ministry of Foreign Affairs - Saudi Chamber of Commerce and Industry","Application for amending a commercial agency. Ministry of Commerce. Merchant · commercial agencies · Business sector. Conditions: Conditions: - If the article “amending the basic contract” is not mentioned, the amendment shall be made according to the conclusion of a new contract between the two parties
- If both parties to the contract are Saudis, the contract shall be attested by the Chamber of Commerce and Industry in the Kingdom
- If the principal is a foreigner, the original contract shall be attested by the following competent authorities:
- Ministry of Foreign Affairs - Chamber of Commerce in the client's country """"if any"""" - Saudi Embassy in the client's country - Saudi Ministry of Foreign Affairs - Saudi Chamber of Commerce and Industry",Application for amending a commercial agency,Ministry of Commerce,Merchant · commercial agencies · Business sector,https://mc.gov.sa/en/eservices/Pages/ServiceDetails.aspx?sID=42
mc-42::en::documents,mc-42,en,documents,"- A letter from the foreign client stating that the contract has been amended if (the client is a foreigner).
- A letter from the Saudi client stating that the contract has been amended if it is between (two Saudi parties).","Application for amending a commercial agency. Ministry of Commerce. Merchant · commercial agencies · Business sector. Required documents: - A letter from the foreign client stating that the contract has been amended if (the client is a foreigner).
- A letter from the Saudi client stating that the contract has been amended if it is between (two Saudi parties).",Application for amending a commercial agency,Ministry of Commerce,Merchant · commercial agencies · Business sector,https://mc.gov.sa/en/eservices/Pages/ServiceDetails.aspx?sID=42
mc-42::en::steps,mc-42,en,steps,"- Click on the Start Service icon.
- Log in to the account (username and password) or via national access.
- Select Edit Commercial Agency and click on (Edit icon) in Edit Commercial Agency shown below.
- Fill in the required data and attach the necessary documents.
- Acknowledgement and pledge and click on the ""Send"" icon.
- The request is studied by a ministry employee.
- After the employee accepts the request, a notification is sent by text message including the acceptance of the request.
- Print a commercial agency modification certificate electronically.","Application for amending a commercial agency. Ministry of Commerce. Merchant · commercial agencies · Business sector. Steps: - Click on the Start Service icon.
- Log in to the account (username and password) or via national access.
- Select Edit Commercial Agency and click on (Edit icon) in Edit Commercial Agency shown below.
- Fill in the required data and attach the necessary documents.
- Acknowledgement and pledge and click on the ""Send"" icon.
- The request is studied by a ministry employee.
- After the employee accepts the request, a notification is sent by text message including the acceptance of the request.
- Print a commercial agency modification certificate electronically.",Application for amending a commercial agency,Ministry of Commerce,Merchant · commercial agencies · Business sector,https://mc.gov.sa/en/eservices/Pages/ServiceDetails.aspx?sID=42
mc-42::en::service_facts,mc-42,en,service_facts,"Fees: Free
Processing time: 1 days
Beneficiaries: Merchant
Service languages: Arabic","Application for amending a commercial agency. Ministry of Commerce. Merchant · commercial agencies · Business sector. Fees & service details: Fees: Free
Processing time: 1 days
Beneficiaries: Merchant
Service languages: Arabic",Application for amending a commercial agency,Ministry of Commerce,Merchant · commercial agencies · Business sector,https://mc.gov.sa/en/eservices/Pages/ServiceDetails.aspx?sID=42
mc-42::ar::overview,mc-42,ar,overview,خدمة إلكترونية تقدمها وزارة التجارة، تتيح للمستفيدين من تعديل البيانات في بنود العقد سواء من الوكيل أو الموكل باتفاق الطرفين، إلكترونيًا دون الحاجة إلى مراجعة فروع الوزارة.,طلب تعديل قيد وكالة تجارية. وزارة التجارة. التاجر · الوكالات التجارية · قطاع الأعمال. نظرة عامة: خدمة إلكترونية تقدمها وزارة التجارة، تتيح للمستفيدين من تعديل البيانات في بنود العقد سواء من الوكيل أو الموكل باتفاق الطرفين، إلكترونيًا دون الحاجة إلى مراجعة فروع الوزارة.,طلب تعديل قيد وكالة تجارية,وزارة التجارة,التاجر · الوكالات التجارية · قطاع الأعمال,https://mc.gov.sa/ar/eservices/Pages/ServiceDetails.aspx?sID=42
mc-42::ar::requirements,mc-42,ar,requirements,"الشروط: - خطاب من الموكل الأجنبي يفيد بتعديل العقد بالإشارة إلى البند المُعدّل وإثبات التعديل الجديد أو بإثبات الإضافة فقط إذا كان الأمر مُجرّد إضافة.
- خطاب من الموكل السعودي على مطبوعاته يفيد بتعديل العقد بناء على ما ذكر في العقد المبرم بين الطرفين.
- اذا كان طرفي العقد سعوديين يتم تصديق العقد من الغرفة التجارية بالمملكة
- إذا كان الموكل أجنبي يتم تصديق العقد الأصلي من جهات الاختصاص التالية: وزارة الخارجية-الغرفة التجارية في بلد الموكل """"""""إن وجدت""""""""-السفارة السعودية في بلد الموكل- أو تصديق ابوستيل اذا كان (الموكل أجنبي).""","طلب تعديل قيد وكالة تجارية. وزارة التجارة. التاجر · الوكالات التجارية · قطاع الأعمال. الشروط: الشروط: - خطاب من الموكل الأجنبي يفيد بتعديل العقد بالإشارة إلى البند المُعدّل وإثبات التعديل الجديد أو بإثبات الإضافة فقط إذا كان الأمر مُجرّد إضافة.
- خطاب من الموكل السعودي على مطبوعاته يفيد بتعديل العقد بناء على ما ذكر في العقد المبرم بين الطرفين.
- اذا كان طرفي العقد سعوديين يتم تصديق العقد من الغرفة التجارية بالمملكة
- إذا كان الموكل أجنبي يتم تصديق العقد الأصلي من جهات الاختصاص التالية: وزارة الخارجية-الغرفة التجارية في بلد الموكل """"""""إن وجدت""""""""-السفارة السعودية في بلد الموكل- أو تصديق ابوستيل اذا كان (الموكل أجنبي).""",طلب تعديل قيد وكالة تجارية,وزارة التجارة,التاجر · الوكالات التجارية · قطاع الأعمال,https://mc.gov.sa/ar/eservices/Pages/ServiceDetails.aspx?sID=42
mc-42::ar::documents,mc-42,ar,documents,"- خطاب من الموكل الأجنبي يفيد بتعديل العقد اذا كان (الموكل أجنبي).
- خطاب من الموكل السعودي يفيد بتعديل العقد اذا كان بين (طرفيين سعوديين)","طلب تعديل قيد وكالة تجارية. وزارة التجارة. التاجر · الوكالات التجارية · قطاع الأعمال. المستندات المطلوبة: - خطاب من الموكل الأجنبي يفيد بتعديل العقد اذا كان (الموكل أجنبي).
- خطاب من الموكل السعودي يفيد بتعديل العقد اذا كان بين (طرفيين سعوديين)",طلب تعديل قيد وكالة تجارية,وزارة التجارة,التاجر · الوكالات التجارية · قطاع الأعمال,https://mc.gov.sa/ar/eservices/Pages/ServiceDetails.aspx?sID=42
mc-42::ar::steps,mc-42,ar,steps,"- الضغط على ايقونة أبدأ الخدمة.
- الدخول على الحساب (اسم المستخدم وكلمة المرور ) أو عبر النفاذ الوطني.
- اختيار تعديل وكالة تجارية والضغط على (ايقونة تعديل) في تعديل وكالة تجارية الظاهرة بالأسفل.
- تعبئة البيانات المطلوبة وإرفاق المستندات اللازمة.
- الإقرار والتعهد والضغط على أيقونة """"إرسال"""".
- يتم دراسة الطلب من قبل موظف الوزارة.
- بعد قبول الطلب من قبل الموظف يتم ارسال إشعار برسالة نصية متضمن قبول الطلب.
- طباعة شهادة تعديل وكالة تجارية إلكترونياً.","طلب تعديل قيد وكالة تجارية. وزارة التجارة. التاجر · الوكالات التجارية · قطاع الأعمال. الخطوات: - الضغط على ايقونة أبدأ الخدمة.
- الدخول على الحساب (اسم المستخدم وكلمة المرور ) أو عبر النفاذ الوطني.
- اختيار تعديل وكالة تجارية والضغط على (ايقونة تعديل) في تعديل وكالة تجارية الظاهرة بالأسفل.
- تعبئة البيانات المطلوبة وإرفاق المستندات اللازمة.
- الإقرار والتعهد والضغط على أيقونة """"إرسال"""".
- يتم دراسة الطلب من قبل موظف الوزارة.
- بعد قبول الطلب من قبل الموظف يتم ارسال إشعار برسالة نصية متضمن قبول الطلب.
- طباعة شهادة تعديل وكالة تجارية إلكترونياً.",طلب تعديل قيد وكالة تجارية,وزارة التجارة,التاجر · الوكالات التجارية · قطاع الأعمال,https://mc.gov.sa/ar/eservices/Pages/ServiceDetails.aspx?sID=42
mc-42::ar::service_facts,mc-42,ar,service_facts,"الرسوم: مجانية
مدة التنفيذ: يوم عمل
الفئة المستفيدة: التاجر
لغة الخدمة: العربية","طلب تعديل قيد وكالة تجارية. وزارة التجارة. التاجر · الوكالات التجارية · قطاع الأعمال. الرسوم وتفاصيل الخدمة: الرسوم: مجانية
مدة التنفيذ: يوم عمل
الفئة المستفيدة: التاجر
لغة الخدمة: العربية",طلب تعديل قيد وكالة تجارية,وزارة التجارة,التاجر · الوكالات التجارية · قطاع الأعمال,https://mc.gov.sa/ar/eservices/Pages/ServiceDetails.aspx?sID=42
mc-43::en::overview,mc-43,en,overview,"An electronic service provided by the Ministry of Commerce, which allows the beneficiaries of the continuation of the agent or distributor in his tasks entrusted to him by foreign companies or Saudi companies, electronically without the need to visit the branches of the Ministry.","Application for renewal of Commercial Agency. Ministry of Commerce. Merchant · commercial agencies · Business sector. Overview: An electronic service provided by the Ministry of Commerce, which allows the beneficiaries of the continuation of the agent or distributor in his tasks entrusted to him by foreign companies or Saudi companies, electronically without the need to visit the branches of the Ministry.",Application for renewal of Commercial Agency,Ministry of Commerce,Merchant · commercial agencies · Business sector,https://mc.gov.sa/en/eservices/Pages/ServiceDetails.aspx?sID=43
mc-43::en::requirements,mc-43,en,requirements,"Conditions: - A letter from the foreign principal stating the renewal of the contract based on what was mentioned in the contract concluded between the two parties. The letter is certified by the Ministry of Foreign Affairs in the client's country and the Saudi Embassy in the client's country.
- A letter from the Saudi principal stating the renewal of the contract based on what was mentioned in the contract concluded between the two parties, and the letter is endorsed by the Chamber of Commerce and Industry in the Kingdom.","Application for renewal of Commercial Agency. Ministry of Commerce. Merchant · commercial agencies · Business sector. Conditions: Conditions: - A letter from the foreign principal stating the renewal of the contract based on what was mentioned in the contract concluded between the two parties. The letter is certified by the Ministry of Foreign Affairs in the client's country and the Saudi Embassy in the client's country.
- A letter from the Saudi principal stating the renewal of the contract based on what was mentioned in the contract concluded between the two parties, and the letter is endorsed by the Chamber of Commerce and Industry in the Kingdom.",Application for renewal of Commercial Agency,Ministry of Commerce,Merchant · commercial agencies · Business sector,https://mc.gov.sa/en/eservices/Pages/ServiceDetails.aspx?sID=43
mc-43::en::documents,mc-43,en,documents,"- A letter from the foreign principal stating the renewal of the contract if the (principal is a foreigner).
- A letter from the Saudi principal stating the renewal of the contract if it is between (two Saudi parties).","Application for renewal of Commercial Agency. Ministry of Commerce. Merchant · commercial agencies · Business sector. Required documents: - A letter from the foreign principal stating the renewal of the contract if the (principal is a foreigner).
- A letter from the Saudi principal stating the renewal of the contract if it is between (two Saudi parties).",Application for renewal of Commercial Agency,Ministry of Commerce,Merchant · commercial agencies · Business sector,https://mc.gov.sa/en/eservices/Pages/ServiceDetails.aspx?sID=43
mc-43::en::steps,mc-43,en,steps,"- Click on the Start Service icon
- Log in to the account (username and password) or via national access.
- Select to renew a commercial agency and click on the (renew icon) in the commercial agency renewal shown below.
- Fill in the required data and attach the necessary documents.
- Acknowledgement and pledge and click on the ""Send"" icon
- The request is studied by the ministry employee.
- After the employee accepts the request, a notification is sent by text message including the acceptance of the request.
- Print the commercial agency renewal certificate electronically.","Application for renewal of Commercial Agency. Ministry of Commerce. Merchant · commercial agencies · Business sector. Steps: - Click on the Start Service icon
- Log in to the account (username and password) or via national access.
- Select to renew a commercial agency and click on the (renew icon) in the commercial agency renewal shown below.
- Fill in the required data and attach the necessary documents.
- Acknowledgement and pledge and click on the ""Send"" icon
- The request is studied by the ministry employee.
- After the employee accepts the request, a notification is sent by text message including the acceptance of the request.
- Print the commercial agency renewal certificate electronically.",Application for renewal of Commercial Agency,Ministry of Commerce,Merchant · commercial agencies · Business sector,https://mc.gov.sa/en/eservices/Pages/ServiceDetails.aspx?sID=43
mc-43::en::service_facts,mc-43,en,service_facts,"Fees: Free
Processing time: 1 days
Beneficiaries: Merchant
Service languages: Arabic","Application for renewal of Commercial Agency. Ministry of Commerce. Merchant · commercial agencies · Business sector. Fees & service details: Fees: Free
Processing time: 1 days
Beneficiaries: Merchant
Service languages: Arabic",Application for renewal of Commercial Agency,Ministry of Commerce,Merchant · commercial agencies · Business sector,https://mc.gov.sa/en/eservices/Pages/ServiceDetails.aspx?sID=43
mc-43::ar::overview,mc-43,ar,overview,خدمة إلكترونية تقدمها وزارة التجارة، تتيح للمستفيدين من استمرار الوكيل أو الموزع في مهامه الموكلة إليه من الشركات الأجنبية أو الشركات السعودية، إلكترونيًا دون الحاجة إلى مراجعة فروع الوزارة.,طلب تجديد قيد وكالة تجارية. وزارة التجارة. التاجر · الوكالات التجارية · قطاع الأعمال. نظرة عامة: خدمة إلكترونية تقدمها وزارة التجارة، تتيح للمستفيدين من استمرار الوكيل أو الموزع في مهامه الموكلة إليه من الشركات الأجنبية أو الشركات السعودية، إلكترونيًا دون الحاجة إلى مراجعة فروع الوزارة.,طلب تجديد قيد وكالة تجارية,وزارة التجارة,التاجر · الوكالات التجارية · قطاع الأعمال,https://mc.gov.sa/ar/eservices/Pages/ServiceDetails.aspx?sID=43
mc-43::ar::requirements,mc-43,ar,requirements,"الشروط: - خطاب من الموكل الأجنبي يفيد بتجديد العقد بناءً على ما ذكر في العقد المبرم بين الطرفين و يتم تصديق الخطاب من وزارة الخارجية ببلد الموكل والسفارة السعودية في بلد الموكل أو تصديق ابوستيل.
- خطاب من الموكل السعودي يفيد بتجديد العقد بناء على ما ذكر في العقد المبرم بين الطرفين ويصادق على الخطاب من الغرفة التجارية الصناعية بالمملكة.","طلب تجديد قيد وكالة تجارية. وزارة التجارة. التاجر · الوكالات التجارية · قطاع الأعمال. الشروط: الشروط: - خطاب من الموكل الأجنبي يفيد بتجديد العقد بناءً على ما ذكر في العقد المبرم بين الطرفين و يتم تصديق الخطاب من وزارة الخارجية ببلد الموكل والسفارة السعودية في بلد الموكل أو تصديق ابوستيل.
- خطاب من الموكل السعودي يفيد بتجديد العقد بناء على ما ذكر في العقد المبرم بين الطرفين ويصادق على الخطاب من الغرفة التجارية الصناعية بالمملكة.",طلب تجديد قيد وكالة تجارية,وزارة التجارة,التاجر · الوكالات التجارية · قطاع الأعمال,https://mc.gov.sa/ar/eservices/Pages/ServiceDetails.aspx?sID=43
mc-43::ar::documents,mc-43,ar,documents,"- خطاب من الموكل الأجنبي يفيد بتجديد العقد اذا كان (الموكل أجنبي).
- خطاب من الموكل السعودي يفيد بتجديد العقد اذا كان بين (طرفيين سعوديين).","طلب تجديد قيد وكالة تجارية. وزارة التجارة. التاجر · الوكالات التجارية · قطاع الأعمال. المستندات المطلوبة: - خطاب من الموكل الأجنبي يفيد بتجديد العقد اذا كان (الموكل أجنبي).
- خطاب من الموكل السعودي يفيد بتجديد العقد اذا كان بين (طرفيين سعوديين).",طلب تجديد قيد وكالة تجارية,وزارة التجارة,التاجر · الوكالات التجارية · قطاع الأعمال,https://mc.gov.sa/ar/eservices/Pages/ServiceDetails.aspx?sID=43
mc-43::ar::steps,mc-43,ar,steps,"- الضغط على ايقونة أبدأ الخدمة
- الدخول على الحساب (اسم المستخدم وكلمة المرور ) أو عبر النفاذ الوطني.
- اختيار تجديد وكالة تجارية والضغط على (ايقونة تجديد) في تجديد وكالة تجارية الظاهرة بالأسفل.
- تعبئة البيانات المطلوبة وإرفاق المستندات اللازمة.
- الإقرار والتعهد والضغط على أيقونة ""إرسال""
- يتم دراسة الطلب من قبل موظف الوزارة.
- بعد قبول الطلب من قبل الموظف يتم ارسال إشعار برسالة نصية متضمن قبول الطلب.
- طباعة شهادة تجديد وكالة تجارية إلكترونياً.","طلب تجديد قيد وكالة تجارية. وزارة التجارة. التاجر · الوكالات التجارية · قطاع الأعمال. الخطوات: - الضغط على ايقونة أبدأ الخدمة
- الدخول على الحساب (اسم المستخدم وكلمة المرور ) أو عبر النفاذ الوطني.
- اختيار تجديد وكالة تجارية والضغط على (ايقونة تجديد) في تجديد وكالة تجارية الظاهرة بالأسفل.
- تعبئة البيانات المطلوبة وإرفاق المستندات اللازمة.
- الإقرار والتعهد والضغط على أيقونة ""إرسال""
- يتم دراسة الطلب من قبل موظف الوزارة.
- بعد قبول الطلب من قبل الموظف يتم ارسال إشعار برسالة نصية متضمن قبول الطلب.
- طباعة شهادة تجديد وكالة تجارية إلكترونياً.",طلب تجديد قيد وكالة تجارية,وزارة التجارة,التاجر · الوكالات التجارية · قطاع الأعمال,https://mc.gov.sa/ar/eservices/Pages/ServiceDetails.aspx?sID=43
mc-43::ar::service_facts,mc-43,ar,service_facts,"الرسوم: مجانية
مدة التنفيذ: يوم عمل
الفئة المستفيدة: التاجر
لغة الخدمة: العربية","طلب تجديد قيد وكالة تجارية. وزارة التجارة. التاجر · الوكالات التجارية · قطاع الأعمال. الرسوم وتفاصيل الخدمة: الرسوم: مجانية
مدة التنفيذ: يوم عمل
الفئة المستفيدة: التاجر
لغة الخدمة: العربية",طلب تجديد قيد وكالة تجارية,وزارة التجارة,التاجر · الوكالات التجارية · قطاع الأعمال,https://mc.gov.sa/ar/eservices/Pages/ServiceDetails.aspx?sID=43
mc-44::en::overview,mc-44,en,overview,"An electronic service provided by the Ministry of Commerce, which allows beneficiaries, whether you are an agent or a distributor, to submit a request to stop practicing the activity of commercial agencies for Saudi or foreign companies and delete the agency from the registration of commercial agencies, electronically without the need to visit the Ministry's branches.","Application for writing off a commercial agency by the agent. Ministry of Commerce. Merchant · commercial agencies · Business sector. Overview: An electronic service provided by the Ministry of Commerce, which allows beneficiaries, whether you are an agent or a distributor, to submit a request to stop practicing the activity of commercial agencies for Saudi or foreign companies and delete the agency from the registration of commercial agencies, electronically without the need to visit the Ministry's branches.",Application for writing off a commercial agency by the agent,Ministry of Commerce,Merchant · commercial agencies · Business sector,https://mc.gov.sa/en/eservices/Pages/ServiceDetails.aspx?sID=44
mc-44::en::requirements,mc-44,en,requirements,"Conditions: - Submission of a letter on the publications of the Saudi agent stating the cancellation of the commercial agency, approved by the Chamber of Commerce.","Application for writing off a commercial agency by the agent. Ministry of Commerce. Merchant · commercial agencies · Business sector. Conditions: Conditions: - Submission of a letter on the publications of the Saudi agent stating the cancellation of the commercial agency, approved by the Chamber of Commerce.",Application for writing off a commercial agency by the agent,Ministry of Commerce,Merchant · commercial agencies · Business sector,https://mc.gov.sa/en/eservices/Pages/ServiceDetails.aspx?sID=44
mc-44::en::documents,mc-44,en,documents,- Submitting a letter to the Saudi agent’s publications.,Application for writing off a commercial agency by the agent. Ministry of Commerce. Merchant · commercial agencies · Business sector. Required documents: - Submitting a letter to the Saudi agent’s publications.,Application for writing off a commercial agency by the agent,Ministry of Commerce,Merchant · commercial agencies · Business sector,https://mc.gov.sa/en/eservices/Pages/ServiceDetails.aspx?sID=44
mc-44::en::steps,mc-44,en,steps,"- Click on the Start Service icon
- Log in to the account (username and password) or via national access.
- Choose to cancel a commercial agency and click on (cancel icon) shown below.
- Fill in the required data and attach the necessary documents.
- Acknowledgement and pledge and click on the ""Send"" icon.
- The request is studied by a ministry employee.
- After the employee accepts the request, a notification is sent by text message including the acceptance of the request.
- Print a commercial agency cancellation certificate electronically.","Application for writing off a commercial agency by the agent. Ministry of Commerce. Merchant · commercial agencies · Business sector. Steps: - Click on the Start Service icon
- Log in to the account (username and password) or via national access.
- Choose to cancel a commercial agency and click on (cancel icon) shown below.
- Fill in the required data and attach the necessary documents.
- Acknowledgement and pledge and click on the ""Send"" icon.
- The request is studied by a ministry employee.
- After the employee accepts the request, a notification is sent by text message including the acceptance of the request.
- Print a commercial agency cancellation certificate electronically.",Application for writing off a commercial agency by the agent,Ministry of Commerce,Merchant · commercial agencies · Business sector,https://mc.gov.sa/en/eservices/Pages/ServiceDetails.aspx?sID=44
mc-44::en::service_facts,mc-44,en,service_facts,"Fees: Free
Processing time: 1 days
Beneficiaries: Merchant
Service languages: Arabic","Application for writing off a commercial agency by the agent. Ministry of Commerce. Merchant · commercial agencies · Business sector. Fees & service details: Fees: Free
Processing time: 1 days
Beneficiaries: Merchant
Service languages: Arabic",Application for writing off a commercial agency by the agent,Ministry of Commerce,Merchant · commercial agencies · Business sector,https://mc.gov.sa/en/eservices/Pages/ServiceDetails.aspx?sID=44
mc-44::ar::overview,mc-44,ar,overview,خدمة إلكترونية تقدمها وزارة التجارة، تتيح للمستفيدين سواء كنت وكيل أو موزع من تقديم طلب التوقف عن ممارسة نشاط الوكالات التجارية عن الشركات السعودية أو الأجنبية وشطب الوكالة من قيد الوكالات التجارية، إلكترونيًا دون الحاجة إلى مراجعة فروع الوزارة.,طلب شطب قيد وكالة تجارية من قبل الوكيل. وزارة التجارة. التاجر · الوكالات التجارية · قطاع الأعمال. نظرة عامة: خدمة إلكترونية تقدمها وزارة التجارة، تتيح للمستفيدين سواء كنت وكيل أو موزع من تقديم طلب التوقف عن ممارسة نشاط الوكالات التجارية عن الشركات السعودية أو الأجنبية وشطب الوكالة من قيد الوكالات التجارية، إلكترونيًا دون الحاجة إلى مراجعة فروع الوزارة.,طلب شطب قيد وكالة تجارية من قبل الوكيل,وزارة التجارة,التاجر · الوكالات التجارية · قطاع الأعمال,https://mc.gov.sa/ar/eservices/Pages/ServiceDetails.aspx?sID=44
mc-44::ar::requirements,mc-44,ar,requirements,الشروط: - تقديم خطاب على مطبوعات الوكيل السعودي يفيد فيه بشطب الوكالة التجارية مصادق عليه من الغرفة التجارية .,طلب شطب قيد وكالة تجارية من قبل الوكيل. وزارة التجارة. التاجر · الوكالات التجارية · قطاع الأعمال. الشروط: الشروط: - تقديم خطاب على مطبوعات الوكيل السعودي يفيد فيه بشطب الوكالة التجارية مصادق عليه من الغرفة التجارية .,طلب شطب قيد وكالة تجارية من قبل الوكيل,وزارة التجارة,التاجر · الوكالات التجارية · قطاع الأعمال,https://mc.gov.sa/ar/eservices/Pages/ServiceDetails.aspx?sID=44
mc-44::ar::documents,mc-44,ar,documents,- تقديم خطاب على مطبوعات الوكيل السعودي.,طلب شطب قيد وكالة تجارية من قبل الوكيل. وزارة التجارة. التاجر · الوكالات التجارية · قطاع الأعمال. المستندات المطلوبة: - تقديم خطاب على مطبوعات الوكيل السعودي.,طلب شطب قيد وكالة تجارية من قبل الوكيل,وزارة التجارة,التاجر · الوكالات التجارية · قطاع الأعمال,https://mc.gov.sa/ar/eservices/Pages/ServiceDetails.aspx?sID=44
mc-44::ar::steps,mc-44,ar,steps,"- الضغط على ايقونة أبدأ الخدمة
- الدخول على الحساب (اسم المستخدم وكلمة المرور ) أو عبر النفاذ الوطني.
- اختيار شطب وكالة تجارية والضغط على (ايقونة شطب) الظاهرة بالأسفل.
- تعبئة البيانات المطلوبة وإرفاق المستندات اللازمة.
- الإقرار والتعهد والضغط على أيقونة """"إرسال"""".
- يتم دراسة الطلب من قبل موظف الوزارة.
- بعد قبول الطلب من قبل الموظف يتم ارسال إشعار برسالة نصية متضمن قبول الطلب.
- طباعة شهادة شطب وكالة تجارية إلكترونياً.","طلب شطب قيد وكالة تجارية من قبل الوكيل. وزارة التجارة. التاجر · الوكالات التجارية · قطاع الأعمال. الخطوات: - الضغط على ايقونة أبدأ الخدمة
- الدخول على الحساب (اسم المستخدم وكلمة المرور ) أو عبر النفاذ الوطني.
- اختيار شطب وكالة تجارية والضغط على (ايقونة شطب) الظاهرة بالأسفل.
- تعبئة البيانات المطلوبة وإرفاق المستندات اللازمة.
- الإقرار والتعهد والضغط على أيقونة """"إرسال"""".
- يتم دراسة الطلب من قبل موظف الوزارة.
- بعد قبول الطلب من قبل الموظف يتم ارسال إشعار برسالة نصية متضمن قبول الطلب.
- طباعة شهادة شطب وكالة تجارية إلكترونياً.",طلب شطب قيد وكالة تجارية من قبل الوكيل,وزارة التجارة,التاجر · الوكالات التجارية · قطاع الأعمال,https://mc.gov.sa/ar/eservices/Pages/ServiceDetails.aspx?sID=44
mc-44::ar::service_facts,mc-44,ar,service_facts,"الرسوم: مجانية
مدة التنفيذ: يوم عمل
الفئة المستفيدة: التاجر
لغة الخدمة: العربية","طلب شطب قيد وكالة تجارية من قبل الوكيل. وزارة التجارة. التاجر · الوكالات التجارية · قطاع الأعمال. الرسوم وتفاصيل الخدمة: الرسوم: مجانية
مدة التنفيذ: يوم عمل
الفئة المستفيدة: التاجر
لغة الخدمة: العربية",طلب شطب قيد وكالة تجارية من قبل الوكيل,وزارة التجارة,التاجر · الوكالات التجارية · قطاع الأعمال,https://mc.gov.sa/ar/eservices/Pages/ServiceDetails.aspx?sID=44
mc-46::en::overview,mc-46,en,overview,"An electronic service provided by the Ministry of Commerce, which enables beneficiaries to obtain a sales license, allowing them to lower the prices of goods in affiliated stores electronically, without visiting the Ministry branches.","Sales Licensing. Ministry of Commerce. Merchant · Commercial Register · Business sector. Overview: An electronic service provided by the Ministry of Commerce, which enables beneficiaries to obtain a sales license, allowing them to lower the prices of goods in affiliated stores electronically, without visiting the Ministry branches.",Sales Licensing,Ministry of Commerce,Merchant · Commercial Register · Business sector,https://mc.gov.sa/en/eservices/Pages/ServiceDetails.aspx?sID=46
mc-46::en::requirements,mc-46,en,requirements,Conditions: - The trader must own (commercial registry/commercial agency/trademark) and be registered with the Ministry.,Sales Licensing. Ministry of Commerce. Merchant · Commercial Register · Business sector. Conditions: Conditions: - The trader must own (commercial registry/commercial agency/trademark) and be registered with the Ministry.,Sales Licensing,Ministry of Commerce,Merchant · Commercial Register · Business sector,https://mc.gov.sa/en/eservices/Pages/ServiceDetails.aspx?sID=46
mc-46::en::documents,mc-46,en,documents,"- Attach a list of discounted products
- Attach the price list before and after the sale
- The percentage of the discounted products shall not be less than (50%).","Sales Licensing. Ministry of Commerce. Merchant · Commercial Register · Business sector. Required documents: - Attach a list of discounted products
- Attach the price list before and after the sale
- The percentage of the discounted products shall not be less than (50%).",Sales Licensing,Ministry of Commerce,Merchant · Commercial Register · Business sector,https://mc.gov.sa/en/eservices/Pages/ServiceDetails.aspx?sID=46
mc-46::en::steps,mc-46,en,steps,"- Click on Start Service.
- Log in to the electronic discounts system
- Log in to the account (username and password) or log in via National Access
- Click on the ""Discounts and Promotions Service"" icon
- Click on the ""Discounts Service"" option and then ""Request a Discount""
- Fill in the required fields and click on the ""Submit Request"" icon
- The bill is paid through various payment channels. For more information about the Sadad service click here
- Click on the ""Search"" icon and then enter random invoices for the products selected from the system.
- Print the license electronically without the need to visit the ministry branches.","Sales Licensing. Ministry of Commerce. Merchant · Commercial Register · Business sector. Steps: - Click on Start Service.
- Log in to the electronic discounts system
- Log in to the account (username and password) or log in via National Access
- Click on the ""Discounts and Promotions Service"" icon
- Click on the ""Discounts Service"" option and then ""Request a Discount""
- Fill in the required fields and click on the ""Submit Request"" icon
- The bill is paid through various payment channels. For more information about the Sadad service click here
- Click on the ""Search"" icon and then enter random invoices for the products selected from the system.
- Print the license electronically without the need to visit the ministry branches.",Sales Licensing,Ministry of Commerce,Merchant · Commercial Register · Business sector,https://mc.gov.sa/en/eservices/Pages/ServiceDetails.aspx?sID=46
mc-46::en::service_facts,mc-46,en,service_facts,"Fees: 300 per shop
Processing time: Immediate
Beneficiaries: Merchant
Service languages: Arabic","Sales Licensing. Ministry of Commerce. Merchant · Commercial Register · Business sector. Fees & service details: Fees: 300 per shop
Processing time: Immediate
Beneficiaries: Merchant
Service languages: Arabic",Sales Licensing,Ministry of Commerce,Merchant · Commercial Register · Business sector,https://mc.gov.sa/en/eservices/Pages/ServiceDetails.aspx?sID=46
mc-46::ar::overview,mc-46,ar,overview,خدمة إلكترونية تقدمها وزارة التجارة، تتيح للمستفيدين من اصدار ترخيص تخفيضات يتيح من خلاله تخفيض أسعار السلع المعروضة في المتاجر التابعة، إلكترونيًا دون الحاجة إلى مراجعة فروع الوزارة.,تراخيص التخفيضات. وزارة التجارة. التاجر · تراخيص التخفيضات · قطاع الأعمال. نظرة عامة: خدمة إلكترونية تقدمها وزارة التجارة، تتيح للمستفيدين من اصدار ترخيص تخفيضات يتيح من خلاله تخفيض أسعار السلع المعروضة في المتاجر التابعة، إلكترونيًا دون الحاجة إلى مراجعة فروع الوزارة.,تراخيص التخفيضات,وزارة التجارة,التاجر · تراخيص التخفيضات · قطاع الأعمال,https://mc.gov.sa/ar/eservices/Pages/ServiceDetails.aspx?sID=46
mc-46::ar::requirements,mc-46,ar,requirements,الشروط: - ان يمتلك التاجر (سجل تجاري/وكالة تجارية/علامة تجارية) وان تكون مسجلة بالوزارة.,تراخيص التخفيضات. وزارة التجارة. التاجر · تراخيص التخفيضات · قطاع الأعمال. الشروط: الشروط: - ان يمتلك التاجر (سجل تجاري/وكالة تجارية/علامة تجارية) وان تكون مسجلة بالوزارة.,تراخيص التخفيضات,وزارة التجارة,التاجر · تراخيص التخفيضات · قطاع الأعمال,https://mc.gov.sa/ar/eservices/Pages/ServiceDetails.aspx?sID=46
mc-46::ar::documents,mc-46,ar,documents,"- إرفاق قائمة بالمنتجات المخفضة
- إرفاق قائمة الأسعار قبل وبعد التخفيض
- أن لا تقل نسبة المنتجات المخفضة عن (50%)","تراخيص التخفيضات. وزارة التجارة. التاجر · تراخيص التخفيضات · قطاع الأعمال. المستندات المطلوبة: - إرفاق قائمة بالمنتجات المخفضة
- إرفاق قائمة الأسعار قبل وبعد التخفيض
- أن لا تقل نسبة المنتجات المخفضة عن (50%)",تراخيص التخفيضات,وزارة التجارة,التاجر · تراخيص التخفيضات · قطاع الأعمال,https://mc.gov.sa/ar/eservices/Pages/ServiceDetails.aspx?sID=46
mc-46::ar::steps,mc-46,ar,steps,"- الضغط على ابدأ الخدمة.
- الدخول الى نظام التخفيضات الإلكتروني
- الدخول إلى الحساب (اسم المستخدم وكلمة المرور) او تسجيل الدخول عبر نفاذ الوطني
- الضغط على أيقونة """"خدمة التخفيضات والعروض الترويجية""""
- الضغط على خيار """"خدمة التخفيضات"""" ومن ثم """"طلب تخفيض""""
- تعبئة الحقول المطلوبة والضغط على أيقونة """"إرسال الطلب""""
- يتم سداد الفاتورة عبر قنوات السداد المختلفة. ولمزيد من المعلومات عن خدمة سداد اضغط هنا
- الضغط على أيقونة """"بحث"""" ومن ثم إدخال الفواتير العشوائية للمنتجات المختارة من النظام.
- طباعة الترخيص إلكترونيًا دون الحاجة إلى مراجعة فروع الوزارة.","تراخيص التخفيضات. وزارة التجارة. التاجر · تراخيص التخفيضات · قطاع الأعمال. الخطوات: - الضغط على ابدأ الخدمة.
- الدخول الى نظام التخفيضات الإلكتروني
- الدخول إلى الحساب (اسم المستخدم وكلمة المرور) او تسجيل الدخول عبر نفاذ الوطني
- الضغط على أيقونة """"خدمة التخفيضات والعروض الترويجية""""
- الضغط على خيار """"خدمة التخفيضات"""" ومن ثم """"طلب تخفيض""""
- تعبئة الحقول المطلوبة والضغط على أيقونة """"إرسال الطلب""""
- يتم سداد الفاتورة عبر قنوات السداد المختلفة. ولمزيد من المعلومات عن خدمة سداد اضغط هنا
- الضغط على أيقونة """"بحث"""" ومن ثم إدخال الفواتير العشوائية للمنتجات المختارة من النظام.
- طباعة الترخيص إلكترونيًا دون الحاجة إلى مراجعة فروع الوزارة.",تراخيص التخفيضات,وزارة التجارة,التاجر · تراخيص التخفيضات · قطاع الأعمال,https://mc.gov.sa/ar/eservices/Pages/ServiceDetails.aspx?sID=46
mc-46::ar::service_facts,mc-46,ar,service_facts,"الرسوم: 300
لكل محل
مدة التنفيذ: فوري
الفئة المستفيدة: التاجر
لغة الخدمة: العربية","تراخيص التخفيضات. وزارة التجارة. التاجر · تراخيص التخفيضات · قطاع الأعمال. الرسوم وتفاصيل الخدمة: الرسوم: 300
لكل محل
مدة التنفيذ: فوري
الفئة المستفيدة: التاجر
لغة الخدمة: العربية",تراخيص التخفيضات,وزارة التجارة,التاجر · تراخيص التخفيضات · قطاع الأعمال,https://mc.gov.sa/ar/eservices/Pages/ServiceDetails.aspx?sID=46
mc-47::en::overview,mc-47,en,overview,"An electronic service provided by the Ministry of Commerce, which enables individuals to acquire a license for freelance consulting across various fields. The license category—practitioner, specialist, or expert—is determined by the applicant's academic qualifications and practical experience. This process can be completed electronically, eliminating the need to visit the Ministry branches.","Issuing a professional license. Ministry of Commerce. Merchant · Consulting professions · Business sector. Overview: An electronic service provided by the Ministry of Commerce, which enables individuals to acquire a license for freelance consulting across various fields. The license category—practitioner, specialist, or expert—is determined by the applicant's academic qualifications and practical experience. This process can be completed electronically, eliminating the need to visit the Ministry branches.",Issuing a professional license,Ministry of Commerce,Merchant · Consulting professions · Business sector,https://mc.gov.sa/en/eservices/Pages/ServiceDetails.aspx?sID=47
mc-47::en::requirements,mc-47,en,requirements,"Conditions: - The applicant must be a Saudi national, or a citizen of the Cooperation Council for the Arab States of the Gulf.
- To be unrelated to a job in the government sector.
- He must have at least a bachelor’s degree from a recognized university or college in the Kingdom, or any other certificate from outside the Kingdom equivalent to the Ministry of Education.
- That the academic qualification be related to the profession he wishes to obtain a license to practice.
- The practical experience must be documented in the Social Insurance or the Ministry of Human Resources and Social Development and compatible with the educational qualification and related to the profession he wishes to obtain a license to practice, with an experience certificate from the entity proving the practical experience and the job title in Arabic.
- To have the necessary number of points for professional licensing according to academic qualification and practical experience.
- The license is valid for 3 years and may be renewed for similar periods based on a request from the licensee, which he submits at least 60 days before the expiration of the license period.
- Licenses are classified into three categories: (practitioner - specialist - expert) according to the applicant's educational qualification and practical experience.
- To view the table of points and categories for professional licenses click here","Issuing a professional license. Ministry of Commerce. Merchant · Consulting professions · Business sector. Conditions: Conditions: - The applicant must be a Saudi national, or a citizen of the Cooperation Council for the Arab States of the Gulf.
- To be unrelated to a job in the government sector.
- He must have at least a bachelor’s degree from a recognized university or college in the Kingdom, or any other certificate from outside the Kingdom equivalent to the Ministry of Education.
- That the academic qualification be related to the profession he wishes to obtain a license to practice.
- The practical experience must be documented in the Social Insurance or the Ministry of Human Resources and Social Development and compatible with the educational qualification and related to the profession he wishes to obtain a license to practice, with an experience certificate from the entity proving the practical experience and the job title in Arabic.
- To have the necessary number of points for professional licensing according to academic qualification and practical experience.
- The license is valid for 3 years and may be renewed for similar periods based on a request from the licensee, which he submits at least 60 days before the expiration of the license period.
- Licenses are classified into three categories: (practitioner - specialist - expert) according to the applicant's educational qualification and practical experience.
- To view the table of points and categories for professional licenses click here",Issuing a professional license,Ministry of Commerce,Merchant · Consulting professions · Business sector,https://mc.gov.sa/en/eservices/Pages/ServiceDetails.aspx?sID=47
mc-47::en::documents,mc-47,en,documents,"- (Certificate from Social Insurance or Masar Service (Ministry of Human Resources and Social Development)
- Copies of academic certificates
- Pictures of practical experiences","Issuing a professional license. Ministry of Commerce. Merchant · Consulting professions · Business sector. Required documents: - (Certificate from Social Insurance or Masar Service (Ministry of Human Resources and Social Development)
- Copies of academic certificates
- Pictures of practical experiences",Issuing a professional license,Ministry of Commerce,Merchant · Consulting professions · Business sector,https://mc.gov.sa/en/eservices/Pages/ServiceDetails.aspx?sID=47
mc-47::en::steps,mc-47,en,steps,"- Click on start service.
- Login by username and password, and then enter the mobile number and verification code.
- Click on ""Create New Application"" icon
- Fill in the required information and attach the necessary documents (A certificate of social insurance - academic degrees - practical experience) click on ""Send"", then to be checked and approved by the concerned employee online.
- After the application is accepted by the employee, the license certificate is printed through the website by the customer.","Issuing a professional license. Ministry of Commerce. Merchant · Consulting professions · Business sector. Steps: - Click on start service.
- Login by username and password, and then enter the mobile number and verification code.
- Click on ""Create New Application"" icon
- Fill in the required information and attach the necessary documents (A certificate of social insurance - academic degrees - practical experience) click on ""Send"", then to be checked and approved by the concerned employee online.
- After the application is accepted by the employee, the license certificate is printed through the website by the customer.",Issuing a professional license,Ministry of Commerce,Merchant · Consulting professions · Business sector,https://mc.gov.sa/en/eservices/Pages/ServiceDetails.aspx?sID=47
mc-47::en::service_facts,mc-47,en,service_facts,"Fees: Free
Processing time: 1 Working Day
Beneficiaries: Saudi
Gulf
Service languages: Arabic","Issuing a professional license. Ministry of Commerce. Merchant · Consulting professions · Business sector. Fees & service details: Fees: Free
Processing time: 1 Working Day
Beneficiaries: Saudi
Gulf
Service languages: Arabic",Issuing a professional license,Ministry of Commerce,Merchant · Consulting professions · Business sector,https://mc.gov.sa/en/eservices/Pages/ServiceDetails.aspx?sID=47
mc-47::ar::overview,mc-47,ar,overview,خدمة إلكترونية تقدمها وزارة التجارة، تتيح للمستفيدين من الحصول على ترخيص لممارسة مهنة الاستشارات الحرة في عدة مجالات بحسب تصنيف فئة الترخيص (ممارس- أخصائي- خبير) وفق المؤهل العلمي والخبرة العملية للمتقدم، إلكترونيًا دون الحاجة إلى مراجعة فروع الوزارة.,إصدار ترخيص مهنة استشارية. وزارة التجارة. التاجر · المهن الإستشارية · قطاع الأعمال. نظرة عامة: خدمة إلكترونية تقدمها وزارة التجارة، تتيح للمستفيدين من الحصول على ترخيص لممارسة مهنة الاستشارات الحرة في عدة مجالات بحسب تصنيف فئة الترخيص (ممارس- أخصائي- خبير) وفق المؤهل العلمي والخبرة العملية للمتقدم، إلكترونيًا دون الحاجة إلى مراجعة فروع الوزارة.,إصدار ترخيص مهنة استشارية,وزارة التجارة,التاجر · المهن الإستشارية · قطاع الأعمال,https://mc.gov.sa/ar/eservices/Pages/ServiceDetails.aspx?sID=47
mc-47::ar::requirements,mc-47,ar,requirements,"الشروط: - أن يكون صاحب الطلب سعودي الجنسية، أو من مواطني دول مجلس التعاون لدول الخليج العربية.
- ألا يكون موظفًا حكوميًا.
- أن يكون حاصلًا على درجة البكالوريوس -على الأقل- من جامعة أو كلية معترف بها في المملكة، أو أي شهادة أخرى من خارج المملكة معادلة من وزارة التعليم، وفي حال كانت شهادة المؤهل العلمي من داخل المملكة باللغة الإنجليزية فيتوجب ترجمتها من مكتب ترجمة معتمد.
- أن يكون المؤهل العلمي مرتبطًا بالمهنة التي يرغب في استخراج ترخيص مزاولتها.
- وجود خبرة عملية موثقة في التأمينات الاجتماعية أو وزارة الموارد البشرية والتنمية الاجتماعية، ومتوافقة مع المؤهل العلمي، ومرتبطة بالمهنة التي يرغب في استخراج ترخيص مزاولتها، مع شهادة خبرة من الجهة تثبت الخبرة العملية والمسمى الوظيفي باللغة العربية.
- توافر العدد اللازم من النقاط لإصدار الترخيص المهني، حسب المؤهل العلمي والخبرة العملية.
- ملاحظات: - تُصنف التراخيص إلى ثلاث فئات: (ممارس، أخصائي، خبير) وفق المؤهل العلمي والخبرة العملية للمتقدم
- - يسري الترخيص لمدة 3 سنوات.
- - قائمة المهن الحرة التي تصدر من قبل وزارة التجارة:
- 1. الاستشارات الكيميائية.
- 2. الاستشارات التعليمية والتربوية.","إصدار ترخيص مهنة استشارية. وزارة التجارة. التاجر · المهن الإستشارية · قطاع الأعمال. الشروط: الشروط: - أن يكون صاحب الطلب سعودي الجنسية، أو من مواطني دول مجلس التعاون لدول الخليج العربية.
- ألا يكون موظفًا حكوميًا.
- أن يكون حاصلًا على درجة البكالوريوس -على الأقل- من جامعة أو كلية معترف بها في المملكة، أو أي شهادة أخرى من خارج المملكة معادلة من وزارة التعليم، وفي حال كانت شهادة المؤهل العلمي من داخل المملكة باللغة الإنجليزية فيتوجب ترجمتها من مكتب ترجمة معتمد.
- أن يكون المؤهل العلمي مرتبطًا بالمهنة التي يرغب في استخراج ترخيص مزاولتها.
- وجود خبرة عملية موثقة في التأمينات الاجتماعية أو وزارة الموارد البشرية والتنمية الاجتماعية، ومتوافقة مع المؤهل العلمي، ومرتبطة بالمهنة التي يرغب في استخراج ترخيص مزاولتها، مع شهادة خبرة من الجهة تثبت الخبرة العملية والمسمى الوظيفي باللغة العربية.
- توافر العدد اللازم من النقاط لإصدار الترخيص المهني، حسب المؤهل العلمي والخبرة العملية.
- ملاحظات: - تُصنف التراخيص إلى ثلاث فئات: (ممارس، أخصائي، خبير) وفق المؤهل العلمي والخبرة العملية للمتقدم
- - يسري الترخيص لمدة 3 سنوات.
- - قائمة المهن الحرة التي تصدر من قبل وزارة التجارة:
- 1. الاستشارات الكيميائية.
- 2. الاستشارات التعليمية والتربوية.",إصدار ترخيص مهنة استشارية,وزارة التجارة,التاجر · المهن الإستشارية · قطاع الأعمال,https://mc.gov.sa/ar/eservices/Pages/ServiceDetails.aspx?sID=47
mc-47::ar::documents,mc-47,ar,documents,"- (شهادة من التأمينات الاجتماعية أو من خدمة مسار (وزارة الموارد البشرية والتنمية الاجتماعية)
- صور من الشهادات العلمية
- صور من الخبرات العملية","إصدار ترخيص مهنة استشارية. وزارة التجارة. التاجر · المهن الإستشارية · قطاع الأعمال. المستندات المطلوبة: - (شهادة من التأمينات الاجتماعية أو من خدمة مسار (وزارة الموارد البشرية والتنمية الاجتماعية)
- صور من الشهادات العلمية
- صور من الخبرات العملية",إصدار ترخيص مهنة استشارية,وزارة التجارة,التاجر · المهن الإستشارية · قطاع الأعمال,https://mc.gov.sa/ar/eservices/Pages/ServiceDetails.aspx?sID=47
mc-47::ar::steps,mc-47,ar,steps,"- الدخول على موقع وزارة التجارة -الخدمات الإلكترونية - اختيار خدمة ""إصدار ترخيص مهنة استشارية"".
- الضغط على ابدأ الخدمة.
- تسجيل الدخول من خلال (الجنسية ورقم الجوال والرمز الظاهر في الصورة) أو من خلال الدخول الموحد اسم المستخدم وكلمه المرور.
- الضغط على أيقونة ""إنشاء طلب جديد"".
- تعبئة الحقول المطلوبة وإرفاق المستندات اللازمة (شهادة من التأمينات الاجتماعية أو خدمة مسار (وزارة الموارد البشرية والتنمية الاجتماعية) - الشهادات العلمية - الخبرات العملية).
- الضغط على أيقونة ""إرسال الطلب"".
- يتم التدقيق والموافقة عليه من قبل الموظف إلكترونيًا.
- بعد قبول الطلب من قبل الموظف بالإمكان طباعة شهادة الترخيص إلكترونيًا من قبل العميل من خلال الضغط على أيقونة التراخيص – اختيار أيقونة الإجراء طباعة من خلال الموقع الإلكتروني.","إصدار ترخيص مهنة استشارية. وزارة التجارة. التاجر · المهن الإستشارية · قطاع الأعمال. الخطوات: - الدخول على موقع وزارة التجارة -الخدمات الإلكترونية - اختيار خدمة ""إصدار ترخيص مهنة استشارية"".
- الضغط على ابدأ الخدمة.
- تسجيل الدخول من خلال (الجنسية ورقم الجوال والرمز الظاهر في الصورة) أو من خلال الدخول الموحد اسم المستخدم وكلمه المرور.
- الضغط على أيقونة ""إنشاء طلب جديد"".
- تعبئة الحقول المطلوبة وإرفاق المستندات اللازمة (شهادة من التأمينات الاجتماعية أو خدمة مسار (وزارة الموارد البشرية والتنمية الاجتماعية) - الشهادات العلمية - الخبرات العملية).
- الضغط على أيقونة ""إرسال الطلب"".
- يتم التدقيق والموافقة عليه من قبل الموظف إلكترونيًا.
- بعد قبول الطلب من قبل الموظف بالإمكان طباعة شهادة الترخيص إلكترونيًا من قبل العميل من خلال الضغط على أيقونة التراخيص – اختيار أيقونة الإجراء طباعة من خلال الموقع الإلكتروني.",إصدار ترخيص مهنة استشارية,وزارة التجارة,التاجر · المهن الإستشارية · قطاع الأعمال,https://mc.gov.sa/ar/eservices/Pages/ServiceDetails.aspx?sID=47
mc-47::ar::service_facts,mc-47,ar,service_facts,"الرسوم: مجانية
مدة التنفيذ: يوم عمل
الفئة المستفيدة: سعودي
خليجي
لغة الخدمة: العربية","إصدار ترخيص مهنة استشارية. وزارة التجارة. التاجر · المهن الإستشارية · قطاع الأعمال. الرسوم وتفاصيل الخدمة: الرسوم: مجانية
مدة التنفيذ: يوم عمل
الفئة المستفيدة: سعودي
خليجي
لغة الخدمة: العربية",إصدار ترخيص مهنة استشارية,وزارة التجارة,التاجر · المهن الإستشارية · قطاع الأعمال,https://mc.gov.sa/ar/eservices/Pages/ServiceDetails.aspx?sID=47
mc-48::en::overview,mc-48,en,overview,"An electronic service provided by the Ministry of Commerce, allowing beneficiaries to submit an application for a license to open a branch professional office electronically, without having to visit the Ministry's branches.","Issuing a branch of professional license. Ministry of Commerce. Merchant · Consulting professions · Business sector. Overview: An electronic service provided by the Ministry of Commerce, allowing beneficiaries to submit an application for a license to open a branch professional office electronically, without having to visit the Ministry's branches.",Issuing a branch of professional license,Ministry of Commerce,Merchant · Consulting professions · Business sector,https://mc.gov.sa/en/eservices/Pages/ServiceDetails.aspx?sID=48
mc-48::en::requirements,mc-48,en,requirements,"Conditions: - The applicant must be a Saudi national, or a citizen of the Cooperation Council for the Arab States of the Gulf.
- Not related to a job in the government sector (civil service system).
- The license must be in a city different from the city of the main license.
- Submit the employment contract concluded between the license holder and the branch manager.
- Submit the academic certificate to the director, provided that the specialization is in the field of licensing.
- Submit an extract from the social insurance or from the Masar service (Ministry of Human Resources and Social Development).
- Submit the personal status card to the director.
- It should not be related to anything other than the work of the office.
- The sub-license category must be similar to the main license category.","Issuing a branch of professional license. Ministry of Commerce. Merchant · Consulting professions · Business sector. Conditions: Conditions: - The applicant must be a Saudi national, or a citizen of the Cooperation Council for the Arab States of the Gulf.
- Not related to a job in the government sector (civil service system).
- The license must be in a city different from the city of the main license.
- Submit the employment contract concluded between the license holder and the branch manager.
- Submit the academic certificate to the director, provided that the specialization is in the field of licensing.
- Submit an extract from the social insurance or from the Masar service (Ministry of Human Resources and Social Development).
- Submit the personal status card to the director.
- It should not be related to anything other than the work of the office.
- The sub-license category must be similar to the main license category.",Issuing a branch of professional license,Ministry of Commerce,Merchant · Consulting professions · Business sector,https://mc.gov.sa/en/eservices/Pages/ServiceDetails.aspx?sID=48
mc-48::en::documents,mc-48,en,documents,"- Attach a work contract between the license holder and the manager in the branch
- Attach an academic certificate for the director, and the specialization is in the field of licensing
- Attach an extract from the Social Insurance or Masar service (Ministry of Human Resources and Social Development)
- Attach the national identity of the director","Issuing a branch of professional license. Ministry of Commerce. Merchant · Consulting professions · Business sector. Required documents: - Attach a work contract between the license holder and the manager in the branch
- Attach an academic certificate for the director, and the specialization is in the field of licensing
- Attach an extract from the Social Insurance or Masar service (Ministry of Human Resources and Social Development)
- Attach the national identity of the director",Issuing a branch of professional license,Ministry of Commerce,Merchant · Consulting professions · Business sector,https://mc.gov.sa/en/eservices/Pages/ServiceDetails.aspx?sID=48
mc-48::en::steps,mc-48,en,steps,"- Click on Start Service.
- Log in to the account (username and password) and then enter the mobile number and verification code.
- Click on the ""Licenses"" icon and submit a request to issue a branch for the professional license.
- Fill in the required fields and attach the necessary documents (a copy of the university certificate - a certificate from social insurance and Masar service (Ministry of Human Resources and Social Development) - the employment contract between the main and branch license holder) and click on the ""Send Request"" icon to be reviewed and approved by the employee electronically.
- After the request is accepted by the employee, the license certificate is printed through the website by the customer.","Issuing a branch of professional license. Ministry of Commerce. Merchant · Consulting professions · Business sector. Steps: - Click on Start Service.
- Log in to the account (username and password) and then enter the mobile number and verification code.
- Click on the ""Licenses"" icon and submit a request to issue a branch for the professional license.
- Fill in the required fields and attach the necessary documents (a copy of the university certificate - a certificate from social insurance and Masar service (Ministry of Human Resources and Social Development) - the employment contract between the main and branch license holder) and click on the ""Send Request"" icon to be reviewed and approved by the employee electronically.
- After the request is accepted by the employee, the license certificate is printed through the website by the customer.",Issuing a branch of professional license,Ministry of Commerce,Merchant · Consulting professions · Business sector,https://mc.gov.sa/en/eservices/Pages/ServiceDetails.aspx?sID=48
mc-48::en::service_facts,mc-48,en,service_facts,"Fees: Free
Processing time: 1 Working Day
Beneficiaries: Merchant
Professional
Service languages: Arabic","Issuing a branch of professional license. Ministry of Commerce. Merchant · Consulting professions · Business sector. Fees & service details: Fees: Free
Processing time: 1 Working Day
Beneficiaries: Merchant
Professional
Service languages: Arabic",Issuing a branch of professional license,Ministry of Commerce,Merchant · Consulting professions · Business sector,https://mc.gov.sa/en/eservices/Pages/ServiceDetails.aspx?sID=48
mc-48::ar::overview,mc-48,ar,overview,خدمة إلكترونية تقدمها وزارة التجارة، تتيح للمستفيدين من تقديم طلب الحصول على ترخيص فتح مكتب مهني فرعي، إلكترونيًا دون الحاجة إلى مراجعة فروع الوزارة.,إصدار فرع ترخيص مهنة استشارية. وزارة التجارة. التاجر · المهن الإستشارية · قطاع الأعمال. نظرة عامة: خدمة إلكترونية تقدمها وزارة التجارة، تتيح للمستفيدين من تقديم طلب الحصول على ترخيص فتح مكتب مهني فرعي، إلكترونيًا دون الحاجة إلى مراجعة فروع الوزارة.,إصدار فرع ترخيص مهنة استشارية,وزارة التجارة,التاجر · المهن الإستشارية · قطاع الأعمال,https://mc.gov.sa/ar/eservices/Pages/ServiceDetails.aspx?sID=48
mc-48::ar::requirements,mc-48,ar,requirements,"الشروط: - أن يكون صاحب الطلب سعودي الجنسية، أو من مواطني دول مجلس التعاون لدول الخليج العربية.
- أن يكون غيـر مرتبط بوظيفة في القطاع الحكومي (نظام الخدمة المدنية).
- أن يكون الترخيص في مدينة تختلف عن مدينة الترخيص الرئيسي.
- تقديم عقد العمل المُبرم بين صاحب الترخيص ومدير الفرع.
- تقديم الشهادة العلمية للمدير؛ على أن يكون التخصص في مجال الترخيص.
- تقديم مستخرج من التأمينات الاجتماعية أو من خدمة مسار (وزارة الموارد البشرية والتنمية الاجتماعية).
- تقديم بطاقة الأحوال الشخصية للمدير.
- ألا يرتبط بغير عمل المكتب.
- أن يكون فئة الترخيص الفرعي مماثله لفئة الترخيص الرئيسي.","إصدار فرع ترخيص مهنة استشارية. وزارة التجارة. التاجر · المهن الإستشارية · قطاع الأعمال. الشروط: الشروط: - أن يكون صاحب الطلب سعودي الجنسية، أو من مواطني دول مجلس التعاون لدول الخليج العربية.
- أن يكون غيـر مرتبط بوظيفة في القطاع الحكومي (نظام الخدمة المدنية).
- أن يكون الترخيص في مدينة تختلف عن مدينة الترخيص الرئيسي.
- تقديم عقد العمل المُبرم بين صاحب الترخيص ومدير الفرع.
- تقديم الشهادة العلمية للمدير؛ على أن يكون التخصص في مجال الترخيص.
- تقديم مستخرج من التأمينات الاجتماعية أو من خدمة مسار (وزارة الموارد البشرية والتنمية الاجتماعية).
- تقديم بطاقة الأحوال الشخصية للمدير.
- ألا يرتبط بغير عمل المكتب.
- أن يكون فئة الترخيص الفرعي مماثله لفئة الترخيص الرئيسي.",إصدار فرع ترخيص مهنة استشارية,وزارة التجارة,التاجر · المهن الإستشارية · قطاع الأعمال,https://mc.gov.sa/ar/eservices/Pages/ServiceDetails.aspx?sID=48
mc-48::ar::documents,mc-48,ar,documents,"- ارفاق عقد عمل بين صاحب الترخيص و المدير في الفرع
- ارفاق شهادة علمية للمدير ويكون التخصص في مجال الترخيص
- ارفاق مستخرج من التامينات الاجتماعية او خدمة مسار (وزارة الموارد البشرية والتنمية الاجتماعية)
- ارفاق الهوية الوطنية للمدير","إصدار فرع ترخيص مهنة استشارية. وزارة التجارة. التاجر · المهن الإستشارية · قطاع الأعمال. المستندات المطلوبة: - ارفاق عقد عمل بين صاحب الترخيص و المدير في الفرع
- ارفاق شهادة علمية للمدير ويكون التخصص في مجال الترخيص
- ارفاق مستخرج من التامينات الاجتماعية او خدمة مسار (وزارة الموارد البشرية والتنمية الاجتماعية)
- ارفاق الهوية الوطنية للمدير",إصدار فرع ترخيص مهنة استشارية,وزارة التجارة,التاجر · المهن الإستشارية · قطاع الأعمال,https://mc.gov.sa/ar/eservices/Pages/ServiceDetails.aspx?sID=48
mc-48::ar::steps,mc-48,ar,steps,"- الضغط على إبدا الخدمة.
- الدخول إلى الحساب (أسم المستخدم وكلمة المرور) ومن ثم إدخال رقم الجوال ورمز التحقق.
- الضغط على أيقونة """"التراخيص"""" وتقديم طلب إصدار فرع للترخيص المهني.
- تعبئة الحقول المطلوبة وإرفاق المستندات اللازمة (صورة من الشهادة الجامعية - شهادة من التأمينات الاجتماعية و خدمة مسار (وزارة الموارد البشرية والتنمية الاجتماعية) -عقد العمل بين صاحب الترخيص الرئيسي والفرعي) والضغط على أيقونة """"إرسال الطلب"""" ليتم التدقيق و الموافقة عليه من قبل الموظف إلكترونيًا.
- بعد قبول الطلب من قبل الموظف يتم طباعة شهادة الترخيص من خلال الموقع الإلكتروني من قبل العميل","إصدار فرع ترخيص مهنة استشارية. وزارة التجارة. التاجر · المهن الإستشارية · قطاع الأعمال. الخطوات: - الضغط على إبدا الخدمة.
- الدخول إلى الحساب (أسم المستخدم وكلمة المرور) ومن ثم إدخال رقم الجوال ورمز التحقق.
- الضغط على أيقونة """"التراخيص"""" وتقديم طلب إصدار فرع للترخيص المهني.
- تعبئة الحقول المطلوبة وإرفاق المستندات اللازمة (صورة من الشهادة الجامعية - شهادة من التأمينات الاجتماعية و خدمة مسار (وزارة الموارد البشرية والتنمية الاجتماعية) -عقد العمل بين صاحب الترخيص الرئيسي والفرعي) والضغط على أيقونة """"إرسال الطلب"""" ليتم التدقيق و الموافقة عليه من قبل الموظف إلكترونيًا.
- بعد قبول الطلب من قبل الموظف يتم طباعة شهادة الترخيص من خلال الموقع الإلكتروني من قبل العميل",إصدار فرع ترخيص مهنة استشارية,وزارة التجارة,التاجر · المهن الإستشارية · قطاع الأعمال,https://mc.gov.sa/ar/eservices/Pages/ServiceDetails.aspx?sID=48
mc-48::ar::service_facts,mc-48,ar,service_facts,"الرسوم: مجانية
مدة التنفيذ: يوم عمل
الفئة المستفيدة: التاجر
المهني
لغة الخدمة: العربية","إصدار فرع ترخيص مهنة استشارية. وزارة التجارة. التاجر · المهن الإستشارية · قطاع الأعمال. الرسوم وتفاصيل الخدمة: الرسوم: مجانية
مدة التنفيذ: يوم عمل
الفئة المستفيدة: التاجر
المهني
لغة الخدمة: العربية",إصدار فرع ترخيص مهنة استشارية,وزارة التجارة,التاجر · المهن الإستشارية · قطاع الأعمال,https://mc.gov.sa/ar/eservices/Pages/ServiceDetails.aspx?sID=48
mc-49::en::overview,mc-49,en,overview,"An electronic service provided by the Ministry of Commerce, allowing beneficiaries to renew their professional licenses to continue practicing their profession electronically without having to visit the Ministry's branches.
Note:
Licenses issued before 1435 must be updated through the digital branch or by visiting one of the branches of the Ministry of Commerce to update the professional office data and make it possible to submit a renewal request electronically.","Renew license. Ministry of Commerce. Merchant · Consulting professions · Business sector. Overview: An electronic service provided by the Ministry of Commerce, allowing beneficiaries to renew their professional licenses to continue practicing their profession electronically without having to visit the Ministry's branches.
Note:
Licenses issued before 1435 must be updated through the digital branch or by visiting one of the branches of the Ministry of Commerce to update the professional office data and make it possible to submit a renewal request electronically.",Renew license,Ministry of Commerce,Merchant · Consulting professions · Business sector,https://mc.gov.sa/en/eservices/Pages/ServiceDetails.aspx?sID=49
mc-49::en::requirements,mc-49,en,requirements,Conditions: - Submit a renewal application at least 60 days before the expiry of the license if you wish to renew the license for a period of 3 years.,Renew license. Ministry of Commerce. Merchant · Consulting professions · Business sector. Conditions: Conditions: - Submit a renewal application at least 60 days before the expiry of the license if you wish to renew the license for a period of 3 years.,Renew license,Ministry of Commerce,Merchant · Consulting professions · Business sector,https://mc.gov.sa/en/eservices/Pages/ServiceDetails.aspx?sID=49
mc-49::en::documents,mc-49,en,documents,- There is no,Renew license. Ministry of Commerce. Merchant · Consulting professions · Business sector. Required documents: - There is no,Renew license,Ministry of Commerce,Merchant · Consulting professions · Business sector,https://mc.gov.sa/en/eservices/Pages/ServiceDetails.aspx?sID=49
mc-49::en::steps,mc-49,en,steps,"- Click on start service.
- Login by username and password and then enter the mobile number and verification code.
- Click on ""Licenses"" icon and submit a renewal request for the expired license.
- Fill in the required information and click on ""Send"", then to be checked and approved by the concerned employee online.
- After the application is accepted by the employee, the renewed license certificate is printed through the website by the customer.","Renew license. Ministry of Commerce. Merchant · Consulting professions · Business sector. Steps: - Click on start service.
- Login by username and password and then enter the mobile number and verification code.
- Click on ""Licenses"" icon and submit a renewal request for the expired license.
- Fill in the required information and click on ""Send"", then to be checked and approved by the concerned employee online.
- After the application is accepted by the employee, the renewed license certificate is printed through the website by the customer.",Renew license,Ministry of Commerce,Merchant · Consulting professions · Business sector,https://mc.gov.sa/en/eservices/Pages/ServiceDetails.aspx?sID=49
mc-49::en::service_facts,mc-49,en,service_facts,"Fees: Free
Processing time: 1 Working Day
Beneficiaries: Saudi
Gulf
Service languages: Arabic","Renew license. Ministry of Commerce. Merchant · Consulting professions · Business sector. Fees & service details: Fees: Free
Processing time: 1 Working Day
Beneficiaries: Saudi
Gulf
Service languages: Arabic",Renew license,Ministry of Commerce,Merchant · Consulting professions · Business sector,https://mc.gov.sa/en/eservices/Pages/ServiceDetails.aspx?sID=49
mc-49::ar::overview,mc-49,ar,overview,خدمة إلكترونية تقدمها وزارة التجارة، تتيح للمستفيدين من تجديد الترخيص المهني للاستمرار في مزاولة مهنة حرة، إلكترونيًا دون الحاجة إلى مراجعة فروع الوزارة.,تجديد ترخيص مهنة استشارية. وزارة التجارة. التاجر · المهن الإستشارية · قطاع الأعمال. نظرة عامة: خدمة إلكترونية تقدمها وزارة التجارة، تتيح للمستفيدين من تجديد الترخيص المهني للاستمرار في مزاولة مهنة حرة، إلكترونيًا دون الحاجة إلى مراجعة فروع الوزارة.,تجديد ترخيص مهنة استشارية,وزارة التجارة,التاجر · المهن الإستشارية · قطاع الأعمال,https://mc.gov.sa/ar/eservices/Pages/ServiceDetails.aspx?sID=49
mc-49::ar::requirements,mc-49,ar,requirements,"الشروط: - تقديم طلب تجديد قبل انتهاء مدة الترخيص بـ 60 يومًا على الأقل عند الرغبة بتجديد الترخيص لمدة 3 سنوات.
- أن يكون غيـر مرتبط بوظيفة في القطاع الحكومي (نظام الخدمة المدنية).
- أن تكون حالة الترخيص منتهي أو قبل انتهاء مدة الترخيص بـ 60 يومًا.
- التراخيص المصدرة قبل عام 1435 هـ يتم تحديث بيانات المكتب المهني عن طريق مراجعة أحد فروع الوزارة، وتمكين العميل من التجديد إلكترونيًا بعد ذلك.","تجديد ترخيص مهنة استشارية. وزارة التجارة. التاجر · المهن الإستشارية · قطاع الأعمال. الشروط: الشروط: - تقديم طلب تجديد قبل انتهاء مدة الترخيص بـ 60 يومًا على الأقل عند الرغبة بتجديد الترخيص لمدة 3 سنوات.
- أن يكون غيـر مرتبط بوظيفة في القطاع الحكومي (نظام الخدمة المدنية).
- أن تكون حالة الترخيص منتهي أو قبل انتهاء مدة الترخيص بـ 60 يومًا.
- التراخيص المصدرة قبل عام 1435 هـ يتم تحديث بيانات المكتب المهني عن طريق مراجعة أحد فروع الوزارة، وتمكين العميل من التجديد إلكترونيًا بعد ذلك.",تجديد ترخيص مهنة استشارية,وزارة التجارة,التاجر · المهن الإستشارية · قطاع الأعمال,https://mc.gov.sa/ar/eservices/Pages/ServiceDetails.aspx?sID=49
mc-49::ar::documents,mc-49,ar,documents,- لا يوجد,تجديد ترخيص مهنة استشارية. وزارة التجارة. التاجر · المهن الإستشارية · قطاع الأعمال. المستندات المطلوبة: - لا يوجد,تجديد ترخيص مهنة استشارية,وزارة التجارة,التاجر · المهن الإستشارية · قطاع الأعمال,https://mc.gov.sa/ar/eservices/Pages/ServiceDetails.aspx?sID=49
mc-49::ar::steps,mc-49,ar,steps,"- الدخول على الموقع الإلكتروني لوزارة التجارة.
- اختيار خدمة تجديد ترخيص مهنة استشارية، والضغط على ابدأ الخدمة.
- تسجيل الدخول من خلال (الجنسية، ورقم الجوال، والرمز الظاهر في الصورة) أو من خلال الدخول الموحد (اسم المستخدم وكلمه المرور).
- الضغط على أيقونة ""التراخيص"" وتقديم طلب (تجديد للترخيص المنتهي).
- تعبئة الحقول المطلوبة.
- الضغط على أيقونة ""إرسال الطلب"" ليتم التدقيق والموافقة عليه من قبل الموظف إلكترونيًا.
- بعد قبول الطلب من قبل الموظف بالإمكان طباعة شهادة الترخيص إلكترونيًا من قبل العميل من خلال الضغط على أيقونة التراخيص – اختيار أيقونة إجراء ""طباعة"" من خلال الموقع الإلكتروني.
- ملاحظة: ""التراخيص المصدرة قبل عام 1435 هـ يتم تحديث بيانات المكتب المهني عن طريق مراجعة أحد فروع الوزارة، وتمكين العميل من التجديد أو التعديل أو الشطب إلكترونيًا بعد ذلك.""","تجديد ترخيص مهنة استشارية. وزارة التجارة. التاجر · المهن الإستشارية · قطاع الأعمال. الخطوات: - الدخول على الموقع الإلكتروني لوزارة التجارة.
- اختيار خدمة تجديد ترخيص مهنة استشارية، والضغط على ابدأ الخدمة.
- تسجيل الدخول من خلال (الجنسية، ورقم الجوال، والرمز الظاهر في الصورة) أو من خلال الدخول الموحد (اسم المستخدم وكلمه المرور).
- الضغط على أيقونة ""التراخيص"" وتقديم طلب (تجديد للترخيص المنتهي).
- تعبئة الحقول المطلوبة.
- الضغط على أيقونة ""إرسال الطلب"" ليتم التدقيق والموافقة عليه من قبل الموظف إلكترونيًا.
- بعد قبول الطلب من قبل الموظف بالإمكان طباعة شهادة الترخيص إلكترونيًا من قبل العميل من خلال الضغط على أيقونة التراخيص – اختيار أيقونة إجراء ""طباعة"" من خلال الموقع الإلكتروني.
- ملاحظة: ""التراخيص المصدرة قبل عام 1435 هـ يتم تحديث بيانات المكتب المهني عن طريق مراجعة أحد فروع الوزارة، وتمكين العميل من التجديد أو التعديل أو الشطب إلكترونيًا بعد ذلك.""",تجديد ترخيص مهنة استشارية,وزارة التجارة,التاجر · المهن الإستشارية · قطاع الأعمال,https://mc.gov.sa/ar/eservices/Pages/ServiceDetails.aspx?sID=49
mc-49::ar::service_facts,mc-49,ar,service_facts,"الرسوم: مجانية
مدة التنفيذ: يوم عمل
الفئة المستفيدة: سعودي
خليجي
لغة الخدمة: العربية","تجديد ترخيص مهنة استشارية. وزارة التجارة. التاجر · المهن الإستشارية · قطاع الأعمال. الرسوم وتفاصيل الخدمة: الرسوم: مجانية
مدة التنفيذ: يوم عمل
الفئة المستفيدة: سعودي
خليجي
لغة الخدمة: العربية",تجديد ترخيص مهنة استشارية,وزارة التجارة,التاجر · المهن الإستشارية · قطاع الأعمال,https://mc.gov.sa/ar/eservices/Pages/ServiceDetails.aspx?sID=49
mc-50::en::overview,mc-50,en,overview,"An electronic service provided by the Ministry of Commerce, allowing beneficiaries to amend data recorded in professional licenses issued after 1435 AH. Licenses issued before that date require visiting one of the Ministry's branches to update the professional office data and submit a request to amend it electronically.","Amending the professional licenses. Ministry of Commerce. Merchant · Consulting professions · Business sector. Overview: An electronic service provided by the Ministry of Commerce, allowing beneficiaries to amend data recorded in professional licenses issued after 1435 AH. Licenses issued before that date require visiting one of the Ministry's branches to update the professional office data and submit a request to amend it electronically.",Amending the professional licenses,Ministry of Commerce,Merchant · Consulting professions · Business sector,https://mc.gov.sa/en/eservices/Pages/ServiceDetails.aspx?sID=50
mc-50::en::requirements,mc-50,en,requirements,"Conditions: - If the license status is valid
- The professional office data will be updated via the digital branch or by visiting one of the ministry's branches, enabling the customer to make the changes electronically.","Amending the professional licenses. Ministry of Commerce. Merchant · Consulting professions · Business sector. Conditions: Conditions: - If the license status is valid
- The professional office data will be updated via the digital branch or by visiting one of the ministry's branches, enabling the customer to make the changes electronically.",Amending the professional licenses,Ministry of Commerce,Merchant · Consulting professions · Business sector,https://mc.gov.sa/en/eservices/Pages/ServiceDetails.aspx?sID=50
mc-50::en::documents,mc-50,en,documents,- There is no,Amending the professional licenses. Ministry of Commerce. Merchant · Consulting professions · Business sector. Required documents: - There is no,Amending the professional licenses,Ministry of Commerce,Merchant · Consulting professions · Business sector,https://mc.gov.sa/en/eservices/Pages/ServiceDetails.aspx?sID=50
mc-50::en::steps,mc-50,en,steps,"- Login to the service.
- Login to by username and password, then enter the mobile number and verification code.
- Click on ""Licenses"" icon and submit an application for license amendment.
- Fill in the required information and click on “Send"", then to be checked and approved by the concerned employee online.
- After the application is accepted by the employee, the amended license certificate is printed through the website by the customer.","Amending the professional licenses. Ministry of Commerce. Merchant · Consulting professions · Business sector. Steps: - Login to the service.
- Login to by username and password, then enter the mobile number and verification code.
- Click on ""Licenses"" icon and submit an application for license amendment.
- Fill in the required information and click on “Send"", then to be checked and approved by the concerned employee online.
- After the application is accepted by the employee, the amended license certificate is printed through the website by the customer.",Amending the professional licenses,Ministry of Commerce,Merchant · Consulting professions · Business sector,https://mc.gov.sa/en/eservices/Pages/ServiceDetails.aspx?sID=50
mc-50::en::service_facts,mc-50,en,service_facts,"Fees: Free
Processing time: 1 Working Day
Beneficiaries: Saudi
Gulf
Service languages: Arabic","Amending the professional licenses. Ministry of Commerce. Merchant · Consulting professions · Business sector. Fees & service details: Fees: Free
Processing time: 1 Working Day
Beneficiaries: Saudi
Gulf
Service languages: Arabic",Amending the professional licenses,Ministry of Commerce,Merchant · Consulting professions · Business sector,https://mc.gov.sa/en/eservices/Pages/ServiceDetails.aspx?sID=50
mc-50::ar::overview,mc-50,ar,overview,خدمة إلكترونية تقدمها وزارة التجارة، تتيح للمستفيدين من تعديل البيانات المسجلة في الترخيص المهني للتراخيص المصدرة بعد عام 1435هـ، أما التراخيص المصدرة قبل ذلك فتتطلب مراجعة أحد فروع الوزارة لتحديث بيانات المكتب المهني وإمكانية تقديم طلب تعديلها إلكترونيًا بعد ذلك.,تعديل ترخيص مهنة استشارية. وزارة التجارة. التاجر · المهن الإستشارية · قطاع الأعمال. نظرة عامة: خدمة إلكترونية تقدمها وزارة التجارة، تتيح للمستفيدين من تعديل البيانات المسجلة في الترخيص المهني للتراخيص المصدرة بعد عام 1435هـ، أما التراخيص المصدرة قبل ذلك فتتطلب مراجعة أحد فروع الوزارة لتحديث بيانات المكتب المهني وإمكانية تقديم طلب تعديلها إلكترونيًا بعد ذلك.,تعديل ترخيص مهنة استشارية,وزارة التجارة,التاجر · المهن الإستشارية · قطاع الأعمال,https://mc.gov.sa/ar/eservices/Pages/ServiceDetails.aspx?sID=50
mc-50::ar::requirements,mc-50,ar,requirements,"الشروط: - أن تكون حالة الترخيص (ساري).
- التراخيص المُصدرة قبل عام 1435 هـ يتم تحديث بيانات المكتب المهني عن طريق مراجعة أحد فروع الوزارة، وتمكين العميل من التعديل إلكترونيًا بعد ذلك.","تعديل ترخيص مهنة استشارية. وزارة التجارة. التاجر · المهن الإستشارية · قطاع الأعمال. الشروط: الشروط: - أن تكون حالة الترخيص (ساري).
- التراخيص المُصدرة قبل عام 1435 هـ يتم تحديث بيانات المكتب المهني عن طريق مراجعة أحد فروع الوزارة، وتمكين العميل من التعديل إلكترونيًا بعد ذلك.",تعديل ترخيص مهنة استشارية,وزارة التجارة,التاجر · المهن الإستشارية · قطاع الأعمال,https://mc.gov.sa/ar/eservices/Pages/ServiceDetails.aspx?sID=50
mc-50::ar::documents,mc-50,ar,documents,- لا يوجد,تعديل ترخيص مهنة استشارية. وزارة التجارة. التاجر · المهن الإستشارية · قطاع الأعمال. المستندات المطلوبة: - لا يوجد,تعديل ترخيص مهنة استشارية,وزارة التجارة,التاجر · المهن الإستشارية · قطاع الأعمال,https://mc.gov.sa/ar/eservices/Pages/ServiceDetails.aspx?sID=50
mc-50::ar::steps,mc-50,ar,steps,"- الدخول إلى الموقع الإلكتروني لوزارة التجارة -الخدمات الإلكترونية - اختيار خدمة ""تعديل ترخيص مهنة استشارية"".
- الضغط على ابدأ الخدمة.
- تسجيل الدخول من خلال (الجنسية، ورقم الجوال، والرمز الظاهر في الصورة) أو من خلال الدخول الموحد (اسم المستخدم وكلمه المرور).
- الضغط على أيقونة ""التراخيص"" والضغط على إجراء ""تعديل"".
- تعبئة الحقول المطلوبة والضغط على أيقونة (إرسال الطلب) ليتم التدقيق والموافقة عليه من قبل الموظف إلكترونيًا.
- بعد قبول الطلب من قبل الموظف، بالإمكان طباعة شهادة الترخيص المعدلة إلكترونيًا من قبل العميل من خلال الضغط على أيقونة التراخيص – اختيار أيقونة الإجراء ""طباعة"" من خلال الموقع الإلكتروني.
- ملاحظة: التراخيص المصدرة قبل عام 1435 هـ يتم تحديثها عن طريق مراجعة أحد فروع الوزارة، وتمكين العميل من تعديل الترخيص إلكترونيًا بعد ذلك.","تعديل ترخيص مهنة استشارية. وزارة التجارة. التاجر · المهن الإستشارية · قطاع الأعمال. الخطوات: - الدخول إلى الموقع الإلكتروني لوزارة التجارة -الخدمات الإلكترونية - اختيار خدمة ""تعديل ترخيص مهنة استشارية"".
- الضغط على ابدأ الخدمة.
- تسجيل الدخول من خلال (الجنسية، ورقم الجوال، والرمز الظاهر في الصورة) أو من خلال الدخول الموحد (اسم المستخدم وكلمه المرور).
- الضغط على أيقونة ""التراخيص"" والضغط على إجراء ""تعديل"".
- تعبئة الحقول المطلوبة والضغط على أيقونة (إرسال الطلب) ليتم التدقيق والموافقة عليه من قبل الموظف إلكترونيًا.
- بعد قبول الطلب من قبل الموظف، بالإمكان طباعة شهادة الترخيص المعدلة إلكترونيًا من قبل العميل من خلال الضغط على أيقونة التراخيص – اختيار أيقونة الإجراء ""طباعة"" من خلال الموقع الإلكتروني.
- ملاحظة: التراخيص المصدرة قبل عام 1435 هـ يتم تحديثها عن طريق مراجعة أحد فروع الوزارة، وتمكين العميل من تعديل الترخيص إلكترونيًا بعد ذلك.",تعديل ترخيص مهنة استشارية,وزارة التجارة,التاجر · المهن الإستشارية · قطاع الأعمال,https://mc.gov.sa/ar/eservices/Pages/ServiceDetails.aspx?sID=50
mc-50::ar::service_facts,mc-50,ar,service_facts,"الرسوم: مجانية
مدة التنفيذ: يوم عمل
الفئة المستفيدة: سعودي
خليجي
لغة الخدمة: العربية","تعديل ترخيص مهنة استشارية. وزارة التجارة. التاجر · المهن الإستشارية · قطاع الأعمال. الرسوم وتفاصيل الخدمة: الرسوم: مجانية
مدة التنفيذ: يوم عمل
الفئة المستفيدة: سعودي
خليجي
لغة الخدمة: العربية",تعديل ترخيص مهنة استشارية,وزارة التجارة,التاجر · المهن الإستشارية · قطاع الأعمال,https://mc.gov.sa/ar/eservices/Pages/ServiceDetails.aspx?sID=50
mc-51::en::overview,mc-51,en,overview,"An electronic service provided by the Ministry of Commerce, allowing beneficiaries to cancel or revoke professional licenses electronically, without having to visit the Ministry's branches.","Cancellation of professional licenses. Ministry of Commerce. Consulting professions. Overview: An electronic service provided by the Ministry of Commerce, allowing beneficiaries to cancel or revoke professional licenses electronically, without having to visit the Ministry's branches.",Cancellation of professional licenses,Ministry of Commerce,Consulting professions,https://mc.gov.sa/en/eservices/Pages/ServiceDetails.aspx?sID=51
mc-51::en::requirements,mc-51,en,requirements,"Conditions: - The license must not be suspended by the Ministry.
- If the main license is cancelled, the sub-license will also be cancelled.","Cancellation of professional licenses. Ministry of Commerce. Consulting professions. Conditions: Conditions: - The license must not be suspended by the Ministry.
- If the main license is cancelled, the sub-license will also be cancelled.",Cancellation of professional licenses,Ministry of Commerce,Consulting professions,https://mc.gov.sa/en/eservices/Pages/ServiceDetails.aspx?sID=51
mc-51::en::documents,mc-51,en,documents,- There is no,Cancellation of professional licenses. Ministry of Commerce. Consulting professions. Required documents: - There is no,Cancellation of professional licenses,Ministry of Commerce,Consulting professions,https://mc.gov.sa/en/eservices/Pages/ServiceDetails.aspx?sID=51
mc-51::en::steps,mc-51,en,steps,"- Log in to the Ministry of Commerce website
- Electronic services - choose the service of canceling a freelance license
- Click on Start service.
- Log in to the account (username and password) and then enter the mobile number and verification code.
- Click on the ""Licenses"" icon and click on the procedure to cancel the license.
- Fill in the required fields and click on the ""Submit request"" icon
- It is reviewed and approved by the employee electronically
- The ability to print the license cancellation certificate electronically - Click on the licenses icon - Choose the procedure icon Choose to print through the website.","Cancellation of professional licenses. Ministry of Commerce. Consulting professions. Steps: - Log in to the Ministry of Commerce website
- Electronic services - choose the service of canceling a freelance license
- Click on Start service.
- Log in to the account (username and password) and then enter the mobile number and verification code.
- Click on the ""Licenses"" icon and click on the procedure to cancel the license.
- Fill in the required fields and click on the ""Submit request"" icon
- It is reviewed and approved by the employee electronically
- The ability to print the license cancellation certificate electronically - Click on the licenses icon - Choose the procedure icon Choose to print through the website.",Cancellation of professional licenses,Ministry of Commerce,Consulting professions,https://mc.gov.sa/en/eservices/Pages/ServiceDetails.aspx?sID=51
mc-51::en::service_facts,mc-51,en,service_facts,"Fees: Free
Processing time: 1 Working Day
Beneficiaries: Saudi
Gulf
Service languages: Arabic","Cancellation of professional licenses. Ministry of Commerce. Consulting professions. Fees & service details: Fees: Free
Processing time: 1 Working Day
Beneficiaries: Saudi
Gulf
Service languages: Arabic",Cancellation of professional licenses,Ministry of Commerce,Consulting professions,https://mc.gov.sa/en/eservices/Pages/ServiceDetails.aspx?sID=51
mc-51::ar::overview,mc-51,ar,overview,خدمة إلكترونية تقدمها وزارة التجارة، تتيح للمستفيدين من شطب وإلغاء الترخيص المهني، إلكترونيًا دون الحاجة إلى مراجعة فروع الوزارة.,إلغاء ترخيص مهنة استشارية. وزارة التجارة. المهن الإستشارية. نظرة عامة: خدمة إلكترونية تقدمها وزارة التجارة، تتيح للمستفيدين من شطب وإلغاء الترخيص المهني، إلكترونيًا دون الحاجة إلى مراجعة فروع الوزارة.,إلغاء ترخيص مهنة استشارية,وزارة التجارة,المهن الإستشارية,https://mc.gov.sa/ar/eservices/Pages/ServiceDetails.aspx?sID=51
mc-51::ar::requirements,mc-51,ar,requirements,"الشروط: - ألا يكون الترخيص موقوف من قبل الوزارة.
- في حال تم شطب الترخيص الرئيسي سيتم تبعًا لذلك شطب الترخيص الفرعي.","إلغاء ترخيص مهنة استشارية. وزارة التجارة. المهن الإستشارية. الشروط: الشروط: - ألا يكون الترخيص موقوف من قبل الوزارة.
- في حال تم شطب الترخيص الرئيسي سيتم تبعًا لذلك شطب الترخيص الفرعي.",إلغاء ترخيص مهنة استشارية,وزارة التجارة,المهن الإستشارية,https://mc.gov.sa/ar/eservices/Pages/ServiceDetails.aspx?sID=51
mc-51::ar::documents,mc-51,ar,documents,- لا يوجد,إلغاء ترخيص مهنة استشارية. وزارة التجارة. المهن الإستشارية. المستندات المطلوبة: - لا يوجد,إلغاء ترخيص مهنة استشارية,وزارة التجارة,المهن الإستشارية,https://mc.gov.sa/ar/eservices/Pages/ServiceDetails.aspx?sID=51
mc-51::ar::steps,mc-51,ar,steps,"- الدخول إلى موقع وزارة التجارة الإلكتروني- الخدمات الإلكترونية - اختيار خدمة ""إلغاء ترخيص مهنة استشارية"".
- الضغط على ابدأ الخدمة.
- تسجيل الدخول من خلال (الجنسية، ورقم الجوال، والرمز الظاهر في الصورة) أو من خلال الدخول الموحد (اسم المستخدم وكلمه المرور).
- الضغط على أيقونة"" تراخيص"" والضغط على إجراء ""شطب"".
- تعبئة الحقول المطلوبة والضغط على أيقونة ""موافق"".
- يتم التدقيق والموافقة عليه من قبل الموظف إلكترونيًا.
- بعد قبول الطلب من قبل الموظف بالإمكان طباعة شهادة شطب الترخيص إلكترونيًا من خلال الضغط على أيقونة التراخيص – اختيار أيقونة إجراء ""طباعة "" من خلال الموقع الإلكتروني من قبل العميل.
- ملاحظة: التراخيص المصدرة قبل عام 1435 هـ يتم تحديثها عن طريق مراجعة أحد فروع الوزارة، وتمكين العميل من إلغاء الترخيص إلكترونيًا بعد ذلك.","إلغاء ترخيص مهنة استشارية. وزارة التجارة. المهن الإستشارية. الخطوات: - الدخول إلى موقع وزارة التجارة الإلكتروني- الخدمات الإلكترونية - اختيار خدمة ""إلغاء ترخيص مهنة استشارية"".
- الضغط على ابدأ الخدمة.
- تسجيل الدخول من خلال (الجنسية، ورقم الجوال، والرمز الظاهر في الصورة) أو من خلال الدخول الموحد (اسم المستخدم وكلمه المرور).
- الضغط على أيقونة"" تراخيص"" والضغط على إجراء ""شطب"".
- تعبئة الحقول المطلوبة والضغط على أيقونة ""موافق"".
- يتم التدقيق والموافقة عليه من قبل الموظف إلكترونيًا.
- بعد قبول الطلب من قبل الموظف بالإمكان طباعة شهادة شطب الترخيص إلكترونيًا من خلال الضغط على أيقونة التراخيص – اختيار أيقونة إجراء ""طباعة "" من خلال الموقع الإلكتروني من قبل العميل.
- ملاحظة: التراخيص المصدرة قبل عام 1435 هـ يتم تحديثها عن طريق مراجعة أحد فروع الوزارة، وتمكين العميل من إلغاء الترخيص إلكترونيًا بعد ذلك.",إلغاء ترخيص مهنة استشارية,وزارة التجارة,المهن الإستشارية,https://mc.gov.sa/ar/eservices/Pages/ServiceDetails.aspx?sID=51
mc-51::ar::service_facts,mc-51,ar,service_facts,"الرسوم: مجانية
مدة التنفيذ: يوم عمل
الفئة المستفيدة: سعودي
خليجي
لغة الخدمة: العربية","إلغاء ترخيص مهنة استشارية. وزارة التجارة. المهن الإستشارية. الرسوم وتفاصيل الخدمة: الرسوم: مجانية
مدة التنفيذ: يوم عمل
الفئة المستفيدة: سعودي
خليجي
لغة الخدمة: العربية",إلغاء ترخيص مهنة استشارية,وزارة التجارة,المهن الإستشارية,https://mc.gov.sa/ar/eservices/Pages/ServiceDetails.aspx?sID=51
mc-52::en::overview,mc-52,en,overview,An electronic service provided by the Ministry of Commerce through the Saudi Business Center platform that allows beneficiaries to convert an establishment into a company without having to visit service centers.,Transformation from an establishment to a company. Ministry of Commerce. Merchant · Companies · business sector. Overview: An electronic service provided by the Ministry of Commerce through the Saudi Business Center platform that allows beneficiaries to convert an establishment into a company without having to visit service centers.,Transformation from an establishment to a company,Ministry of Commerce,Merchant · Companies · business sector,https://mc.gov.sa/en/eservices/Pages/ServiceDetails.aspx?sID=52
mc-52::en::requirements,mc-52,en,requirements,"Conditions: - The existence of a legal document, if one of the partners is a government entity, entitling them to establish a company or participate in one.
- The existence of a license or preliminary approval from the Saudi Central Bank, if the activity requires it.
- The commercial registration must be active.
- The commercial registration must not be cancelled or suspended, if one of the partners is a legal partner.
- The applicant must be at least 18 years old. If the partner is a minor, a guardianship deed must be submitted.
- The applicant must not be a government employee.
- The existence of a waiver decision from the owner of the establishment, if the applicant is not a partner in the establishment.
- The applicant must be the owner of the establishment or have an electronic authorization from him.
- The following must be verified if the establishment is a professional establishment: - The partners must have a valid professional license. - The percentage of licensed Saudi partners in the joint-stock establishment must not be less than 25%. - The percentage of licensed partners must not be less than 70%.""
- In the event of a foreign partner, a valid investment registration certificate from the Ministry of Investment must be attached.","Transformation from an establishment to a company. Ministry of Commerce. Merchant · Companies · business sector. Conditions: Conditions: - The existence of a legal document, if one of the partners is a government entity, entitling them to establish a company or participate in one.
- The existence of a license or preliminary approval from the Saudi Central Bank, if the activity requires it.
- The commercial registration must be active.
- The commercial registration must not be cancelled or suspended, if one of the partners is a legal partner.
- The applicant must be at least 18 years old. If the partner is a minor, a guardianship deed must be submitted.
- The applicant must not be a government employee.
- The existence of a waiver decision from the owner of the establishment, if the applicant is not a partner in the establishment.
- The applicant must be the owner of the establishment or have an electronic authorization from him.
- The following must be verified if the establishment is a professional establishment: - The partners must have a valid professional license. - The percentage of licensed Saudi partners in the joint-stock establishment must not be less than 25%. - The percentage of licensed partners must not be less than 70%.""
- In the event of a foreign partner, a valid investment registration certificate from the Ministry of Investment must be attached.",Transformation from an establishment to a company,Ministry of Commerce,Merchant · Companies · business sector,https://mc.gov.sa/en/eservices/Pages/ServiceDetails.aspx?sID=52
mc-52::en::documents,mc-52,en,documents,"- Existence of a legal document in the event that one of the partners is a government agency, a civil institution, a charitable association, or an endowment; To give him the right to establish a company or participate in a company.
- The existence of a license from the Central Bank of Saudi Arabia, if the activity requires it.
- Having a professional license if the company is professional.
- A valid investment registration certificate is required if there is a foreign partner.","Transformation from an establishment to a company. Ministry of Commerce. Merchant · Companies · business sector. Required documents: - Existence of a legal document in the event that one of the partners is a government agency, a civil institution, a charitable association, or an endowment; To give him the right to establish a company or participate in a company.
- The existence of a license from the Central Bank of Saudi Arabia, if the activity requires it.
- Having a professional license if the company is professional.
- A valid investment registration certificate is required if there is a foreign partner.",Transformation from an establishment to a company,Ministry of Commerce,Merchant · Companies · business sector,https://mc.gov.sa/en/eservices/Pages/ServiceDetails.aspx?sID=52
mc-52::en::steps,mc-52,en,steps,"- Log in to the Saudi Business Center platform.
- Select the service to convert from a sole proprietorship to a company.
- Click ""Start Service.""
- Specify the number of partners.
- Specify the company's status (optional).
- Apply for the service.
- Registration period, company headquarters, activities, and purposes.
- Partner information.
- Commercial registration information.
- Company information.
- Company management information.
- Company contract information.
- Request summary.","Transformation from an establishment to a company. Ministry of Commerce. Merchant · Companies · business sector. Steps: - Log in to the Saudi Business Center platform.
- Select the service to convert from a sole proprietorship to a company.
- Click ""Start Service.""
- Specify the number of partners.
- Specify the company's status (optional).
- Apply for the service.
- Registration period, company headquarters, activities, and purposes.
- Partner information.
- Commercial registration information.
- Company information.
- Company management information.
- Company contract information.
- Request summary.",Transformation from an establishment to a company,Ministry of Commerce,Merchant · Companies · business sector,https://mc.gov.sa/en/eservices/Pages/ServiceDetails.aspx?sID=52
mc-52::en::service_facts,mc-52,en,service_facts,"Fees: 1,600 for a joint-stock company or simplified joint-stock company
1,200 for a limited liability company
1,000 for a general partnership or limited partnership
500 for publication fees
15% VAT
Processing time: Within 72 hours
Beneficiaries: Merchant
Service languages: Arabic and English","Transformation from an establishment to a company. Ministry of Commerce. Merchant · Companies · business sector. Fees & service details: Fees: 1,600 for a joint-stock company or simplified joint-stock company
1,200 for a limited liability company
1,000 for a general partnership or limited partnership
500 for publication fees
15% VAT
Processing time: Within 72 hours
Beneficiaries: Merchant
Service languages: Arabic and English",Transformation from an establishment to a company,Ministry of Commerce,Merchant · Companies · business sector,https://mc.gov.sa/en/eservices/Pages/ServiceDetails.aspx?sID=52
mc-52::ar::overview,mc-52,ar,overview,خدمة إلكترونية تقدمها وزارة التجارة عبر منصة المركز السعودي للأعمال، تتيح للمستفيدين تحويل المؤسسة إلى شركة، دون الحاجة إلى زيارة مراكز الخدمة.,التحول من مؤسسة فردية إلى شركة. وزارة التجارة. التاجر · الشركات · قطاع الأعمال. نظرة عامة: خدمة إلكترونية تقدمها وزارة التجارة عبر منصة المركز السعودي للأعمال، تتيح للمستفيدين تحويل المؤسسة إلى شركة، دون الحاجة إلى زيارة مراكز الخدمة.,التحول من مؤسسة فردية إلى شركة,وزارة التجارة,التاجر · الشركات · قطاع الأعمال,https://mc.gov.sa/ar/eservices/Pages/ServiceDetails.aspx?sID=52
mc-52::ar::requirements,mc-52,ar,requirements,"الشروط: - وجود سند نظامي في حال كان أحد الشركاء جهة حكومية؛ يخوله الحق لتأسيس شركة أو المشاركة في شركة.
- وجود ترخيص أو موافقة مبدئية من البنك المركزي السعودي في حال كان النشاط يتطلب ذلك.
- أن يكون السجل التجاري نشطًا.
- ألا يكون السجل التجاري مشطوبًا أو معلقًا، في حال كان أحد الشركاء شريكًا اعتباريًا.
- ألا يقل العمر عن 18 سنة، وإذا كان الشريك قاصرًا دون سن البلوغ يتم تقديم صك الولاية.
- ألا يكون موظفًا حكوميًا.
- وجود قرار تنازل من مالك المؤسسة في حال لم يكن شريكًا في الشركة.
- أن يكون مقدم الطلب مالكًا للمؤسسة أو مفوضًا عنه تفويضًا إلكترونيًا.
- التحقق من الآتي في حال كانت صفة الشركة (مهنية): - وجود رخصة مهنية سارية المفعول للشركاء. - ألا تقل نسبة الشريك السعودي المرخص في الشركة المختلطة عن 25%. - ألا تقل نسبة الشركاء المرخصين عن 70%.
- في حال وجود شريك أجنبي يتم ارفاق شهادة استثمار سارية المفعول من وزارة الاستثمار","التحول من مؤسسة فردية إلى شركة. وزارة التجارة. التاجر · الشركات · قطاع الأعمال. الشروط: الشروط: - وجود سند نظامي في حال كان أحد الشركاء جهة حكومية؛ يخوله الحق لتأسيس شركة أو المشاركة في شركة.
- وجود ترخيص أو موافقة مبدئية من البنك المركزي السعودي في حال كان النشاط يتطلب ذلك.
- أن يكون السجل التجاري نشطًا.
- ألا يكون السجل التجاري مشطوبًا أو معلقًا، في حال كان أحد الشركاء شريكًا اعتباريًا.
- ألا يقل العمر عن 18 سنة، وإذا كان الشريك قاصرًا دون سن البلوغ يتم تقديم صك الولاية.
- ألا يكون موظفًا حكوميًا.
- وجود قرار تنازل من مالك المؤسسة في حال لم يكن شريكًا في الشركة.
- أن يكون مقدم الطلب مالكًا للمؤسسة أو مفوضًا عنه تفويضًا إلكترونيًا.
- التحقق من الآتي في حال كانت صفة الشركة (مهنية): - وجود رخصة مهنية سارية المفعول للشركاء. - ألا تقل نسبة الشريك السعودي المرخص في الشركة المختلطة عن 25%. - ألا تقل نسبة الشركاء المرخصين عن 70%.
- في حال وجود شريك أجنبي يتم ارفاق شهادة استثمار سارية المفعول من وزارة الاستثمار",التحول من مؤسسة فردية إلى شركة,وزارة التجارة,التاجر · الشركات · قطاع الأعمال,https://mc.gov.sa/ar/eservices/Pages/ServiceDetails.aspx?sID=52
mc-52::ar::documents,mc-52,ar,documents,"- وجود سند نظامي في حال كان أحد الشركاء جهة حكومية، أو مؤسسة أهلية، أو جمعية خيرية، أو وقفًا؛ ليخوله حق تأسيس شركة أو المشاركة في شركة.
- وجود ترخيص من البنك المركزي السعودي في حال كان النشاط يتطلب ذلك.
- وجود ترخص مهني في حال كانت الشركة مهنية.
- وجود شهادة تسجيل استثمار سارية المفعول في حال وجود شريك أجنبي","التحول من مؤسسة فردية إلى شركة. وزارة التجارة. التاجر · الشركات · قطاع الأعمال. المستندات المطلوبة: - وجود سند نظامي في حال كان أحد الشركاء جهة حكومية، أو مؤسسة أهلية، أو جمعية خيرية، أو وقفًا؛ ليخوله حق تأسيس شركة أو المشاركة في شركة.
- وجود ترخيص من البنك المركزي السعودي في حال كان النشاط يتطلب ذلك.
- وجود ترخص مهني في حال كانت الشركة مهنية.
- وجود شهادة تسجيل استثمار سارية المفعول في حال وجود شريك أجنبي",التحول من مؤسسة فردية إلى شركة,وزارة التجارة,التاجر · الشركات · قطاع الأعمال,https://mc.gov.sa/ar/eservices/Pages/ServiceDetails.aspx?sID=52
mc-52::ar::steps,mc-52,ar,steps,"- الدخول على منصة المركز السعودي للأعمال.
- اختيار خدمة تحول من مؤسسة فردية إلى شركة
- اضغط على ابدا الخدمة
- تحديد عدد الشركاء
- تحديد صفة الشركة (اختياري)
- التقديم على الخدمة
- مدة السجل و مقر و أنشطة وأغراض الشركة
- بيانات الشركاء
- بيانات السجل التجاري
- بيانات الشركة
- بيانات إدارة الشركة
- بيانات عقد الشركة
- ملخص الطلب","التحول من مؤسسة فردية إلى شركة. وزارة التجارة. التاجر · الشركات · قطاع الأعمال. الخطوات: - الدخول على منصة المركز السعودي للأعمال.
- اختيار خدمة تحول من مؤسسة فردية إلى شركة
- اضغط على ابدا الخدمة
- تحديد عدد الشركاء
- تحديد صفة الشركة (اختياري)
- التقديم على الخدمة
- مدة السجل و مقر و أنشطة وأغراض الشركة
- بيانات الشركاء
- بيانات السجل التجاري
- بيانات الشركة
- بيانات إدارة الشركة
- بيانات عقد الشركة
- ملخص الطلب",التحول من مؤسسة فردية إلى شركة,وزارة التجارة,التاجر · الشركات · قطاع الأعمال,https://mc.gov.sa/ar/eservices/Pages/ServiceDetails.aspx?sID=52
mc-52::ar::service_facts,mc-52,ar,service_facts,"الرسوم: 1600
لشركة مساهمة، مساهمة مبسطة
1200
لشركة ذات مسؤولية محدودة
1000
لشركة تضامنية، توصية بسيطة
500
لرسوم النشر
15% ضريبة القيمة المضافة
مدة التنفيذ: خلال 72 ساعة
الفئة المستفيدة: التاجر
لغة الخدمة: العربية والانجليزية","التحول من مؤسسة فردية إلى شركة. وزارة التجارة. التاجر · الشركات · قطاع الأعمال. الرسوم وتفاصيل الخدمة: الرسوم: 1600
لشركة مساهمة، مساهمة مبسطة
1200
لشركة ذات مسؤولية محدودة
1000
لشركة تضامنية، توصية بسيطة
500
لرسوم النشر
15% ضريبة القيمة المضافة
مدة التنفيذ: خلال 72 ساعة
الفئة المستفيدة: التاجر
لغة الخدمة: العربية والانجليزية",التحول من مؤسسة فردية إلى شركة,وزارة التجارة,التاجر · الشركات · قطاع الأعمال,https://mc.gov.sa/ar/eservices/Pages/ServiceDetails.aspx?sID=52
mc-55::en::overview,mc-55,en,overview,"An electronic service provided by the Ministry of Commerce, which enables beneficiaries to submit a commercial report, inquire about it, and track its status online, eliminating the need to visit the Ministry branches.","Receiving a Commercial Complaint. Ministry of Commerce. consumer · Commercial Fraud · commercial report. Overview: An electronic service provided by the Ministry of Commerce, which enables beneficiaries to submit a commercial report, inquire about it, and track its status online, eliminating the need to visit the Ministry branches.",Receiving a Commercial Complaint,Ministry of Commerce,consumer · Commercial Fraud · commercial report,https://mc.gov.sa/en/eservices/Pages/ServiceDetails.aspx?sID=55
mc-55::en::requirements,mc-55,en,requirements,Conditions: - Attach the documents required for the report,Receiving a Commercial Complaint. Ministry of Commerce. consumer · Commercial Fraud · commercial report. Conditions: Conditions: - Attach the documents required for the report,Receiving a Commercial Complaint,Ministry of Commerce,consumer · Commercial Fraud · commercial report,https://mc.gov.sa/en/eservices/Pages/ServiceDetails.aspx?sID=55
mc-55::en::documents,mc-55,en,documents,- There is no,Receiving a Commercial Complaint. Ministry of Commerce. consumer · Commercial Fraud · commercial report. Required documents: - There is no,Receiving a Commercial Complaint,Ministry of Commerce,consumer · Commercial Fraud · commercial report,https://mc.gov.sa/en/eservices/Pages/ServiceDetails.aspx?sID=55
mc-55::en::steps,mc-55,en,steps,"- Click on start the service.
- Download the commercial report application.
- Log in via National Access.
- Choose a new report.
- Determine the type of report if it is an online store or a commercial store.
- If the report is on an online store, it will be determined whether it is reliable on the Saudi Business Center platform or if the store has a commercial register.
- Determine the type of violation.
- Fill in the establishment data.
- Fill out the description of the report and the name of the item.
- Attach the required documents according to the type of report.
- Approval and acknowledgment.
- Choose to submit a report.","Receiving a Commercial Complaint. Ministry of Commerce. consumer · Commercial Fraud · commercial report. Steps: - Click on start the service.
- Download the commercial report application.
- Log in via National Access.
- Choose a new report.
- Determine the type of report if it is an online store or a commercial store.
- If the report is on an online store, it will be determined whether it is reliable on the Saudi Business Center platform or if the store has a commercial register.
- Determine the type of violation.
- Fill in the establishment data.
- Fill out the description of the report and the name of the item.
- Attach the required documents according to the type of report.
- Approval and acknowledgment.
- Choose to submit a report.",Receiving a Commercial Complaint,Ministry of Commerce,consumer · Commercial Fraud · commercial report,https://mc.gov.sa/en/eservices/Pages/ServiceDetails.aspx?sID=55
mc-55::en::service_facts,mc-55,en,service_facts,"Fees: Free
Processing time: 7 working days
Beneficiaries: Consumer
Service languages: Arabic and English","Receiving a Commercial Complaint. Ministry of Commerce. consumer · Commercial Fraud · commercial report. Fees & service details: Fees: Free
Processing time: 7 working days
Beneficiaries: Consumer
Service languages: Arabic and English",Receiving a Commercial Complaint,Ministry of Commerce,consumer · Commercial Fraud · commercial report,https://mc.gov.sa/en/eservices/Pages/ServiceDetails.aspx?sID=55
mc-55::ar::overview,mc-55,ar,overview,خدمة إلكترونية تقدمها وزارة التجارة، تتيح للمستفيدين تقديم بلاغ تجاري - والاستعلام - ومتابعة حالة البلاغ . إلكترونيًا دون الحاجة إلى مراجعة فروع الوزارة.,إستقبال بلاغ تجاري. وزارة التجارة. المستهلك · الغش التجاري · بلاغ تجاري. نظرة عامة: خدمة إلكترونية تقدمها وزارة التجارة، تتيح للمستفيدين تقديم بلاغ تجاري - والاستعلام - ومتابعة حالة البلاغ . إلكترونيًا دون الحاجة إلى مراجعة فروع الوزارة.,إستقبال بلاغ تجاري,وزارة التجارة,المستهلك · الغش التجاري · بلاغ تجاري,https://mc.gov.sa/ar/eservices/Pages/ServiceDetails.aspx?sID=55
mc-55::ar::requirements,mc-55,ar,requirements,الشروط: - ارفاق المسنتدات المطلوبة للبلاغ,إستقبال بلاغ تجاري. وزارة التجارة. المستهلك · الغش التجاري · بلاغ تجاري. الشروط: الشروط: - ارفاق المسنتدات المطلوبة للبلاغ,إستقبال بلاغ تجاري,وزارة التجارة,المستهلك · الغش التجاري · بلاغ تجاري,https://mc.gov.sa/ar/eservices/Pages/ServiceDetails.aspx?sID=55
mc-55::ar::documents,mc-55,ar,documents,- لا يوجد,إستقبال بلاغ تجاري. وزارة التجارة. المستهلك · الغش التجاري · بلاغ تجاري. المستندات المطلوبة: - لا يوجد,إستقبال بلاغ تجاري,وزارة التجارة,المستهلك · الغش التجاري · بلاغ تجاري,https://mc.gov.sa/ar/eservices/Pages/ServiceDetails.aspx?sID=55
mc-55::ar::steps,mc-55,ar,steps,"- الضغط على إبدأ الخدمة.
- تحميل تطبيق بلاغ تجاري.
- تسجيل الدخول عبر نفاذ الوطني.
- اختيار بلاغ جديد .
- تحديد نوع البلاغ اذا كان متجر الكتروني او محل تجاري.
- في حال كان البلاغ على متجر الكتروني يتم تحديد اذا كان موثوق في منصة المركز السعودي للاعمال او لدى المتجر سجل تجاري.
- تحديد نوع المخالفة.
- تعبئة بيانات المنشأة.
- تعبئة وصف البلاغ واسم السلعة .
- ارفاق المستندات المطلوبة حسب نوع البلاغ.
- الموافقة والاقرار.
- اختيار تقديم بلاغ.","إستقبال بلاغ تجاري. وزارة التجارة. المستهلك · الغش التجاري · بلاغ تجاري. الخطوات: - الضغط على إبدأ الخدمة.
- تحميل تطبيق بلاغ تجاري.
- تسجيل الدخول عبر نفاذ الوطني.
- اختيار بلاغ جديد .
- تحديد نوع البلاغ اذا كان متجر الكتروني او محل تجاري.
- في حال كان البلاغ على متجر الكتروني يتم تحديد اذا كان موثوق في منصة المركز السعودي للاعمال او لدى المتجر سجل تجاري.
- تحديد نوع المخالفة.
- تعبئة بيانات المنشأة.
- تعبئة وصف البلاغ واسم السلعة .
- ارفاق المستندات المطلوبة حسب نوع البلاغ.
- الموافقة والاقرار.
- اختيار تقديم بلاغ.",إستقبال بلاغ تجاري,وزارة التجارة,المستهلك · الغش التجاري · بلاغ تجاري,https://mc.gov.sa/ar/eservices/Pages/ServiceDetails.aspx?sID=55
mc-55::ar::service_facts,mc-55,ar,service_facts,"الرسوم: مجانية
مدة التنفيذ: 7 أيام عمل
الفئة المستفيدة: المستهلك
لغة الخدمة: العربية والانجليزية","إستقبال بلاغ تجاري. وزارة التجارة. المستهلك · الغش التجاري · بلاغ تجاري. الرسوم وتفاصيل الخدمة: الرسوم: مجانية
مدة التنفيذ: 7 أيام عمل
الفئة المستفيدة: المستهلك
لغة الخدمة: العربية والانجليزية",إستقبال بلاغ تجاري,وزارة التجارة,المستهلك · الغش التجاري · بلاغ تجاري,https://mc.gov.sa/ar/eservices/Pages/ServiceDetails.aspx?sID=55
mc-60::en::overview,mc-60,en,overview,"An electronic service provided by the Ministry of Commerce, which enables beneficiaries to acquire a license for manufacturing precious metals and gemstones activities electronically, eliminating the need to visit the Ministry branches.","Issuing Precious Metals and Gemstones Licenses. Ministry of Commerce. Merchant · Precious metals · Business sector. Overview: An electronic service provided by the Ministry of Commerce, which enables beneficiaries to acquire a license for manufacturing precious metals and gemstones activities electronically, eliminating the need to visit the Ministry branches.",Issuing Precious Metals and Gemstones Licenses,Ministry of Commerce,Merchant · Precious metals · Business sector,https://mc.gov.sa/en/eservices/Pages/ServiceDetails.aspx?sID=60
mc-60::en::requirements,mc-60,en,requirements,Conditions: - A trademark must be registered with the Intellectual Property Authority.,Issuing Precious Metals and Gemstones Licenses. Ministry of Commerce. Merchant · Precious metals · Business sector. Conditions: Conditions: - A trademark must be registered with the Intellectual Property Authority.,Issuing Precious Metals and Gemstones Licenses,Ministry of Commerce,Merchant · Precious metals · Business sector,https://mc.gov.sa/en/eservices/Pages/ServiceDetails.aspx?sID=60
mc-60::en::documents,mc-60,en,documents,"- Attach a copy of the owner's national ID
- Attach a copy of the lease contract or a copy of the title deed for the shop
- The one who approved a pledge not to practice the activity (sale - import - manufacturing) of precious metals and precious stones except after obtaining the approval of the competent municipality and the security authority","Issuing Precious Metals and Gemstones Licenses. Ministry of Commerce. Merchant · Precious metals · Business sector. Required documents: - Attach a copy of the owner's national ID
- Attach a copy of the lease contract or a copy of the title deed for the shop
- The one who approved a pledge not to practice the activity (sale - import - manufacturing) of precious metals and precious stones except after obtaining the approval of the competent municipality and the security authority",Issuing Precious Metals and Gemstones Licenses,Ministry of Commerce,Merchant · Precious metals · Business sector,https://mc.gov.sa/en/eservices/Pages/ServiceDetails.aspx?sID=60
mc-60::en::steps,mc-60,en,steps,"- Click on start the service.
- Login to the account (username and password or national access)
- Click on the (Procedures) icon, then (Request a new license)
- Fill in the applicant and establishment data fields.
- Click on the icon to send the request for processing by the competent auditor.
- In the case of the request when (approval of the request), it can be printed by clicking on the options (Print License)
- In the case of a request when (re-ordering to the customer), a response can be made by clicking on the options (order details).","Issuing Precious Metals and Gemstones Licenses. Ministry of Commerce. Merchant · Precious metals · Business sector. Steps: - Click on start the service.
- Login to the account (username and password or national access)
- Click on the (Procedures) icon, then (Request a new license)
- Fill in the applicant and establishment data fields.
- Click on the icon to send the request for processing by the competent auditor.
- In the case of the request when (approval of the request), it can be printed by clicking on the options (Print License)
- In the case of a request when (re-ordering to the customer), a response can be made by clicking on the options (order details).",Issuing Precious Metals and Gemstones Licenses,Ministry of Commerce,Merchant · Precious metals · Business sector,https://mc.gov.sa/en/eservices/Pages/ServiceDetails.aspx?sID=60
mc-60::en::service_facts,mc-60,en,service_facts,"Fees: Free
Processing time: 1 Working Day
Beneficiaries: Merchant
Service languages: Arabic","Issuing Precious Metals and Gemstones Licenses. Ministry of Commerce. Merchant · Precious metals · Business sector. Fees & service details: Fees: Free
Processing time: 1 Working Day
Beneficiaries: Merchant
Service languages: Arabic",Issuing Precious Metals and Gemstones Licenses,Ministry of Commerce,Merchant · Precious metals · Business sector,https://mc.gov.sa/en/eservices/Pages/ServiceDetails.aspx?sID=60
mc-60::ar::overview,mc-60,ar,overview,خدمة إلكترونية تقدمها وزارة التجارة، تتيح للمستفيدين من الحصول على ترخيص لمزاولة نشاط صناعة المعادن الثمينة والأحجار الكريمة، إلكترونيًا دون الحاجة إلى مراجعة فروع الوزارة.,إصدار تراخيص الأحجار الكريمة والمعادن الثمينة. وزارة التجارة. التاجر · المعادن الثمينة · قطاع الأعمال. نظرة عامة: خدمة إلكترونية تقدمها وزارة التجارة، تتيح للمستفيدين من الحصول على ترخيص لمزاولة نشاط صناعة المعادن الثمينة والأحجار الكريمة، إلكترونيًا دون الحاجة إلى مراجعة فروع الوزارة.,إصدار تراخيص الأحجار الكريمة والمعادن الثمينة,وزارة التجارة,التاجر · المعادن الثمينة · قطاع الأعمال,https://mc.gov.sa/ar/eservices/Pages/ServiceDetails.aspx?sID=60
mc-60::ar::requirements,mc-60,ar,requirements,الشروط: - يجب تسجيل علامة تجارية عن طريق هيئة الفكرية,إصدار تراخيص الأحجار الكريمة والمعادن الثمينة. وزارة التجارة. التاجر · المعادن الثمينة · قطاع الأعمال. الشروط: الشروط: - يجب تسجيل علامة تجارية عن طريق هيئة الفكرية,إصدار تراخيص الأحجار الكريمة والمعادن الثمينة,وزارة التجارة,التاجر · المعادن الثمينة · قطاع الأعمال,https://mc.gov.sa/ar/eservices/Pages/ServiceDetails.aspx?sID=60
mc-60::ar::documents,mc-60,ar,documents,"- ارفاق صورة من الهوية الوطنية للمالك
- ارفاق صورة من عقد الايجار او صورة صك الملكية للمحل
- الموفقة على تعهد عدم ممارسة نشاط ( بيع - استيراد - تصنيع ) المعادن الثمينه والاحجار الكريمة الا بعد الحصول على موافقة البلدية المختصة والجهة الأمنية","إصدار تراخيص الأحجار الكريمة والمعادن الثمينة. وزارة التجارة. التاجر · المعادن الثمينة · قطاع الأعمال. المستندات المطلوبة: - ارفاق صورة من الهوية الوطنية للمالك
- ارفاق صورة من عقد الايجار او صورة صك الملكية للمحل
- الموفقة على تعهد عدم ممارسة نشاط ( بيع - استيراد - تصنيع ) المعادن الثمينه والاحجار الكريمة الا بعد الحصول على موافقة البلدية المختصة والجهة الأمنية",إصدار تراخيص الأحجار الكريمة والمعادن الثمينة,وزارة التجارة,التاجر · المعادن الثمينة · قطاع الأعمال,https://mc.gov.sa/ar/eservices/Pages/ServiceDetails.aspx?sID=60
mc-60::ar::steps,mc-60,ar,steps,"- الضغط على ابدأ الخدمة.
- الدخول الى الحساب (اسم المستخدم و كلمة المرور أو النفاذ الوطني )
- الضغط على أيقونة (الاجراءات) من ثم ( طلب ترخيص جديد )
- تعبئة حقول بيانات مقدم الطلب و بيانات المنشأة .
- الضغط على ايقونة إرسال الطلب لمعالجته من قبل المدقق المختص.
- في حالة الطلب عند ( الموافقة على الطلب ) يمكن طباعته بالضغط على خيارات (طباعة الترخيص)
- في حالة الطلب عند ( إعادة الطلب للعميل ) يمكن الرد بالضغط على خيارات (تفاصيل الطلب)","إصدار تراخيص الأحجار الكريمة والمعادن الثمينة. وزارة التجارة. التاجر · المعادن الثمينة · قطاع الأعمال. الخطوات: - الضغط على ابدأ الخدمة.
- الدخول الى الحساب (اسم المستخدم و كلمة المرور أو النفاذ الوطني )
- الضغط على أيقونة (الاجراءات) من ثم ( طلب ترخيص جديد )
- تعبئة حقول بيانات مقدم الطلب و بيانات المنشأة .
- الضغط على ايقونة إرسال الطلب لمعالجته من قبل المدقق المختص.
- في حالة الطلب عند ( الموافقة على الطلب ) يمكن طباعته بالضغط على خيارات (طباعة الترخيص)
- في حالة الطلب عند ( إعادة الطلب للعميل ) يمكن الرد بالضغط على خيارات (تفاصيل الطلب)",إصدار تراخيص الأحجار الكريمة والمعادن الثمينة,وزارة التجارة,التاجر · المعادن الثمينة · قطاع الأعمال,https://mc.gov.sa/ar/eservices/Pages/ServiceDetails.aspx?sID=60
mc-60::ar::service_facts,mc-60,ar,service_facts,"الرسوم: مجانية
مدة التنفيذ: يوم عمل
الفئة المستفيدة: التاجر
لغة الخدمة: العربية","إصدار تراخيص الأحجار الكريمة والمعادن الثمينة. وزارة التجارة. التاجر · المعادن الثمينة · قطاع الأعمال. الرسوم وتفاصيل الخدمة: الرسوم: مجانية
مدة التنفيذ: يوم عمل
الفئة المستفيدة: التاجر
لغة الخدمة: العربية",إصدار تراخيص الأحجار الكريمة والمعادن الثمينة,وزارة التجارة,التاجر · المعادن الثمينة · قطاع الأعمال,https://mc.gov.sa/ar/eservices/Pages/ServiceDetails.aspx?sID=60
mc-61::en::overview,mc-61,en,overview,"An electronic service provided by the Ministry of Commerce through the Saudi Business Center platform that enables beneficiaries to identify the natural person who exercises actual and ultimate control over a company, with the aim of achieving transparency in economic and financial transactions, without the need to visit service centers.","Updating Beneficiary's Data for Commercial Registration. Ministry of Commerce. Merchant · Commercial Register · business sector. Overview: An electronic service provided by the Ministry of Commerce through the Saudi Business Center platform that enables beneficiaries to identify the natural person who exercises actual and ultimate control over a company, with the aim of achieving transparency in economic and financial transactions, without the need to visit service centers.",Updating Beneficiary's Data for Commercial Registration,Ministry of Commerce,Merchant · Commercial Register · business sector,https://mc.gov.sa/en/eservices/Pages/ServiceDetails.aspx?sID=61
mc-61::en::requirements,mc-61,en,requirements,"Conditions: - The age must not be less than 18 years.
- The company must not be in the process of liquidation according to the Bankruptcy Law.
- The applicant must be among the parties registered in the main commercial registration or their representative according to the form of the company's description.
- At least one beneficiary must be registered in the real beneficiary registration if no exemption is added.
- Note: The data of the individual retrieved from the National Information Center cannot be modified, but specific modifications to the beneficiary's data are allowed. The editable data includes: personal data, contact data, and address.","Updating Beneficiary's Data for Commercial Registration. Ministry of Commerce. Merchant · Commercial Register · business sector. Conditions: Conditions: - The age must not be less than 18 years.
- The company must not be in the process of liquidation according to the Bankruptcy Law.
- The applicant must be among the parties registered in the main commercial registration or their representative according to the form of the company's description.
- At least one beneficiary must be registered in the real beneficiary registration if no exemption is added.
- Note: The data of the individual retrieved from the National Information Center cannot be modified, but specific modifications to the beneficiary's data are allowed. The editable data includes: personal data, contact data, and address.",Updating Beneficiary's Data for Commercial Registration,Ministry of Commerce,Merchant · Commercial Register · business sector,https://mc.gov.sa/en/eservices/Pages/ServiceDetails.aspx?sID=61
mc-61::en::documents,mc-61,en,documents,- There is no,Updating Beneficiary's Data for Commercial Registration. Ministry of Commerce. Merchant · Commercial Register · business sector. Required documents: - There is no,Updating Beneficiary's Data for Commercial Registration,Ministry of Commerce,Merchant · Commercial Register · business sector,https://mc.gov.sa/en/eservices/Pages/ServiceDetails.aspx?sID=61
mc-61::en::steps,mc-61,en,steps,"- Enter the Saudi Business Center platform
- Log in using the website account or the national access","Updating Beneficiary's Data for Commercial Registration. Ministry of Commerce. Merchant · Commercial Register · business sector. Steps: - Enter the Saudi Business Center platform
- Log in using the website account or the national access",Updating Beneficiary's Data for Commercial Registration,Ministry of Commerce,Merchant · Commercial Register · business sector,https://mc.gov.sa/en/eservices/Pages/ServiceDetails.aspx?sID=61
mc-61::en::service_facts,mc-61,en,service_facts,"Fees: Free
Processing time: immediately
Beneficiaries: Merchant
Service languages: Arabic and English","Updating Beneficiary's Data for Commercial Registration. Ministry of Commerce. Merchant · Commercial Register · business sector. Fees & service details: Fees: Free
Processing time: immediately
Beneficiaries: Merchant
Service languages: Arabic and English",Updating Beneficiary's Data for Commercial Registration,Ministry of Commerce,Merchant · Commercial Register · business sector,https://mc.gov.sa/en/eservices/Pages/ServiceDetails.aspx?sID=61
mc-61::ar::overview,mc-61,ar,overview,خدمة إلكترونية تقدمها وزارة التجارة عبر منصة المركز السعودي للأعمال، تتيح للمستفيدين تحديد هوية الشخص الطبيعي الذي يمارس سيطرة فعلية ونهائية على الشركة، بهدف تحقيق الشفافية في المعاملات الاقتصادية والمالية، دون الحاجة إلى زيارة مراكز الخدمة.,تحديث بيانات المستفيد للسجل التجاري. وزارة التجارة. التاجر · السجل التجاري · قطاع الأعمال. نظرة عامة: خدمة إلكترونية تقدمها وزارة التجارة عبر منصة المركز السعودي للأعمال، تتيح للمستفيدين تحديد هوية الشخص الطبيعي الذي يمارس سيطرة فعلية ونهائية على الشركة، بهدف تحقيق الشفافية في المعاملات الاقتصادية والمالية، دون الحاجة إلى زيارة مراكز الخدمة.,تحديث بيانات المستفيد للسجل التجاري,وزارة التجارة,التاجر · السجل التجاري · قطاع الأعمال,https://mc.gov.sa/ar/eservices/Pages/ServiceDetails.aspx?sID=61
mc-61::ar::requirements,mc-61,ar,requirements,"الشروط: - ألا يقل العمر عن 18 سنة.
- ألا تكون الشركة في طور التصفية وفقًا لنظام الإفلاس.
- أن يكون مقدم الطلب من ضمن الأطراف المسجلين بالسجل التجاري الرئيسي أو من ينوب عنهم حسب شكل وصفة الشركة.
- وجود مستفيد واحد - على الأقل- مسجلًا بسجل المستفيد الحقيقي في حالة عدم إضافة إعفاء.
- ملاحظة: لا يمكن التعديل على بيانات الفرد المسترجعة من مركز المعلومات الوطني، ويُسمح بإجراء تعديلات محددة على بيانات المستفيد، تشمل البيانات القابلة للتعديل: البيانات الشخصية، بيانات الاتصال، العنوان.","تحديث بيانات المستفيد للسجل التجاري. وزارة التجارة. التاجر · السجل التجاري · قطاع الأعمال. الشروط: الشروط: - ألا يقل العمر عن 18 سنة.
- ألا تكون الشركة في طور التصفية وفقًا لنظام الإفلاس.
- أن يكون مقدم الطلب من ضمن الأطراف المسجلين بالسجل التجاري الرئيسي أو من ينوب عنهم حسب شكل وصفة الشركة.
- وجود مستفيد واحد - على الأقل- مسجلًا بسجل المستفيد الحقيقي في حالة عدم إضافة إعفاء.
- ملاحظة: لا يمكن التعديل على بيانات الفرد المسترجعة من مركز المعلومات الوطني، ويُسمح بإجراء تعديلات محددة على بيانات المستفيد، تشمل البيانات القابلة للتعديل: البيانات الشخصية، بيانات الاتصال، العنوان.",تحديث بيانات المستفيد للسجل التجاري,وزارة التجارة,التاجر · السجل التجاري · قطاع الأعمال,https://mc.gov.sa/ar/eservices/Pages/ServiceDetails.aspx?sID=61
mc-61::ar::documents,mc-61,ar,documents,- لا يوجد,تحديث بيانات المستفيد للسجل التجاري. وزارة التجارة. التاجر · السجل التجاري · قطاع الأعمال. المستندات المطلوبة: - لا يوجد,تحديث بيانات المستفيد للسجل التجاري,وزارة التجارة,التاجر · السجل التجاري · قطاع الأعمال,https://mc.gov.sa/ar/eservices/Pages/ServiceDetails.aspx?sID=61
mc-61::ar::steps,mc-61,ar,steps,"- الدخول إلى منصة المركز السعودي للأعمال
- تسجيل الدخول عن طريق حساب الموقع الإلكتروني أو النفاذ الوطني","تحديث بيانات المستفيد للسجل التجاري. وزارة التجارة. التاجر · السجل التجاري · قطاع الأعمال. الخطوات: - الدخول إلى منصة المركز السعودي للأعمال
- تسجيل الدخول عن طريق حساب الموقع الإلكتروني أو النفاذ الوطني",تحديث بيانات المستفيد للسجل التجاري,وزارة التجارة,التاجر · السجل التجاري · قطاع الأعمال,https://mc.gov.sa/ar/eservices/Pages/ServiceDetails.aspx?sID=61
mc-61::ar::service_facts,mc-61,ar,service_facts,"الرسوم: مجانية
مدة التنفيذ: فوري
الفئة المستفيدة: التاجر
لغة الخدمة: العربية والانجليزية","تحديث بيانات المستفيد للسجل التجاري. وزارة التجارة. التاجر · السجل التجاري · قطاع الأعمال. الرسوم وتفاصيل الخدمة: الرسوم: مجانية
مدة التنفيذ: فوري
الفئة المستفيدة: التاجر
لغة الخدمة: العربية والانجليزية",تحديث بيانات المستفيد للسجل التجاري,وزارة التجارة,التاجر · السجل التجاري · قطاع الأعمال,https://mc.gov.sa/ar/eservices/Pages/ServiceDetails.aspx?sID=61
mc-62::en::overview,mc-62,en,overview,"An electronic service provided by the Ministry of Commerce through the Saudi Business Center platform, which allows beneficiaries to lift the suspension of commercial register of a sole proprietorship, after the expiry of a period of (90) days from the date of the annual confirmation due, without the need to visit service centers.","unlock the suspension of the commercial register of a sole proprietorship. Ministry of Commerce. Merchant · Commercial Register · business sector. Overview: An electronic service provided by the Ministry of Commerce through the Saudi Business Center platform, which allows beneficiaries to lift the suspension of commercial register of a sole proprietorship, after the expiry of a period of (90) days from the date of the annual confirmation due, without the need to visit service centers.",unlock the suspension of the commercial register of a sole proprietorship,Ministry of Commerce,Merchant · Commercial Register · business sector,https://mc.gov.sa/en/eservices/Pages/ServiceDetails.aspx?sID=62
mc-62::en::requirements,mc-62,en,requirements,"Conditions: - The status of the commercial registration must be suspended.
- The applicant must be the owner of the establishment or electronically authorised on their behalf.
- The requirements of the commercial registration data amendment service must be fulfilled, in case of any amendments.","unlock the suspension of the commercial register of a sole proprietorship. Ministry of Commerce. Merchant · Commercial Register · business sector. Conditions: Conditions: - The status of the commercial registration must be suspended.
- The applicant must be the owner of the establishment or electronically authorised on their behalf.
- The requirements of the commercial registration data amendment service must be fulfilled, in case of any amendments.",unlock the suspension of the commercial register of a sole proprietorship,Ministry of Commerce,Merchant · Commercial Register · business sector,https://mc.gov.sa/en/eservices/Pages/ServiceDetails.aspx?sID=62
mc-62::en::documents,mc-62,en,documents,"- A valid license is required if the establishment is an association or an endowment.
- A valid investment license for the foreign establishment must be provided, with a duration of no less than 30 days.","unlock the suspension of the commercial register of a sole proprietorship. Ministry of Commerce. Merchant · Commercial Register · business sector. Required documents: - A valid license is required if the establishment is an association or an endowment.
- A valid investment license for the foreign establishment must be provided, with a duration of no less than 30 days.",unlock the suspension of the commercial register of a sole proprietorship,Ministry of Commerce,Merchant · Commercial Register · business sector,https://mc.gov.sa/en/eservices/Pages/ServiceDetails.aspx?sID=62
mc-62::en::steps,mc-62,en,steps,"- Access the platform: Through the National Unified Access or email via the Saudi Business Center platform.
- Select the service: From ""Electronic Services"" > ""Doing Business"" > ""Ministry of Commerce"" > ""Lift the Suspension of the Commercial Register of a Sole Proprietorship,"" then select the commercial register and click ""Continue.""
- Start the application: Review the data, click ""Continue,"" agree to the terms, and then click ""Apply for Service.""
- Update data: Add business activities. - Enter license data. - Amend capital and e-commerce data. - Amend trade name. - Amend national address and contact information. - Amend directors' data.
- Submit the application: Click ""Submit Application.""
- Pay and follow up: Pay the fees, review the application, and print the invoice. - After payment, the suspension of the registration will be successfully lifted.","unlock the suspension of the commercial register of a sole proprietorship. Ministry of Commerce. Merchant · Commercial Register · business sector. Steps: - Access the platform: Through the National Unified Access or email via the Saudi Business Center platform.
- Select the service: From ""Electronic Services"" > ""Doing Business"" > ""Ministry of Commerce"" > ""Lift the Suspension of the Commercial Register of a Sole Proprietorship,"" then select the commercial register and click ""Continue.""
- Start the application: Review the data, click ""Continue,"" agree to the terms, and then click ""Apply for Service.""
- Update data: Add business activities. - Enter license data. - Amend capital and e-commerce data. - Amend trade name. - Amend national address and contact information. - Amend directors' data.
- Submit the application: Click ""Submit Application.""
- Pay and follow up: Pay the fees, review the application, and print the invoice. - After payment, the suspension of the registration will be successfully lifted.",unlock the suspension of the commercial register of a sole proprietorship,Ministry of Commerce,Merchant · Commercial Register · business sector,https://mc.gov.sa/en/eservices/Pages/ServiceDetails.aspx?sID=62
mc-62::en::service_facts,mc-62,en,service_facts,"Fees: Free
Processing time: immediately
Beneficiaries: Merchant
Service languages: Arabic and English","unlock the suspension of the commercial register of a sole proprietorship. Ministry of Commerce. Merchant · Commercial Register · business sector. Fees & service details: Fees: Free
Processing time: immediately
Beneficiaries: Merchant
Service languages: Arabic and English",unlock the suspension of the commercial register of a sole proprietorship,Ministry of Commerce,Merchant · Commercial Register · business sector,https://mc.gov.sa/en/eservices/Pages/ServiceDetails.aspx?sID=62
mc-62::ar::overview,mc-62,ar,overview,خدمة إلكترونية تقدمها وزارة التجارة عبر منصة المركز السعودي للأعمال، تتيح للمستفيدين من رفع تعليق السجل التجاري لمؤسسة فردية، بعد انتهاء مهلة (90) يومًا من تاريخ استحقاق التأكيد السنوي، دون الحاجة إلى زيارة مراكز الخدمة.,رفع تعليق السجل التجاري لمؤسسة فردية. وزارة التجارة. التاجر · السجل التجاري · قطاع الأعمال. نظرة عامة: خدمة إلكترونية تقدمها وزارة التجارة عبر منصة المركز السعودي للأعمال، تتيح للمستفيدين من رفع تعليق السجل التجاري لمؤسسة فردية، بعد انتهاء مهلة (90) يومًا من تاريخ استحقاق التأكيد السنوي، دون الحاجة إلى زيارة مراكز الخدمة.,رفع تعليق السجل التجاري لمؤسسة فردية,وزارة التجارة,التاجر · السجل التجاري · قطاع الأعمال,https://mc.gov.sa/ar/eservices/Pages/ServiceDetails.aspx?sID=62
mc-62::ar::requirements,mc-62,ar,requirements,"الشروط: - أن تكون حالة السجل التجاري معلق.
- أن يكون مقدم الطلب مالكًا للمؤسسة أو مفوضًا عنه تفويضًا إلكترونيًا.
- استيفاء اشتراطات خدمة تعديل بيانات السجل التجاري في حال التعديل.","رفع تعليق السجل التجاري لمؤسسة فردية. وزارة التجارة. التاجر · السجل التجاري · قطاع الأعمال. الشروط: الشروط: - أن تكون حالة السجل التجاري معلق.
- أن يكون مقدم الطلب مالكًا للمؤسسة أو مفوضًا عنه تفويضًا إلكترونيًا.
- استيفاء اشتراطات خدمة تعديل بيانات السجل التجاري في حال التعديل.",رفع تعليق السجل التجاري لمؤسسة فردية,وزارة التجارة,التاجر · السجل التجاري · قطاع الأعمال,https://mc.gov.sa/ar/eservices/Pages/ServiceDetails.aspx?sID=62
mc-62::ar::documents,mc-62,ar,documents,"- وجود ترخيص ساري المفعول في حال كانت المؤسسة جمعية أو وقفًا.
- وجود ترخيص استثماري ساري المفعول للمؤسسة الأجنبية، بمدة لا تقل عن (30) يومًا.","رفع تعليق السجل التجاري لمؤسسة فردية. وزارة التجارة. التاجر · السجل التجاري · قطاع الأعمال. المستندات المطلوبة: - وجود ترخيص ساري المفعول في حال كانت المؤسسة جمعية أو وقفًا.
- وجود ترخيص استثماري ساري المفعول للمؤسسة الأجنبية، بمدة لا تقل عن (30) يومًا.",رفع تعليق السجل التجاري لمؤسسة فردية,وزارة التجارة,التاجر · السجل التجاري · قطاع الأعمال,https://mc.gov.sa/ar/eservices/Pages/ServiceDetails.aspx?sID=62
mc-62::ar::steps,mc-62,ar,steps,"- الدخول على المنصة: من خلال النفاذ الوطني الموحد أو البريد الإلكتروني عبر منصة المركز السعودي للأعمال.
- اختيار الخدمة: من ""الخدمات الإلكترونية"" > ""ممارسة الأعمال"" > ""وزارة التجارة"" > ""رفع تعليق السجل التجاري لمؤسسة فردية""، ثم تحديد السجل التجاري والضغط على ""استمرار"".
- بدء الطلب: مراجعة البيانات، ثم الضغط على ""استمرار""، والموافقة على الشروط، ثم الضغط على ""التقديم على الخدمة"".
- تحديث البيانات: إضافة الأنشطة التجارية. - إدخال بيانات الترخيص. - تعديل رأس المال وبيانات التجارة الإلكترونية. - تعديل الاسم التجاري. - تعديل العنوان الوطني وبيانات الاتصال. - تعديل بيانات المديرين.
- تقديم الطلب: الضغط على ""تقديم الطلب"".
- الدفع والمتابعة: دفع الرسوم، استعراض الطلب، وطباعة الفاتورة. - بعد الدفع، يتم رفع تعليق السجل بنجاح.","رفع تعليق السجل التجاري لمؤسسة فردية. وزارة التجارة. التاجر · السجل التجاري · قطاع الأعمال. الخطوات: - الدخول على المنصة: من خلال النفاذ الوطني الموحد أو البريد الإلكتروني عبر منصة المركز السعودي للأعمال.
- اختيار الخدمة: من ""الخدمات الإلكترونية"" > ""ممارسة الأعمال"" > ""وزارة التجارة"" > ""رفع تعليق السجل التجاري لمؤسسة فردية""، ثم تحديد السجل التجاري والضغط على ""استمرار"".
- بدء الطلب: مراجعة البيانات، ثم الضغط على ""استمرار""، والموافقة على الشروط، ثم الضغط على ""التقديم على الخدمة"".
- تحديث البيانات: إضافة الأنشطة التجارية. - إدخال بيانات الترخيص. - تعديل رأس المال وبيانات التجارة الإلكترونية. - تعديل الاسم التجاري. - تعديل العنوان الوطني وبيانات الاتصال. - تعديل بيانات المديرين.
- تقديم الطلب: الضغط على ""تقديم الطلب"".
- الدفع والمتابعة: دفع الرسوم، استعراض الطلب، وطباعة الفاتورة. - بعد الدفع، يتم رفع تعليق السجل بنجاح.",رفع تعليق السجل التجاري لمؤسسة فردية,وزارة التجارة,التاجر · السجل التجاري · قطاع الأعمال,https://mc.gov.sa/ar/eservices/Pages/ServiceDetails.aspx?sID=62
mc-62::ar::service_facts,mc-62,ar,service_facts,"الرسوم: مجانية
مدة التنفيذ: فوري
الفئة المستفيدة: التاجر
لغة الخدمة: العربية والانجليزية","رفع تعليق السجل التجاري لمؤسسة فردية. وزارة التجارة. التاجر · السجل التجاري · قطاع الأعمال. الرسوم وتفاصيل الخدمة: الرسوم: مجانية
مدة التنفيذ: فوري
الفئة المستفيدة: التاجر
لغة الخدمة: العربية والانجليزية",رفع تعليق السجل التجاري لمؤسسة فردية,وزارة التجارة,التاجر · السجل التجاري · قطاع الأعمال,https://mc.gov.sa/ar/eservices/Pages/ServiceDetails.aspx?sID=62
mc-63::en::overview,mc-63,en,overview,"An electronic service provided by the Ministry of Commerce, which allows beneficiaries to electronically obtain an import permit for non-hazardous chemical materials, eliminating the need to visit the Ministry branches.","Issuing import permit for non-hazardous chemicals. Ministry of Commerce. Merchant · laboratories · Business sector. Overview: An electronic service provided by the Ministry of Commerce, which allows beneficiaries to electronically obtain an import permit for non-hazardous chemical materials, eliminating the need to visit the Ministry branches.",Issuing import permit for non-hazardous chemicals,Ministry of Commerce,Merchant · laboratories · Business sector,https://mc.gov.sa/en/eservices/Pages/ServiceDetails.aspx?sID=63
mc-63::en::requirements,mc-63,en,requirements,Conditions: - Updating the commercial register in the new system of CR,Issuing import permit for non-hazardous chemicals. Ministry of Commerce. Merchant · laboratories · Business sector. Conditions: Conditions: - Updating the commercial register in the new system of CR,Issuing import permit for non-hazardous chemicals,Ministry of Commerce,Merchant · laboratories · Business sector,https://mc.gov.sa/en/eservices/Pages/ServiceDetails.aspx?sID=63
mc-63::en::documents,mc-63,en,documents,"- A warehouse license issued by the Civil Defense
- The warehouse keeper is a Saudi national and a specialized chemist
- Attach the technical safety bulletin of the material","Issuing import permit for non-hazardous chemicals. Ministry of Commerce. Merchant · laboratories · Business sector. Required documents: - A warehouse license issued by the Civil Defense
- The warehouse keeper is a Saudi national and a specialized chemist
- Attach the technical safety bulletin of the material",Issuing import permit for non-hazardous chemicals,Ministry of Commerce,Merchant · laboratories · Business sector,https://mc.gov.sa/en/eservices/Pages/ServiceDetails.aspx?sID=63
mc-63::en::steps,mc-63,en,steps,"- Click on Start Service.
- Log in to the system using your username and password or log in with your national access account
- Submit a request to issue an import permit for non-hazardous chemicals via the Fasah platform.
- Fill out the electronic form for the request and then click on the “Send Request” icon to be reviewed and approved by the employee electronically to the General Authority of Customs.","Issuing import permit for non-hazardous chemicals. Ministry of Commerce. Merchant · laboratories · Business sector. Steps: - Click on Start Service.
- Log in to the system using your username and password or log in with your national access account
- Submit a request to issue an import permit for non-hazardous chemicals via the Fasah platform.
- Fill out the electronic form for the request and then click on the “Send Request” icon to be reviewed and approved by the employee electronically to the General Authority of Customs.",Issuing import permit for non-hazardous chemicals,Ministry of Commerce,Merchant · laboratories · Business sector,https://mc.gov.sa/en/eservices/Pages/ServiceDetails.aspx?sID=63
mc-63::en::service_facts,mc-63,en,service_facts,"Fees: Free
Processing time: 5 days
Beneficiaries: Merchant
Service languages: Arabic and English","Issuing import permit for non-hazardous chemicals. Ministry of Commerce. Merchant · laboratories · Business sector. Fees & service details: Fees: Free
Processing time: 5 days
Beneficiaries: Merchant
Service languages: Arabic and English",Issuing import permit for non-hazardous chemicals,Ministry of Commerce,Merchant · laboratories · Business sector,https://mc.gov.sa/en/eservices/Pages/ServiceDetails.aspx?sID=63
mc-63::ar::overview,mc-63,ar,overview,خدمة إلكترونية تقدمها وزارة التجارة، تتيح للمستفيدين من الحصول على إذن استيراد للمواد الكيميائية الغير خطرة، إلكترونيًا دون الحاجة إلى مراجعة فروع الوزارة.,إصدار إذن استيراد للمواد الكيميائية الغير خطرة. وزارة التجارة. التاجر · المختبرات · قطاع الأعمال. نظرة عامة: خدمة إلكترونية تقدمها وزارة التجارة، تتيح للمستفيدين من الحصول على إذن استيراد للمواد الكيميائية الغير خطرة، إلكترونيًا دون الحاجة إلى مراجعة فروع الوزارة.,إصدار إذن استيراد للمواد الكيميائية الغير خطرة,وزارة التجارة,التاجر · المختبرات · قطاع الأعمال,https://mc.gov.sa/ar/eservices/Pages/ServiceDetails.aspx?sID=63
mc-63::ar::requirements,mc-63,ar,requirements,الشروط: - تحديث السجل التجاري في النظام الجديد للسجلات,إصدار إذن استيراد للمواد الكيميائية الغير خطرة. وزارة التجارة. التاجر · المختبرات · قطاع الأعمال. الشروط: الشروط: - تحديث السجل التجاري في النظام الجديد للسجلات,إصدار إذن استيراد للمواد الكيميائية الغير خطرة,وزارة التجارة,التاجر · المختبرات · قطاع الأعمال,https://mc.gov.sa/ar/eservices/Pages/ServiceDetails.aspx?sID=63
mc-63::ar::documents,mc-63,ar,documents,"- ترخيص مستودع صادر من الدفاع المدني
- تعهد امين المستودع سعودي الجنسية وكيميائي التخصص
- ارفاق نشرة السلامة الفنية للمادة","إصدار إذن استيراد للمواد الكيميائية الغير خطرة. وزارة التجارة. التاجر · المختبرات · قطاع الأعمال. المستندات المطلوبة: - ترخيص مستودع صادر من الدفاع المدني
- تعهد امين المستودع سعودي الجنسية وكيميائي التخصص
- ارفاق نشرة السلامة الفنية للمادة",إصدار إذن استيراد للمواد الكيميائية الغير خطرة,وزارة التجارة,التاجر · المختبرات · قطاع الأعمال,https://mc.gov.sa/ar/eservices/Pages/ServiceDetails.aspx?sID=63
mc-63::ar::steps,mc-63,ar,steps,"- الضغط على إبدأ الخدمة.
- تسجيل الدخول على النظام عبر اسم المسخدم وكلمة المرور او الدخول بحساب النفاذ الوطني
- تقديم طلب إصدار إذن استيراد للمواد الكيميائية الغير الخطرة عبر منصة فسح.
- تعبئة النموذج الإلكتروني للطلب ومن ثم الضغط على أيقونة """"إرسال الطلب"""" ليتم التدقيق وإرسال الموافقة عليه من قبل الموظف إلكترونيًا إلى الهيئة العامة للجمارك.","إصدار إذن استيراد للمواد الكيميائية الغير خطرة. وزارة التجارة. التاجر · المختبرات · قطاع الأعمال. الخطوات: - الضغط على إبدأ الخدمة.
- تسجيل الدخول على النظام عبر اسم المسخدم وكلمة المرور او الدخول بحساب النفاذ الوطني
- تقديم طلب إصدار إذن استيراد للمواد الكيميائية الغير الخطرة عبر منصة فسح.
- تعبئة النموذج الإلكتروني للطلب ومن ثم الضغط على أيقونة """"إرسال الطلب"""" ليتم التدقيق وإرسال الموافقة عليه من قبل الموظف إلكترونيًا إلى الهيئة العامة للجمارك.",إصدار إذن استيراد للمواد الكيميائية الغير خطرة,وزارة التجارة,التاجر · المختبرات · قطاع الأعمال,https://mc.gov.sa/ar/eservices/Pages/ServiceDetails.aspx?sID=63
mc-63::ar::service_facts,mc-63,ar,service_facts,"الرسوم: مجانية
مدة التنفيذ: 5 أيام
الفئة المستفيدة: التاجر
لغة الخدمة: العربية والانجليزية","إصدار إذن استيراد للمواد الكيميائية الغير خطرة. وزارة التجارة. التاجر · المختبرات · قطاع الأعمال. الرسوم وتفاصيل الخدمة: الرسوم: مجانية
مدة التنفيذ: 5 أيام
الفئة المستفيدة: التاجر
لغة الخدمة: العربية والانجليزية",إصدار إذن استيراد للمواد الكيميائية الغير خطرة,وزارة التجارة,التاجر · المختبرات · قطاع الأعمال,https://mc.gov.sa/ar/eservices/Pages/ServiceDetails.aspx?sID=63
mc-65::en::overview,mc-65,en,overview,"An electronic service provided by the Ministry of Commerce that allows beneficiaries to search the database of those licensed to practice consulting professions and view information about the licensee, such as: license type, name of professional office, name of licensee, qualifications, license number, city, region, etc. This helps facilitate access to licensee data electronically without the need to visit the Ministry's branches.","Searching the Database for those Licensed to Practice Consulting Professions. Ministry of Commerce. Consulting professions. Overview: An electronic service provided by the Ministry of Commerce that allows beneficiaries to search the database of those licensed to practice consulting professions and view information about the licensee, such as: license type, name of professional office, name of licensee, qualifications, license number, city, region, etc. This helps facilitate access to licensee data electronically without the need to visit the Ministry's branches.",Searching the Database for those Licensed to Practice Consulting Professions,Ministry of Commerce,Consulting professions,https://mc.gov.sa/en/eservices/Pages/ServiceDetails.aspx?sID=65
mc-65::en::requirements,mc-65,en,requirements,Conditions: - There is no,Searching the Database for those Licensed to Practice Consulting Professions. Ministry of Commerce. Consulting professions. Conditions: Conditions: - There is no,Searching the Database for those Licensed to Practice Consulting Professions,Ministry of Commerce,Consulting professions,https://mc.gov.sa/en/eservices/Pages/ServiceDetails.aspx?sID=65
mc-65::en::documents,mc-65,en,documents,- There is no,Searching the Database for those Licensed to Practice Consulting Professions. Ministry of Commerce. Consulting professions. Required documents: - There is no,Searching the Database for those Licensed to Practice Consulting Professions,Ministry of Commerce,Consulting professions,https://mc.gov.sa/en/eservices/Pages/ServiceDetails.aspx?sID=65
mc-65::en::steps,mc-65,en,steps,"- Log on to the Ministry of Commerce website
- Electronic Services
- Select the search service in the database of licensees for consulting professions
- Click on Start Service.
- Fill in the required fields and click on the “Search” icon
- Results appear according to the entered search criteria","Searching the Database for those Licensed to Practice Consulting Professions. Ministry of Commerce. Consulting professions. Steps: - Log on to the Ministry of Commerce website
- Electronic Services
- Select the search service in the database of licensees for consulting professions
- Click on Start Service.
- Fill in the required fields and click on the “Search” icon
- Results appear according to the entered search criteria",Searching the Database for those Licensed to Practice Consulting Professions,Ministry of Commerce,Consulting professions,https://mc.gov.sa/en/eservices/Pages/ServiceDetails.aspx?sID=65
mc-65::en::service_facts,mc-65,en,service_facts,"Fees: free
Processing time: immediately
Beneficiaries: Consumer
Merchant
Service languages: Arabic","Searching the Database for those Licensed to Practice Consulting Professions. Ministry of Commerce. Consulting professions. Fees & service details: Fees: free
Processing time: immediately
Beneficiaries: Consumer
Merchant
Service languages: Arabic",Searching the Database for those Licensed to Practice Consulting Professions,Ministry of Commerce,Consulting professions,https://mc.gov.sa/en/eservices/Pages/ServiceDetails.aspx?sID=65
mc-65::ar::overview,mc-65,ar,overview,خدمة إلكترونية تقدمها وزارة التجارة، تتيح للمستفيدين البحث في قاعدة بيانات المرخصين لمزاولة المهن الاستشارية، واستعراض معلومات المرخص مثل: نوع الترخيص، اسم المكتب المهني، اسم المرخص، مؤهلاته، رقم الترخيص، المدينة، المنطقة،... مما يساعد في تسهيل الحصول على بيانات المرخصين إلكترونيًا دون الحاجة إلى مراجعة فروع الوزارة.,بحث في قاعدة معلومات المرخصين للمهن الاستشارية. وزارة التجارة. المهن الإستشارية. نظرة عامة: خدمة إلكترونية تقدمها وزارة التجارة، تتيح للمستفيدين البحث في قاعدة بيانات المرخصين لمزاولة المهن الاستشارية، واستعراض معلومات المرخص مثل: نوع الترخيص، اسم المكتب المهني، اسم المرخص، مؤهلاته، رقم الترخيص، المدينة، المنطقة،... مما يساعد في تسهيل الحصول على بيانات المرخصين إلكترونيًا دون الحاجة إلى مراجعة فروع الوزارة.,بحث في قاعدة معلومات المرخصين للمهن الاستشارية,وزارة التجارة,المهن الإستشارية,https://mc.gov.sa/ar/eservices/Pages/ServiceDetails.aspx?sID=65
mc-65::ar::requirements,mc-65,ar,requirements,الشروط: - لا يوجد,بحث في قاعدة معلومات المرخصين للمهن الاستشارية. وزارة التجارة. المهن الإستشارية. الشروط: الشروط: - لا يوجد,بحث في قاعدة معلومات المرخصين للمهن الاستشارية,وزارة التجارة,المهن الإستشارية,https://mc.gov.sa/ar/eservices/Pages/ServiceDetails.aspx?sID=65
mc-65::ar::documents,mc-65,ar,documents,- لا يوجد,بحث في قاعدة معلومات المرخصين للمهن الاستشارية. وزارة التجارة. المهن الإستشارية. المستندات المطلوبة: - لا يوجد,بحث في قاعدة معلومات المرخصين للمهن الاستشارية,وزارة التجارة,المهن الإستشارية,https://mc.gov.sa/ar/eservices/Pages/ServiceDetails.aspx?sID=65
mc-65::ar::steps,mc-65,ar,steps,"- الدخول على موقع وزارة التجارة الإلكتروني
- الخدمات الإلكترونية
- اختيار خدمة البحث في قاعدة معلومات المرخصين للمهن الاستشارية
- الضغط على إبدا الخدمة.
- تعبئة الحقول المطلوبة والضغط على أيقونة """"بحث""""
- ظهور النتائج وفقًا لمعايير البحث المدخلة","بحث في قاعدة معلومات المرخصين للمهن الاستشارية. وزارة التجارة. المهن الإستشارية. الخطوات: - الدخول على موقع وزارة التجارة الإلكتروني
- الخدمات الإلكترونية
- اختيار خدمة البحث في قاعدة معلومات المرخصين للمهن الاستشارية
- الضغط على إبدا الخدمة.
- تعبئة الحقول المطلوبة والضغط على أيقونة """"بحث""""
- ظهور النتائج وفقًا لمعايير البحث المدخلة",بحث في قاعدة معلومات المرخصين للمهن الاستشارية,وزارة التجارة,المهن الإستشارية,https://mc.gov.sa/ar/eservices/Pages/ServiceDetails.aspx?sID=65
mc-65::ar::service_facts,mc-65,ar,service_facts,"الرسوم: مجانية
مدة التنفيذ: فوري
الفئة المستفيدة: المستهلك
التاجر
لغة الخدمة: العربية","بحث في قاعدة معلومات المرخصين للمهن الاستشارية. وزارة التجارة. المهن الإستشارية. الرسوم وتفاصيل الخدمة: الرسوم: مجانية
مدة التنفيذ: فوري
الفئة المستفيدة: المستهلك
التاجر
لغة الخدمة: العربية",بحث في قاعدة معلومات المرخصين للمهن الاستشارية,وزارة التجارة,المهن الإستشارية,https://mc.gov.sa/ar/eservices/Pages/ServiceDetails.aspx?sID=65
mc-66::en::overview,mc-66,en,overview,"An electronic service by the Ministry of Commerce, which enables beneficiaries of this service, joint-stock or simplified joint-stock companies, to add, modify, and update the shareholders’ register, electronically, in order to preserve their rights, without the need to visit the Ministry branches.","Updating Shareholders Register. Ministry of Commerce. Merchant · companies · business sector. Overview: An electronic service by the Ministry of Commerce, which enables beneficiaries of this service, joint-stock or simplified joint-stock companies, to add, modify, and update the shareholders’ register, electronically, in order to preserve their rights, without the need to visit the Ministry branches.",Updating Shareholders Register,Ministry of Commerce,Merchant · companies · business sector,https://mc.gov.sa/en/eservices/Pages/ServiceDetails.aspx?sID=66
mc-66::en::requirements,mc-66,en,requirements,Conditions: - There is no,Updating Shareholders Register. Ministry of Commerce. Merchant · companies · business sector. Conditions: Conditions: - There is no,Updating Shareholders Register,Ministry of Commerce,Merchant · companies · business sector,https://mc.gov.sa/en/eservices/Pages/ServiceDetails.aspx?sID=66
mc-66::en::documents,mc-66,en,documents,- Attach the current shareholder register.,Updating Shareholders Register. Ministry of Commerce. Merchant · companies · business sector. Required documents: - Attach the current shareholder register.,Updating Shareholders Register,Ministry of Commerce,Merchant · companies · business sector,https://mc.gov.sa/en/eservices/Pages/ServiceDetails.aspx?sID=66
mc-66::en::steps,mc-66,en,steps,"- Click on start service.
- Click on “Shareholders’ Register ”
- Choose ""My Stock"", then you can print ""Shareholder Data"", or contact the company in case the shares are not displayed, so that the register could be updated and the shares could be confirmed.
- Select ""Applications"", so that to follow up on previous applications awaiting the approval before updating the service. Attendance is no longer needed.
- Select ""Registers Awaiting Approval"". These are registers whose data have been provided by the Ministry, and which need updating or approval by the company.
- Enter the Commercial Registration number, and click on ""Tahakkouk"" (Verify), so that to start updating the company's shareholder register.","Updating Shareholders Register. Ministry of Commerce. Merchant · companies · business sector. Steps: - Click on start service.
- Click on “Shareholders’ Register ”
- Choose ""My Stock"", then you can print ""Shareholder Data"", or contact the company in case the shares are not displayed, so that the register could be updated and the shares could be confirmed.
- Select ""Applications"", so that to follow up on previous applications awaiting the approval before updating the service. Attendance is no longer needed.
- Select ""Registers Awaiting Approval"". These are registers whose data have been provided by the Ministry, and which need updating or approval by the company.
- Enter the Commercial Registration number, and click on ""Tahakkouk"" (Verify), so that to start updating the company's shareholder register.",Updating Shareholders Register,Ministry of Commerce,Merchant · companies · business sector,https://mc.gov.sa/en/eservices/Pages/ServiceDetails.aspx?sID=66
mc-66::en::service_facts,mc-66,en,service_facts,"Fees: free
Processing time: immediately
Beneficiaries: Merchant
Service languages: Arabic","Updating Shareholders Register. Ministry of Commerce. Merchant · companies · business sector. Fees & service details: Fees: free
Processing time: immediately
Beneficiaries: Merchant
Service languages: Arabic",Updating Shareholders Register,Ministry of Commerce,Merchant · companies · business sector,https://mc.gov.sa/en/eservices/Pages/ServiceDetails.aspx?sID=66
mc-66::ar::overview,mc-66,ar,overview,خدمة إلكترونية تقدمها وزارة التجارة، تتيح للمستفيدين هذه الخدمة الشركات المساهمة أو المساهمة المبسطة من إضافة وتعديل وتحديث سجل المساهمين وذلك لحفظ حقوقهم، إلكترونيًا دون الحاجة إلى مراجعة فروع الوزارة.,تحديث سجل المساهمين. وزارة التجارة. التاجر · الشركات · قطاع الأعمال. نظرة عامة: خدمة إلكترونية تقدمها وزارة التجارة، تتيح للمستفيدين هذه الخدمة الشركات المساهمة أو المساهمة المبسطة من إضافة وتعديل وتحديث سجل المساهمين وذلك لحفظ حقوقهم، إلكترونيًا دون الحاجة إلى مراجعة فروع الوزارة.,تحديث سجل المساهمين,وزارة التجارة,التاجر · الشركات · قطاع الأعمال,https://mc.gov.sa/ar/eservices/Pages/ServiceDetails.aspx?sID=66
mc-66::ar::requirements,mc-66,ar,requirements,الشروط: - لا يوجد,تحديث سجل المساهمين. وزارة التجارة. التاجر · الشركات · قطاع الأعمال. الشروط: الشروط: - لا يوجد,تحديث سجل المساهمين,وزارة التجارة,التاجر · الشركات · قطاع الأعمال,https://mc.gov.sa/ar/eservices/Pages/ServiceDetails.aspx?sID=66
mc-66::ar::documents,mc-66,ar,documents,- إرفاق سجل المساهمين الحالي.,تحديث سجل المساهمين. وزارة التجارة. التاجر · الشركات · قطاع الأعمال. المستندات المطلوبة: - إرفاق سجل المساهمين الحالي.,تحديث سجل المساهمين,وزارة التجارة,التاجر · الشركات · قطاع الأعمال,https://mc.gov.sa/ar/eservices/Pages/ServiceDetails.aspx?sID=66
mc-66::ar::steps,mc-66,ar,steps,"- الضغط على إبدأ الخدمة.
- الضغط إلى أيقونة """"سجل المساهمين""""
- أختيار اسهمي مع امكانية طباعة بيانات مساهم أو مراجعة الشركة في حال عدم ظهور الاسهم وذلك لتحديث السجل وإثبات الاسهم.
- أختيار الطلبات (وذلك لمتابعة طلبات سابقة تنتظر الموافقة قبل تحديث الخدمة والغاء خطوة المراجعة).
- أختيار سجلات بأنتظار الاعتماد وهي سجلات تم توفير بياناتها من الوزارة وتحتاج تحديث أو اعتماد من قبل الشركة.
- إدخال رقم السجل التجاري و الضغط على أيقونة """" تحقق"""" وذلك للبدء بتحديث سجل مساهمين للشركة.","تحديث سجل المساهمين. وزارة التجارة. التاجر · الشركات · قطاع الأعمال. الخطوات: - الضغط على إبدأ الخدمة.
- الضغط إلى أيقونة """"سجل المساهمين""""
- أختيار اسهمي مع امكانية طباعة بيانات مساهم أو مراجعة الشركة في حال عدم ظهور الاسهم وذلك لتحديث السجل وإثبات الاسهم.
- أختيار الطلبات (وذلك لمتابعة طلبات سابقة تنتظر الموافقة قبل تحديث الخدمة والغاء خطوة المراجعة).
- أختيار سجلات بأنتظار الاعتماد وهي سجلات تم توفير بياناتها من الوزارة وتحتاج تحديث أو اعتماد من قبل الشركة.
- إدخال رقم السجل التجاري و الضغط على أيقونة """" تحقق"""" وذلك للبدء بتحديث سجل مساهمين للشركة.",تحديث سجل المساهمين,وزارة التجارة,التاجر · الشركات · قطاع الأعمال,https://mc.gov.sa/ar/eservices/Pages/ServiceDetails.aspx?sID=66
mc-66::ar::service_facts,mc-66,ar,service_facts,"الرسوم: مجانية
مدة التنفيذ: فوري
الفئة المستفيدة: التاجر
لغة الخدمة: العربية","تحديث سجل المساهمين. وزارة التجارة. التاجر · الشركات · قطاع الأعمال. الرسوم وتفاصيل الخدمة: الرسوم: مجانية
مدة التنفيذ: فوري
الفئة المستفيدة: التاجر
لغة الخدمة: العربية",تحديث سجل المساهمين,وزارة التجارة,التاجر · الشركات · قطاع الأعمال,https://mc.gov.sa/ar/eservices/Pages/ServiceDetails.aspx?sID=66
mc-67::en::overview,mc-67,en,overview,"An electronic service provided by the Ministry of Commerce through the Saudi Business Center platform, which allows beneficiaries to lift the suspension of the company’s subsidiary commercial register after the expiry of a period of (90) days from the date of the annual confirmation due, without the need to visit service centers.","unlock the branch commercial registry suspension of company. Ministry of Commerce. Merchant · Commercial Register · Business sector. Overview: An electronic service provided by the Ministry of Commerce through the Saudi Business Center platform, which allows beneficiaries to lift the suspension of the company’s subsidiary commercial register after the expiry of a period of (90) days from the date of the annual confirmation due, without the need to visit service centers.",unlock the branch commercial registry suspension of company,Ministry of Commerce,Merchant · Commercial Register · Business sector,https://mc.gov.sa/en/eservices/Pages/ServiceDetails.aspx?sID=67
mc-67::en::requirements,mc-67,en,requirements,"Conditions: - The status of the commercial registration must be suspended.
- The requirements of the commercial registration data amendment service must be fulfilled, in case of any amendments.","unlock the branch commercial registry suspension of company. Ministry of Commerce. Merchant · Commercial Register · Business sector. Conditions: Conditions: - The status of the commercial registration must be suspended.
- The requirements of the commercial registration data amendment service must be fulfilled, in case of any amendments.",unlock the branch commercial registry suspension of company,Ministry of Commerce,Merchant · Commercial Register · Business sector,https://mc.gov.sa/en/eservices/Pages/ServiceDetails.aspx?sID=67
mc-67::en::documents,mc-67,en,documents,"- A valid investment license for the foreign company must be provided, with a duration of no less than 30 days.","unlock the branch commercial registry suspension of company. Ministry of Commerce. Merchant · Commercial Register · Business sector. Required documents: - A valid investment license for the foreign company must be provided, with a duration of no less than 30 days.",unlock the branch commercial registry suspension of company,Ministry of Commerce,Merchant · Commercial Register · Business sector,https://mc.gov.sa/en/eservices/Pages/ServiceDetails.aspx?sID=67
mc-67::en::steps,mc-67,en,steps,"- Access the platform: Via the National Unified Access through the Saudi Business Center platform.
- Select the service: From ""Doing Business"" > ""Ministry of Commerce"" > ""Removing the Suspension of the Sub-Commercial Register (Companies)"". - If you are authorized, select ""Login as an authorized person"" and then select the account.
- Start the service: Select the required register, read and agree to the terms and conditions, then click ""Submit Request"".
- Edit and update data: - Specify the reason for the amendment. - Enter court ruling details (if applicable). - Edit business activities. - Upload proof of license cancellation (if required). - Enter e-commerce data (optional). - Select the trade name. - Edit the business address. - Confirm contact information. - Update manager information (add/edit/delete). At least one manager must be added.
- Submit the request: Review the data, approve the declaration, and then click ""Submit Request"".","unlock the branch commercial registry suspension of company. Ministry of Commerce. Merchant · Commercial Register · Business sector. Steps: - Access the platform: Via the National Unified Access through the Saudi Business Center platform.
- Select the service: From ""Doing Business"" > ""Ministry of Commerce"" > ""Removing the Suspension of the Sub-Commercial Register (Companies)"". - If you are authorized, select ""Login as an authorized person"" and then select the account.
- Start the service: Select the required register, read and agree to the terms and conditions, then click ""Submit Request"".
- Edit and update data: - Specify the reason for the amendment. - Enter court ruling details (if applicable). - Edit business activities. - Upload proof of license cancellation (if required). - Enter e-commerce data (optional). - Select the trade name. - Edit the business address. - Confirm contact information. - Update manager information (add/edit/delete). At least one manager must be added.
- Submit the request: Review the data, approve the declaration, and then click ""Submit Request"".",unlock the branch commercial registry suspension of company,Ministry of Commerce,Merchant · Commercial Register · Business sector,https://mc.gov.sa/en/eservices/Pages/ServiceDetails.aspx?sID=67
mc-67::en::service_facts,mc-67,en,service_facts,"Fees: Free
Processing time: immediately
Beneficiaries: Merchant
Service languages: Arabic and English","unlock the branch commercial registry suspension of company. Ministry of Commerce. Merchant · Commercial Register · Business sector. Fees & service details: Fees: Free
Processing time: immediately
Beneficiaries: Merchant
Service languages: Arabic and English",unlock the branch commercial registry suspension of company,Ministry of Commerce,Merchant · Commercial Register · Business sector,https://mc.gov.sa/en/eservices/Pages/ServiceDetails.aspx?sID=67
mc-67::ar::overview,mc-67,ar,overview,خدمة إلكترونية تقدمها وزارة التجارة عبر منصة المركز السعودي للأعمال، تتيح للمستفيدين رفع تعليق السجل التجاري الفرعي للشركة بعد انتهاء مهلة (90) يومًا من تاريخ استحقاق التأكيد السنوي، دون الحاجة إلى زيارة مراكز الخدمة.,رفع تعليق السجل التجاري الفرعي لشركة. وزارة التجارة. التاجر · السجل التجاري · قطاع الأعمال. نظرة عامة: خدمة إلكترونية تقدمها وزارة التجارة عبر منصة المركز السعودي للأعمال، تتيح للمستفيدين رفع تعليق السجل التجاري الفرعي للشركة بعد انتهاء مهلة (90) يومًا من تاريخ استحقاق التأكيد السنوي، دون الحاجة إلى زيارة مراكز الخدمة.,رفع تعليق السجل التجاري الفرعي لشركة,وزارة التجارة,التاجر · السجل التجاري · قطاع الأعمال,https://mc.gov.sa/ar/eservices/Pages/ServiceDetails.aspx?sID=67
mc-67::ar::requirements,mc-67,ar,requirements,"الشروط: - أن تكون حالة السجل التجاري معلق.
- استيفاء اشتراطات خدمة تعديل بيانات السجل التجاري الفرعي لشركة في حال التعديل.","رفع تعليق السجل التجاري الفرعي لشركة. وزارة التجارة. التاجر · السجل التجاري · قطاع الأعمال. الشروط: الشروط: - أن تكون حالة السجل التجاري معلق.
- استيفاء اشتراطات خدمة تعديل بيانات السجل التجاري الفرعي لشركة في حال التعديل.",رفع تعليق السجل التجاري الفرعي لشركة,وزارة التجارة,التاجر · السجل التجاري · قطاع الأعمال,https://mc.gov.sa/ar/eservices/Pages/ServiceDetails.aspx?sID=67
mc-67::ar::documents,mc-67,ar,documents,- وجود ترخيص استثماري ساري المفعول للشركة الأجنبية، بمدة لا تقل عن (30) يومًا.,رفع تعليق السجل التجاري الفرعي لشركة. وزارة التجارة. التاجر · السجل التجاري · قطاع الأعمال. المستندات المطلوبة: - وجود ترخيص استثماري ساري المفعول للشركة الأجنبية، بمدة لا تقل عن (30) يومًا.,رفع تعليق السجل التجاري الفرعي لشركة,وزارة التجارة,التاجر · السجل التجاري · قطاع الأعمال,https://mc.gov.sa/ar/eservices/Pages/ServiceDetails.aspx?sID=67
mc-67::ar::steps,mc-67,ar,steps,"- الدخول على المنصة: عبر النفاذ الوطني الموحد من خلال منصة المركز السعودي للأعمال.
- اختيار الخدمة: من ""ممارسة الأعمال"" > ""وزارة التجارة"" > ""رفع تعليق السجل التجاري الفرعي (الشركات)"". - إذا كنت مفوضًا، اختر ""الدخول كمفوض"" ثم حدد الحساب.
- بدء الخدمة: اختيار السجل المطلوب، قراءة الشروط، والموافقة عليها، ثم الضغط على ""تقديم الطلب"".
- تعديل وتحديث البيانات: - تحديد سبب التعديل. - إدخال بيانات الحكم القضائي (إن وجد). - تعديل الأنشطة التجارية. - رفع ما يثبت إلغاء الترخيص (إن طُلب). - إدخال بيانات التجارة الإلكترونية (اختياري). - اختيار الاسم التجاري. - تعديل عنوان الأعمال. - تأكيد بيانات الاتصال. - تحديث بيانات المديرين (إضافة/تعديل/حذف)، ويجب إضافة مدير واحد على الأقل.
- تقديم الطلب: مراجعة البيانات، الموافقة على الإقرار، ثم الضغط على ""تقديم الطلب"".","رفع تعليق السجل التجاري الفرعي لشركة. وزارة التجارة. التاجر · السجل التجاري · قطاع الأعمال. الخطوات: - الدخول على المنصة: عبر النفاذ الوطني الموحد من خلال منصة المركز السعودي للأعمال.
- اختيار الخدمة: من ""ممارسة الأعمال"" > ""وزارة التجارة"" > ""رفع تعليق السجل التجاري الفرعي (الشركات)"". - إذا كنت مفوضًا، اختر ""الدخول كمفوض"" ثم حدد الحساب.
- بدء الخدمة: اختيار السجل المطلوب، قراءة الشروط، والموافقة عليها، ثم الضغط على ""تقديم الطلب"".
- تعديل وتحديث البيانات: - تحديد سبب التعديل. - إدخال بيانات الحكم القضائي (إن وجد). - تعديل الأنشطة التجارية. - رفع ما يثبت إلغاء الترخيص (إن طُلب). - إدخال بيانات التجارة الإلكترونية (اختياري). - اختيار الاسم التجاري. - تعديل عنوان الأعمال. - تأكيد بيانات الاتصال. - تحديث بيانات المديرين (إضافة/تعديل/حذف)، ويجب إضافة مدير واحد على الأقل.
- تقديم الطلب: مراجعة البيانات، الموافقة على الإقرار، ثم الضغط على ""تقديم الطلب"".",رفع تعليق السجل التجاري الفرعي لشركة,وزارة التجارة,التاجر · السجل التجاري · قطاع الأعمال,https://mc.gov.sa/ar/eservices/Pages/ServiceDetails.aspx?sID=67
mc-67::ar::service_facts,mc-67,ar,service_facts,"الرسوم: مجانية
مدة التنفيذ: فوري
الفئة المستفيدة: التاجر
لغة الخدمة: العربية والانجليزية","رفع تعليق السجل التجاري الفرعي لشركة. وزارة التجارة. التاجر · السجل التجاري · قطاع الأعمال. الرسوم وتفاصيل الخدمة: الرسوم: مجانية
مدة التنفيذ: فوري
الفئة المستفيدة: التاجر
لغة الخدمة: العربية والانجليزية",رفع تعليق السجل التجاري الفرعي لشركة,وزارة التجارة,التاجر · السجل التجاري · قطاع الأعمال,https://mc.gov.sa/ar/eservices/Pages/ServiceDetails.aspx?sID=67
mc-68::en::overview,mc-68,en,overview,"An electronic service provided by the Ministry of Commerce through the Saudi Business Center platform that allows beneficiaries to cancel commercial registration of a sole proprietorship upon completion of business activity, without the need to visit service centers.","deleting a commercial registry for an establishment. Ministry of Commerce. Merchant · Commercial Register · business sector. Overview: An electronic service provided by the Ministry of Commerce through the Saudi Business Center platform that allows beneficiaries to cancel commercial registration of a sole proprietorship upon completion of business activity, without the need to visit service centers.",deleting a commercial registry for an establishment,Ministry of Commerce,Merchant · Commercial Register · business sector,https://mc.gov.sa/en/eservices/Pages/ServiceDetails.aspx?sID=68
mc-68::en::requirements,mc-68,en,requirements,"Conditions: - The applicant must be the owner of the establishment or an electronically authorized representative.
- Submit a power of attorney from the association's board of directors, if the establishment is a cooperative or charitable association.","deleting a commercial registry for an establishment. Ministry of Commerce. Merchant · Commercial Register · business sector. Conditions: Conditions: - The applicant must be the owner of the establishment or an electronically authorized representative.
- Submit a power of attorney from the association's board of directors, if the establishment is a cooperative or charitable association.",deleting a commercial registry for an establishment,Ministry of Commerce,Merchant · Commercial Register · business sector,https://mc.gov.sa/en/eservices/Pages/ServiceDetails.aspx?sID=68
mc-68::en::documents,mc-68,en,documents,"- Submit a waqf deed and a legal power of attorney from the donor, the waqf supervisor, or the supervisory board, if the establishment is a waqf institution.
- Submit a deed of inventory of heirs, a guardianship deed if there are minors, and a legal power of attorney from all heirs stipulating the cancellation of the commercial register, if the owner is deceased.","deleting a commercial registry for an establishment. Ministry of Commerce. Merchant · Commercial Register · business sector. Required documents: - Submit a waqf deed and a legal power of attorney from the donor, the waqf supervisor, or the supervisory board, if the establishment is a waqf institution.
- Submit a deed of inventory of heirs, a guardianship deed if there are minors, and a legal power of attorney from all heirs stipulating the cancellation of the commercial register, if the owner is deceased.",deleting a commercial registry for an establishment,Ministry of Commerce,Merchant · Commercial Register · business sector,https://mc.gov.sa/en/eservices/Pages/ServiceDetails.aspx?sID=68
mc-68::en::steps,mc-68,en,steps,"- Access the platform: Through the National Unified Access or email via the Saudi Business Center platform.
- Select the service: From ""Electronic Services"" > ""Business Termination"" > ""Ministry of Commerce"" > ""Delete a Commercial Register for a Sole Proprietorship - New."" - Or from ""Commercial Registers"" > Select the Register > ""Register Procedures"" > ""Delete a Commercial Register for a Sole Proprietorship - New.""
- Start the application: Agree to the terms and conditions, then click ""Apply for Service.""
- Fill in the information: • Enter the commercial register details. • If the main register is being deleted, select an alternative register, if one exists. • Determine the status of retaining the trade name. • Upload proof of license cancellation, if applicable. • Complete the court judgment details if this was the reason for deletion.
- Submit the application: Enter the verification code and then click ""Submit Application.""
- Payment and Follow-up: Pay the fees, review the application, and print the invoice. - After payment, the register will be successfully deleted.","deleting a commercial registry for an establishment. Ministry of Commerce. Merchant · Commercial Register · business sector. Steps: - Access the platform: Through the National Unified Access or email via the Saudi Business Center platform.
- Select the service: From ""Electronic Services"" > ""Business Termination"" > ""Ministry of Commerce"" > ""Delete a Commercial Register for a Sole Proprietorship - New."" - Or from ""Commercial Registers"" > Select the Register > ""Register Procedures"" > ""Delete a Commercial Register for a Sole Proprietorship - New.""
- Start the application: Agree to the terms and conditions, then click ""Apply for Service.""
- Fill in the information: • Enter the commercial register details. • If the main register is being deleted, select an alternative register, if one exists. • Determine the status of retaining the trade name. • Upload proof of license cancellation, if applicable. • Complete the court judgment details if this was the reason for deletion.
- Submit the application: Enter the verification code and then click ""Submit Application.""
- Payment and Follow-up: Pay the fees, review the application, and print the invoice. - After payment, the register will be successfully deleted.",deleting a commercial registry for an establishment,Ministry of Commerce,Merchant · Commercial Register · business sector,https://mc.gov.sa/en/eservices/Pages/ServiceDetails.aspx?sID=68
mc-68::en::service_facts,mc-68,en,service_facts,"Fees: Free
Processing time: immediately
Beneficiaries: Merchant
Service languages: Arabic and English","deleting a commercial registry for an establishment. Ministry of Commerce. Merchant · Commercial Register · business sector. Fees & service details: Fees: Free
Processing time: immediately
Beneficiaries: Merchant
Service languages: Arabic and English",deleting a commercial registry for an establishment,Ministry of Commerce,Merchant · Commercial Register · business sector,https://mc.gov.sa/en/eservices/Pages/ServiceDetails.aspx?sID=68
mc-68::ar::overview,mc-68,ar,overview,خدمة إلكترونية تقدمها وزارة التجارة عبر منصة المركز السعودي للأعمال، تتيح للمستفيدين إلغاء السجل التجاري لمؤسسة فردية عند الانتهاء من ممارسة النشاط التجارية، دون الحاجة إلى زيارة مراكز الخدمة.,شطب سجل تجاري لمؤسسة فردية. وزارة التجارة. التاجر · السجل التجاري · قطاع الأعمال. نظرة عامة: خدمة إلكترونية تقدمها وزارة التجارة عبر منصة المركز السعودي للأعمال، تتيح للمستفيدين إلغاء السجل التجاري لمؤسسة فردية عند الانتهاء من ممارسة النشاط التجارية، دون الحاجة إلى زيارة مراكز الخدمة.,شطب سجل تجاري لمؤسسة فردية,وزارة التجارة,التاجر · السجل التجاري · قطاع الأعمال,https://mc.gov.sa/ar/eservices/Pages/ServiceDetails.aspx?sID=68
mc-68::ar::requirements,mc-68,ar,requirements,"الشروط: - أن يكون مقدم الطلب مالكًا للمؤسسة أو مفوضًا عنه تفويضًا إلكترونيًا.
- تقديم تفويض من مجلس الجمعية لمقدم الطلب، في حال كانت جمعية تعاونية أو خيرية.","شطب سجل تجاري لمؤسسة فردية. وزارة التجارة. التاجر · السجل التجاري · قطاع الأعمال. الشروط: الشروط: - أن يكون مقدم الطلب مالكًا للمؤسسة أو مفوضًا عنه تفويضًا إلكترونيًا.
- تقديم تفويض من مجلس الجمعية لمقدم الطلب، في حال كانت جمعية تعاونية أو خيرية.",شطب سجل تجاري لمؤسسة فردية,وزارة التجارة,التاجر · السجل التجاري · قطاع الأعمال,https://mc.gov.sa/ar/eservices/Pages/ServiceDetails.aspx?sID=68
mc-68::ar::documents,mc-68,ar,documents,"- تقديم صك الوقف ووكالة شرعية من الواقف أو ناظر الوقف أو مجلس النظارة، في حال كانت مؤسسة وقفية.
- تقديم صك حصر الورثة، وصك الولاية في حال وجود قُصّر، ووكالة شرعية من جميع الورثة تنص على شطب السجل التجاري، في حال كان المالك متوفى.","شطب سجل تجاري لمؤسسة فردية. وزارة التجارة. التاجر · السجل التجاري · قطاع الأعمال. المستندات المطلوبة: - تقديم صك الوقف ووكالة شرعية من الواقف أو ناظر الوقف أو مجلس النظارة، في حال كانت مؤسسة وقفية.
- تقديم صك حصر الورثة، وصك الولاية في حال وجود قُصّر، ووكالة شرعية من جميع الورثة تنص على شطب السجل التجاري، في حال كان المالك متوفى.",شطب سجل تجاري لمؤسسة فردية,وزارة التجارة,التاجر · السجل التجاري · قطاع الأعمال,https://mc.gov.sa/ar/eservices/Pages/ServiceDetails.aspx?sID=68
mc-68::ar::steps,mc-68,ar,steps,"- الدخول على المنصة: من خلال النفاذ الوطني الموحد أو البريد الإلكتروني عبر منصة المركز السعودي للأعمال.
- اختيار الخدمة: من ""الخدمات الإلكترونية"" > ""إنهاء الأعمال"" > ""وزارة التجارة"" > ""شطب سجل تجاري لمؤسسة فردية - جديد"". - أو من ""السجلات التجارية"" > تحديد السجل > ""إجراءات السجل"" > ""شطب سجل تجاري لمؤسسة فردية - جديد"".
- بدء الطلب: الموافقة على الشروط، ثم الضغط على ""التقديم على الخدمة"".
- تعبئة البيانات: • إدخال بيانات السجل التجاري. • في حال شطب سجل رئيسي، تحديد سجل بديل إذا وُجد. • تحديد حالة الاحتفاظ بالاسم التجاري. • رفع ما يثبت إلغاء الترخيص إن وُجد. • استكمال بيانات الحكم القضائي إذا كان سبب الشطب.
- تقديم الطلب: إدخال رمز التحقق ثم الضغط على ""تقديم الطلب"".
- الدفع والمتابعة: دفع الرسوم، استعراض الطلب، وطباعة الفاتورة. - بعد الدفع يتم شطب السجل بنجاح.","شطب سجل تجاري لمؤسسة فردية. وزارة التجارة. التاجر · السجل التجاري · قطاع الأعمال. الخطوات: - الدخول على المنصة: من خلال النفاذ الوطني الموحد أو البريد الإلكتروني عبر منصة المركز السعودي للأعمال.
- اختيار الخدمة: من ""الخدمات الإلكترونية"" > ""إنهاء الأعمال"" > ""وزارة التجارة"" > ""شطب سجل تجاري لمؤسسة فردية - جديد"". - أو من ""السجلات التجارية"" > تحديد السجل > ""إجراءات السجل"" > ""شطب سجل تجاري لمؤسسة فردية - جديد"".
- بدء الطلب: الموافقة على الشروط، ثم الضغط على ""التقديم على الخدمة"".
- تعبئة البيانات: • إدخال بيانات السجل التجاري. • في حال شطب سجل رئيسي، تحديد سجل بديل إذا وُجد. • تحديد حالة الاحتفاظ بالاسم التجاري. • رفع ما يثبت إلغاء الترخيص إن وُجد. • استكمال بيانات الحكم القضائي إذا كان سبب الشطب.
- تقديم الطلب: إدخال رمز التحقق ثم الضغط على ""تقديم الطلب"".
- الدفع والمتابعة: دفع الرسوم، استعراض الطلب، وطباعة الفاتورة. - بعد الدفع يتم شطب السجل بنجاح.",شطب سجل تجاري لمؤسسة فردية,وزارة التجارة,التاجر · السجل التجاري · قطاع الأعمال,https://mc.gov.sa/ar/eservices/Pages/ServiceDetails.aspx?sID=68
mc-68::ar::service_facts,mc-68,ar,service_facts,"الرسوم: مجانية
مدة التنفيذ: فوري
الفئة المستفيدة: التاجر
لغة الخدمة: العربية والانجليزية","شطب سجل تجاري لمؤسسة فردية. وزارة التجارة. التاجر · السجل التجاري · قطاع الأعمال. الرسوم وتفاصيل الخدمة: الرسوم: مجانية
مدة التنفيذ: فوري
الفئة المستفيدة: التاجر
لغة الخدمة: العربية والانجليزية",شطب سجل تجاري لمؤسسة فردية,وزارة التجارة,التاجر · السجل التجاري · قطاع الأعمال,https://mc.gov.sa/ar/eservices/Pages/ServiceDetails.aspx?sID=68
mc-70::en::overview,mc-70,en,overview,"An electronic service provided by the Ministry of Commerce through the Saudi Business Center platform, allowing beneficiaries to update the commercial registration data of a sole proprietorship without having to visit service centers.","Modify the commercial registry data for an establishment. Ministry of Commerce. Merchant · Commercial Register · business sector. Overview: An electronic service provided by the Ministry of Commerce through the Saudi Business Center platform, allowing beneficiaries to update the commercial registration data of a sole proprietorship without having to visit service centers.",Modify the commercial registry data for an establishment,Ministry of Commerce,Merchant · Commercial Register · business sector,https://mc.gov.sa/en/eservices/Pages/ServiceDetails.aspx?sID=70
mc-70::en::requirements,mc-70,en,requirements,"Conditions: - The commercial registration must be active.
- The branch manager must not be a government employee and must be at least 18 years old.
- A valid license is required in case of adding an activity that requires a pre-issuance license.
- A statement of cancellation of licenses must be provided in case of removing an activity that requires a pre-issuance license.
- A valid investment license for the foreign establishment must be provided, with a duration of no less than 90 days.","Modify the commercial registry data for an establishment. Ministry of Commerce. Merchant · Commercial Register · business sector. Conditions: Conditions: - The commercial registration must be active.
- The branch manager must not be a government employee and must be at least 18 years old.
- A valid license is required in case of adding an activity that requires a pre-issuance license.
- A statement of cancellation of licenses must be provided in case of removing an activity that requires a pre-issuance license.
- A valid investment license for the foreign establishment must be provided, with a duration of no less than 90 days.",Modify the commercial registry data for an establishment,Ministry of Commerce,Merchant · Commercial Register · business sector,https://mc.gov.sa/en/eservices/Pages/ServiceDetails.aspx?sID=70
mc-70::en::documents,mc-70,en,documents,"- The following must be verified if the entity is a cooperative or charitable association: A certificate of the association's registration with the Ministry of Human Resources and Social Development must be provided - The applicant must have a power of attorney or authorization from the association's board.
- The following must be verified if the entity is an endowment institution: Endowment deed is required - A legal power of attorney must be provided by the endower, the endowment administrator, or the board of trustees.","Modify the commercial registry data for an establishment. Ministry of Commerce. Merchant · Commercial Register · business sector. Required documents: - The following must be verified if the entity is a cooperative or charitable association: A certificate of the association's registration with the Ministry of Human Resources and Social Development must be provided - The applicant must have a power of attorney or authorization from the association's board.
- The following must be verified if the entity is an endowment institution: Endowment deed is required - A legal power of attorney must be provided by the endower, the endowment administrator, or the board of trustees.",Modify the commercial registry data for an establishment,Ministry of Commerce,Merchant · Commercial Register · business sector,https://mc.gov.sa/en/eservices/Pages/ServiceDetails.aspx?sID=70
mc-70::en::steps,mc-70,en,steps,"- Access the platform: Via the National Unified Access through the Saudi Business Center platform.
- Select the service: From ""Doing Business"" > ""Ministry of Commerce"" > ""Amend Commercial Register for Establishments."" Or from ""Registration Procedures"" > ""Amend Commercial Register"" if the user is authorized.
- Start the service: Select the required register, read and agree to the terms and conditions, then click ""Submit Application.""
- Edit data: Commercial activities and licenses (previous, professional, or revoked). - Capital. - E-commerce data. - Trade name (new, existing, reserved). - Approved business address. - Contact information and national address. - Manager information.
- Submit the application: Review the data, approve the declaration, then click ""Submit Application.""","Modify the commercial registry data for an establishment. Ministry of Commerce. Merchant · Commercial Register · business sector. Steps: - Access the platform: Via the National Unified Access through the Saudi Business Center platform.
- Select the service: From ""Doing Business"" > ""Ministry of Commerce"" > ""Amend Commercial Register for Establishments."" Or from ""Registration Procedures"" > ""Amend Commercial Register"" if the user is authorized.
- Start the service: Select the required register, read and agree to the terms and conditions, then click ""Submit Application.""
- Edit data: Commercial activities and licenses (previous, professional, or revoked). - Capital. - E-commerce data. - Trade name (new, existing, reserved). - Approved business address. - Contact information and national address. - Manager information.
- Submit the application: Review the data, approve the declaration, then click ""Submit Application.""",Modify the commercial registry data for an establishment,Ministry of Commerce,Merchant · Commercial Register · business sector,https://mc.gov.sa/en/eservices/Pages/ServiceDetails.aspx?sID=70
mc-70::en::service_facts,mc-70,en,service_facts,"Fees: 100
Processing time: immediately
Beneficiaries: Merchant
Service languages: Arabic and English","Modify the commercial registry data for an establishment. Ministry of Commerce. Merchant · Commercial Register · business sector. Fees & service details: Fees: 100
Processing time: immediately
Beneficiaries: Merchant
Service languages: Arabic and English",Modify the commercial registry data for an establishment,Ministry of Commerce,Merchant · Commercial Register · business sector,https://mc.gov.sa/en/eservices/Pages/ServiceDetails.aspx?sID=70
mc-70::ar::overview,mc-70,ar,overview,خدمة إلكترونية تقدمها وزارة التجارة عبر منصة المركز السعودي للأعمال، تتيح للمستفيدين التحديث على بيانات السجل التجاري لمؤسسة فردية، دون الحاجة إلى زيارة مراكز الخدمة.,تعديل بيانات السجل التجاري لمؤسسة فردية. وزارة التجارة. التاجر · السجل التجاري · قطاع الأعمال. نظرة عامة: خدمة إلكترونية تقدمها وزارة التجارة عبر منصة المركز السعودي للأعمال، تتيح للمستفيدين التحديث على بيانات السجل التجاري لمؤسسة فردية، دون الحاجة إلى زيارة مراكز الخدمة.,تعديل بيانات السجل التجاري لمؤسسة فردية,وزارة التجارة,التاجر · السجل التجاري · قطاع الأعمال,https://mc.gov.sa/ar/eservices/Pages/ServiceDetails.aspx?sID=70
mc-70::ar::requirements,mc-70,ar,requirements,"الشروط: - أن يكون السجل التجاري نشطًا.
- ألا يكون مدير الفرع موظفًا حكوميًا، وألا يقل عمره عن 18 سنة.
- وجود ترخيص ساري المفعول في حال إضافة نشاط يتطلب ترخيصًا قبل الإصدار .
- تقديم إفادة بإلغاء التراخيص في حال إزالة نشاط يتطلب ترخيصًا قبل الإصدار .
- وجود ترخيص استثماري ساري المفعول للمؤسسة الأجنبية، بمدة لا تقل عن (90) يومًا.","تعديل بيانات السجل التجاري لمؤسسة فردية. وزارة التجارة. التاجر · السجل التجاري · قطاع الأعمال. الشروط: الشروط: - أن يكون السجل التجاري نشطًا.
- ألا يكون مدير الفرع موظفًا حكوميًا، وألا يقل عمره عن 18 سنة.
- وجود ترخيص ساري المفعول في حال إضافة نشاط يتطلب ترخيصًا قبل الإصدار .
- تقديم إفادة بإلغاء التراخيص في حال إزالة نشاط يتطلب ترخيصًا قبل الإصدار .
- وجود ترخيص استثماري ساري المفعول للمؤسسة الأجنبية، بمدة لا تقل عن (90) يومًا.",تعديل بيانات السجل التجاري لمؤسسة فردية,وزارة التجارة,التاجر · السجل التجاري · قطاع الأعمال,https://mc.gov.sa/ar/eservices/Pages/ServiceDetails.aspx?sID=70
mc-70::ar::documents,mc-70,ar,documents,"- التحقق من الآتي في حال كانت المؤسسة جمعية تعاونية أو خيرية: - وجود شهادة تسجيل الجمعية لدى وزارة الموارد البشرية والتنمية الاجتماعية - وجود وكالة أو تفويض من مجلس الجمعية لمقدم الطلب.
- التحقق من الآتي في حال كانت مؤسسة وقفية: - وجود صك الوقف. وجود وكالة شرعية من الواقف أو ناظر الوقف أو مجلس النظارة.","تعديل بيانات السجل التجاري لمؤسسة فردية. وزارة التجارة. التاجر · السجل التجاري · قطاع الأعمال. المستندات المطلوبة: - التحقق من الآتي في حال كانت المؤسسة جمعية تعاونية أو خيرية: - وجود شهادة تسجيل الجمعية لدى وزارة الموارد البشرية والتنمية الاجتماعية - وجود وكالة أو تفويض من مجلس الجمعية لمقدم الطلب.
- التحقق من الآتي في حال كانت مؤسسة وقفية: - وجود صك الوقف. وجود وكالة شرعية من الواقف أو ناظر الوقف أو مجلس النظارة.",تعديل بيانات السجل التجاري لمؤسسة فردية,وزارة التجارة,التاجر · السجل التجاري · قطاع الأعمال,https://mc.gov.sa/ar/eservices/Pages/ServiceDetails.aspx?sID=70
mc-70::ar::steps,mc-70,ar,steps,"- الدخول على المنصة: عبر النفاذ الوطني الموحد من خلال منصة المركز السعودي للأعمال.
- اختيار الخدمة: من ""ممارسة الأعمال"" > ""وزارة التجارة"" > ""تعديل سجل تجاري للمؤسسات"". أو من ""إجراءات السجل"" > ""تعديل سجل تجاري"" إذا كان المستخدم مفوضًا.
- بدء الخدمة: اختيار السجل المطلوب، قراءة الشروط والموافقة عليها، ثم الضغط على ""تقديم الطلب"".
- تعديل البيانات: الأنشطة التجارية والتراخيص (المسبقة أو المهنية أو إلغاء الرخص). - رأس المال. - بيانات التجارة الإلكترونية. - الاسم التجاري (جديد، قائم، محجوز). - عنوان الأعمال المعتمد. - بيانات الاتصال والعنوان الوطني. - بيانات المديرين.
- تقديم الطلب: مراجعة البيانات، الموافقة على الإقرار، ثم الضغط على ""تقديم الطلب"".","تعديل بيانات السجل التجاري لمؤسسة فردية. وزارة التجارة. التاجر · السجل التجاري · قطاع الأعمال. الخطوات: - الدخول على المنصة: عبر النفاذ الوطني الموحد من خلال منصة المركز السعودي للأعمال.
- اختيار الخدمة: من ""ممارسة الأعمال"" > ""وزارة التجارة"" > ""تعديل سجل تجاري للمؤسسات"". أو من ""إجراءات السجل"" > ""تعديل سجل تجاري"" إذا كان المستخدم مفوضًا.
- بدء الخدمة: اختيار السجل المطلوب، قراءة الشروط والموافقة عليها، ثم الضغط على ""تقديم الطلب"".
- تعديل البيانات: الأنشطة التجارية والتراخيص (المسبقة أو المهنية أو إلغاء الرخص). - رأس المال. - بيانات التجارة الإلكترونية. - الاسم التجاري (جديد، قائم، محجوز). - عنوان الأعمال المعتمد. - بيانات الاتصال والعنوان الوطني. - بيانات المديرين.
- تقديم الطلب: مراجعة البيانات، الموافقة على الإقرار، ثم الضغط على ""تقديم الطلب"".",تعديل بيانات السجل التجاري لمؤسسة فردية,وزارة التجارة,التاجر · السجل التجاري · قطاع الأعمال,https://mc.gov.sa/ar/eservices/Pages/ServiceDetails.aspx?sID=70
mc-70::ar::service_facts,mc-70,ar,service_facts,"الرسوم: 100
مدة التنفيذ: فوري
الفئة المستفيدة: التاجر
لغة الخدمة: العربية والانجليزية","تعديل بيانات السجل التجاري لمؤسسة فردية. وزارة التجارة. التاجر · السجل التجاري · قطاع الأعمال. الرسوم وتفاصيل الخدمة: الرسوم: 100
مدة التنفيذ: فوري
الفئة المستفيدة: التاجر
لغة الخدمة: العربية والانجليزية",تعديل بيانات السجل التجاري لمؤسسة فردية,وزارة التجارة,التاجر · السجل التجاري · قطاع الأعمال,https://mc.gov.sa/ar/eservices/Pages/ServiceDetails.aspx?sID=70
mc-73::en::overview,mc-73,en,overview,"An electronic service provided by the Ministry of Commerce through the Saudi Business Center platform that allows beneficiaries to transfer a trade name registered in the commercial register to an establishment, acting independently of the store, without the need to visit service centers.","Assigning a trade name to a sole proprietorship. Ministry of Commerce. Merchant · Commercial Register · Business sector. Overview: An electronic service provided by the Ministry of Commerce through the Saudi Business Center platform that allows beneficiaries to transfer a trade name registered in the commercial register to an establishment, acting independently of the store, without the need to visit service centers.",Assigning a trade name to a sole proprietorship,Ministry of Commerce,Merchant · Commercial Register · Business sector,https://mc.gov.sa/en/eservices/Pages/ServiceDetails.aspx?sID=73
mc-73::en::requirements,mc-73,en,requirements,"Conditions: - The applicant or the beneficiary must not be less than 18 years old.
- The applicant or the beneficiary should not be a government employee.
- The name is not a personal name.
- The applicant must be the owner of the institution or delegate him through the Tawafafi platform.
- That the name be restricted in an active commercial record.
- The assignment has the same family name, if the trade name is a family.","Assigning a trade name to a sole proprietorship. Ministry of Commerce. Merchant · Commercial Register · Business sector. Conditions: Conditions: - The applicant or the beneficiary must not be less than 18 years old.
- The applicant or the beneficiary should not be a government employee.
- The name is not a personal name.
- The applicant must be the owner of the institution or delegate him through the Tawafafi platform.
- That the name be restricted in an active commercial record.
- The assignment has the same family name, if the trade name is a family.",Assigning a trade name to a sole proprietorship,Ministry of Commerce,Merchant · Commercial Register · Business sector,https://mc.gov.sa/en/eservices/Pages/ServiceDetails.aspx?sID=73
mc-73::en::documents,mc-73,en,documents,- There is no,Assigning a trade name to a sole proprietorship. Ministry of Commerce. Merchant · Commercial Register · Business sector. Required documents: - There is no,Assigning a trade name to a sole proprietorship,Ministry of Commerce,Merchant · Commercial Register · Business sector,https://mc.gov.sa/en/eservices/Pages/ServiceDetails.aspx?sID=73
mc-73::en::steps,mc-73,en,steps,"- Access the platform: Via the National Unified Access through the Saudi Business Center platform.
- Select the service: From ""Doing Business"" > ""Ministry of Commerce"" > ""Assigning a Trade Name to a Sole Proprietorship"".
- Start the service: Review and agree to the terms of service, then click ""Apply for Service"".
- Enter beneficiary information: Select the type of beneficiary of the trade name, then enter their details.
- Enter an alternative trade name: Select the name type (personal, existing, reserved) and enter its details as desired.
- Review and submit the application: Review the application summary, approve the declaration, then submit the application.
- Process: The application is sent to the Ministry of Commerce for review, and the application status is updated according to the procedure (approval, rejection, or re-amendment).
- Payment (if applicable): If fees apply, the invoice is issued and paid through the central payment system.
- Complete the application: After payment or approval (in the case of a free service), the trade name is published and the application status is changed to ""Complete"".","Assigning a trade name to a sole proprietorship. Ministry of Commerce. Merchant · Commercial Register · Business sector. Steps: - Access the platform: Via the National Unified Access through the Saudi Business Center platform.
- Select the service: From ""Doing Business"" > ""Ministry of Commerce"" > ""Assigning a Trade Name to a Sole Proprietorship"".
- Start the service: Review and agree to the terms of service, then click ""Apply for Service"".
- Enter beneficiary information: Select the type of beneficiary of the trade name, then enter their details.
- Enter an alternative trade name: Select the name type (personal, existing, reserved) and enter its details as desired.
- Review and submit the application: Review the application summary, approve the declaration, then submit the application.
- Process: The application is sent to the Ministry of Commerce for review, and the application status is updated according to the procedure (approval, rejection, or re-amendment).
- Payment (if applicable): If fees apply, the invoice is issued and paid through the central payment system.
- Complete the application: After payment or approval (in the case of a free service), the trade name is published and the application status is changed to ""Complete"".",Assigning a trade name to a sole proprietorship,Ministry of Commerce,Merchant · Commercial Register · Business sector,https://mc.gov.sa/en/eservices/Pages/ServiceDetails.aspx?sID=73
mc-73::en::service_facts,mc-73,en,service_facts,"Fees: 100
Processing time: Within 72 hours
Beneficiaries: Merchant
Service languages: Arabic and English","Assigning a trade name to a sole proprietorship. Ministry of Commerce. Merchant · Commercial Register · Business sector. Fees & service details: Fees: 100
Processing time: Within 72 hours
Beneficiaries: Merchant
Service languages: Arabic and English",Assigning a trade name to a sole proprietorship,Ministry of Commerce,Merchant · Commercial Register · Business sector,https://mc.gov.sa/en/eservices/Pages/ServiceDetails.aspx?sID=73
mc-73::ar::overview,mc-73,ar,overview,خدمة إلكترونية تقدمها وزارة التجارة عبر منصة المركز السعودي للأعمال، تتيح للمستفيدين التنازل عن الاسم التجاري المقيّد في السجل التجاري لمؤسسة، تصرفًا مستقلًا عن المتجر دون الحاجة إلى زيارة مراكز الخدمة.,التنازل عن الاسم التجاري لمؤسسة فردية. وزارة التجارة. التاجر · السجل التجاري · قطاع الأعمال. نظرة عامة: خدمة إلكترونية تقدمها وزارة التجارة عبر منصة المركز السعودي للأعمال، تتيح للمستفيدين التنازل عن الاسم التجاري المقيّد في السجل التجاري لمؤسسة، تصرفًا مستقلًا عن المتجر دون الحاجة إلى زيارة مراكز الخدمة.,التنازل عن الاسم التجاري لمؤسسة فردية,وزارة التجارة,التاجر · السجل التجاري · قطاع الأعمال,https://mc.gov.sa/ar/eservices/Pages/ServiceDetails.aspx?sID=73
mc-73::ar::requirements,mc-73,ar,requirements,"الشروط: - ألا يقل عمر مقدم الطلب أو المستفيد عن 18سنة.
- ألا يكون مقدم الطلب أو المستفيد موظفًا حكوميًا.
- ألا يكون الاسم اسمًا شخصيًا.
- أن يكون مقدم الطلب مالكًا للمؤسسة أو مفوضًا عنه عبر منصة تفاويض.
- أن يكون الاسم مقيدًا في سجل تجاري نشط.
- أن يكون المتنازل له يحمل ذات الاسم العائلي، في حال كان الاسم التجاري عائلي.","التنازل عن الاسم التجاري لمؤسسة فردية. وزارة التجارة. التاجر · السجل التجاري · قطاع الأعمال. الشروط: الشروط: - ألا يقل عمر مقدم الطلب أو المستفيد عن 18سنة.
- ألا يكون مقدم الطلب أو المستفيد موظفًا حكوميًا.
- ألا يكون الاسم اسمًا شخصيًا.
- أن يكون مقدم الطلب مالكًا للمؤسسة أو مفوضًا عنه عبر منصة تفاويض.
- أن يكون الاسم مقيدًا في سجل تجاري نشط.
- أن يكون المتنازل له يحمل ذات الاسم العائلي، في حال كان الاسم التجاري عائلي.",التنازل عن الاسم التجاري لمؤسسة فردية,وزارة التجارة,التاجر · السجل التجاري · قطاع الأعمال,https://mc.gov.sa/ar/eservices/Pages/ServiceDetails.aspx?sID=73
mc-73::ar::documents,mc-73,ar,documents,- لا يوجد,التنازل عن الاسم التجاري لمؤسسة فردية. وزارة التجارة. التاجر · السجل التجاري · قطاع الأعمال. المستندات المطلوبة: - لا يوجد,التنازل عن الاسم التجاري لمؤسسة فردية,وزارة التجارة,التاجر · السجل التجاري · قطاع الأعمال,https://mc.gov.sa/ar/eservices/Pages/ServiceDetails.aspx?sID=73
mc-73::ar::steps,mc-73,ar,steps,"- الدخول على المنصة: عبر النفاذ الوطني الموحد من خلال منصة المركز السعودي للأعمال.
- اختيار الخدمة: من ""ممارسة الأعمال"" > ""وزارة التجارة"" > ""التنازل عن اسم تجاري لمؤسسة فردية"".
- بدء الخدمة: الاطلاع على شروط الخدمة والموافقة عليها، ثم الضغط على ""التقديم على الخدمة"".
- إدخال بيانات المستفيد: اختيار نوع المستفيد من الاسم التجاري، ثم إدخال بياناته.
- إدخال الاسم التجاري البديل: تحديد نوع الاسم (شخصي، قائم، محجوز) وإدخال بياناته حسب الاختيار.
- مراجعة وتقديم الطلب: مراجعة ملخص الطلب، والموافقة على الإقرار، ثم تقديم الطلب.
- المعالجة: يتم إرسال الطلب إلى وزارة التجارة للمراجعة، وتحديث حالة الطلب حسب الإجراء (موافقة، رفض، أو إعادة للتعديل).
- الدفع (إن وجد): في حال وجود رسوم، يتم إصدار الفاتورة ودفعها عبر نظام المدفوعات المركزي.
- إتمام الطلب: بعد الدفع أو الموافقة (في حالة مجانية الخدمة)، يتم نشر الاسم التجاري وتحويل حالة الطلب إلى ""مكتمل"".","التنازل عن الاسم التجاري لمؤسسة فردية. وزارة التجارة. التاجر · السجل التجاري · قطاع الأعمال. الخطوات: - الدخول على المنصة: عبر النفاذ الوطني الموحد من خلال منصة المركز السعودي للأعمال.
- اختيار الخدمة: من ""ممارسة الأعمال"" > ""وزارة التجارة"" > ""التنازل عن اسم تجاري لمؤسسة فردية"".
- بدء الخدمة: الاطلاع على شروط الخدمة والموافقة عليها، ثم الضغط على ""التقديم على الخدمة"".
- إدخال بيانات المستفيد: اختيار نوع المستفيد من الاسم التجاري، ثم إدخال بياناته.
- إدخال الاسم التجاري البديل: تحديد نوع الاسم (شخصي، قائم، محجوز) وإدخال بياناته حسب الاختيار.
- مراجعة وتقديم الطلب: مراجعة ملخص الطلب، والموافقة على الإقرار، ثم تقديم الطلب.
- المعالجة: يتم إرسال الطلب إلى وزارة التجارة للمراجعة، وتحديث حالة الطلب حسب الإجراء (موافقة، رفض، أو إعادة للتعديل).
- الدفع (إن وجد): في حال وجود رسوم، يتم إصدار الفاتورة ودفعها عبر نظام المدفوعات المركزي.
- إتمام الطلب: بعد الدفع أو الموافقة (في حالة مجانية الخدمة)، يتم نشر الاسم التجاري وتحويل حالة الطلب إلى ""مكتمل"".",التنازل عن الاسم التجاري لمؤسسة فردية,وزارة التجارة,التاجر · السجل التجاري · قطاع الأعمال,https://mc.gov.sa/ar/eservices/Pages/ServiceDetails.aspx?sID=73
mc-73::ar::service_facts,mc-73,ar,service_facts,"الرسوم: 100
مدة التنفيذ: خلال 72 ساعة
الفئة المستفيدة: التاجر
لغة الخدمة: العربية والانجليزية","التنازل عن الاسم التجاري لمؤسسة فردية. وزارة التجارة. التاجر · السجل التجاري · قطاع الأعمال. الرسوم وتفاصيل الخدمة: الرسوم: 100
مدة التنفيذ: خلال 72 ساعة
الفئة المستفيدة: التاجر
لغة الخدمة: العربية والانجليزية",التنازل عن الاسم التجاري لمؤسسة فردية,وزارة التجارة,التاجر · السجل التجاري · قطاع الأعمال,https://mc.gov.sa/ar/eservices/Pages/ServiceDetails.aspx?sID=73
mc-75::en::overview,mc-75,en,overview,"An electronic service provided by the Ministry of Commerce, allowing beneficiaries to apply to suspend their professional license for a specific period, electronically, without having to visit the Ministry's branches.","Suspension of professional license. Ministry of Commerce. Merchant · Consulting professions · Business sector. Overview: An electronic service provided by the Ministry of Commerce, allowing beneficiaries to apply to suspend their professional license for a specific period, electronically, without having to visit the Ministry's branches.",Suspension of professional license,Ministry of Commerce,Merchant · Consulting professions · Business sector,https://mc.gov.sa/en/eservices/Pages/ServiceDetails.aspx?sID=75
mc-75::en::requirements,mc-75,en,requirements,Conditions: - The license status must be valid.,Suspension of professional license. Ministry of Commerce. Merchant · Consulting professions · Business sector. Conditions: Conditions: - The license status must be valid.,Suspension of professional license,Ministry of Commerce,Merchant · Consulting professions · Business sector,https://mc.gov.sa/en/eservices/Pages/ServiceDetails.aspx?sID=75
mc-75::en::documents,mc-75,en,documents,- There is no,Suspension of professional license. Ministry of Commerce. Merchant · Consulting professions · Business sector. Required documents: - There is no,Suspension of professional license,Ministry of Commerce,Merchant · Consulting professions · Business sector,https://mc.gov.sa/en/eservices/Pages/ServiceDetails.aspx?sID=75
mc-75::en::steps,mc-75,en,steps,"- log in the service.
- Log in by using username and password and then enter the mobile number and verification code.
- Click on the ""licenses"" icon and apply for the suspension of license.
- Fill out the required columns and click on ""Send"", the request to be checked and approved by the employee online.","Suspension of professional license. Ministry of Commerce. Merchant · Consulting professions · Business sector. Steps: - log in the service.
- Log in by using username and password and then enter the mobile number and verification code.
- Click on the ""licenses"" icon and apply for the suspension of license.
- Fill out the required columns and click on ""Send"", the request to be checked and approved by the employee online.",Suspension of professional license,Ministry of Commerce,Merchant · Consulting professions · Business sector,https://mc.gov.sa/en/eservices/Pages/ServiceDetails.aspx?sID=75
mc-75::en::service_facts,mc-75,en,service_facts,"Fees: Free
Processing time: 1 days
Beneficiaries: Merchant
Professional
Service languages: Arabic","Suspension of professional license. Ministry of Commerce. Merchant · Consulting professions · Business sector. Fees & service details: Fees: Free
Processing time: 1 days
Beneficiaries: Merchant
Professional
Service languages: Arabic",Suspension of professional license,Ministry of Commerce,Merchant · Consulting professions · Business sector,https://mc.gov.sa/en/eservices/Pages/ServiceDetails.aspx?sID=75
mc-75::ar::overview,mc-75,ar,overview,خدمة إلكترونية تقدمها وزارة التجارة، تتيح للمستفيدين من التقديم على طلب لإيقاف الترخيص المهني لفترة معينة، إلكترونيًا دون الحاجة إلى مراجعة فروع الوزارة.,إيقاف ترخيص مهني. وزارة التجارة. التاجر · المهن الإستشارية · قطاع الأعمال. نظرة عامة: خدمة إلكترونية تقدمها وزارة التجارة، تتيح للمستفيدين من التقديم على طلب لإيقاف الترخيص المهني لفترة معينة، إلكترونيًا دون الحاجة إلى مراجعة فروع الوزارة.,إيقاف ترخيص مهني,وزارة التجارة,التاجر · المهن الإستشارية · قطاع الأعمال,https://mc.gov.sa/ar/eservices/Pages/ServiceDetails.aspx?sID=75
mc-75::ar::requirements,mc-75,ar,requirements,الشروط: - أن تكون حالة الترخيص ساري.,إيقاف ترخيص مهني. وزارة التجارة. التاجر · المهن الإستشارية · قطاع الأعمال. الشروط: الشروط: - أن تكون حالة الترخيص ساري.,إيقاف ترخيص مهني,وزارة التجارة,التاجر · المهن الإستشارية · قطاع الأعمال,https://mc.gov.sa/ar/eservices/Pages/ServiceDetails.aspx?sID=75
mc-75::ar::documents,mc-75,ar,documents,- لا يوجد,إيقاف ترخيص مهني. وزارة التجارة. التاجر · المهن الإستشارية · قطاع الأعمال. المستندات المطلوبة: - لا يوجد,إيقاف ترخيص مهني,وزارة التجارة,التاجر · المهن الإستشارية · قطاع الأعمال,https://mc.gov.sa/ar/eservices/Pages/ServiceDetails.aspx?sID=75
mc-75::ar::steps,mc-75,ar,steps,"- الضغط على ابدأ الخدمة.
- الدخول إلى الحساب (أسم المستخدم وكلمة المرور) ومن ثم إدخال رقم الجوال ورمز التحقق او عبرر النفاذ الوطني
- الضغط على أيقونة """"التراخيص""""والضغط على اجراء إيقاف للترخيص.
- تعبئة الحقول المطلوبة والضغط على أيقونة """"إرسال الطلب"""" ليتم التدقيق والموافقة عليه من قبل الموظف إلكترونيًا.","إيقاف ترخيص مهني. وزارة التجارة. التاجر · المهن الإستشارية · قطاع الأعمال. الخطوات: - الضغط على ابدأ الخدمة.
- الدخول إلى الحساب (أسم المستخدم وكلمة المرور) ومن ثم إدخال رقم الجوال ورمز التحقق او عبرر النفاذ الوطني
- الضغط على أيقونة """"التراخيص""""والضغط على اجراء إيقاف للترخيص.
- تعبئة الحقول المطلوبة والضغط على أيقونة """"إرسال الطلب"""" ليتم التدقيق والموافقة عليه من قبل الموظف إلكترونيًا.",إيقاف ترخيص مهني,وزارة التجارة,التاجر · المهن الإستشارية · قطاع الأعمال,https://mc.gov.sa/ar/eservices/Pages/ServiceDetails.aspx?sID=75
mc-75::ar::service_facts,mc-75,ar,service_facts,"الرسوم: مجانية
مدة التنفيذ: يوم عمل
الفئة المستفيدة: التاجر
المهني
لغة الخدمة: العربية","إيقاف ترخيص مهني. وزارة التجارة. التاجر · المهن الإستشارية · قطاع الأعمال. الرسوم وتفاصيل الخدمة: الرسوم: مجانية
مدة التنفيذ: يوم عمل
الفئة المستفيدة: التاجر
المهني
لغة الخدمة: العربية",إيقاف ترخيص مهني,وزارة التجارة,التاجر · المهن الإستشارية · قطاع الأعمال,https://mc.gov.sa/ar/eservices/Pages/ServiceDetails.aspx?sID=75
mc-76::en::overview,mc-76,en,overview,"An electronic service provided by the Ministry of Commerce, allowing beneficiaries to apply for the reinstatement of a professional license after a request to suspend it, electronically, without the need to visit the Ministry's branches.","Re-validation of a professional license. Ministry of Commerce. career · Consulting professions · Business sector. Overview: An electronic service provided by the Ministry of Commerce, allowing beneficiaries to apply for the reinstatement of a professional license after a request to suspend it, electronically, without the need to visit the Ministry's branches.",Re-validation of a professional license,Ministry of Commerce,career · Consulting professions · Business sector,https://mc.gov.sa/en/eservices/Pages/ServiceDetails.aspx?sID=76
mc-76::en::requirements,mc-76,en,requirements,"Conditions: - The license status must be suspended.
- The suspended license must not be issued by the Ministry.","Re-validation of a professional license. Ministry of Commerce. career · Consulting professions · Business sector. Conditions: Conditions: - The license status must be suspended.
- The suspended license must not be issued by the Ministry.",Re-validation of a professional license,Ministry of Commerce,career · Consulting professions · Business sector,https://mc.gov.sa/en/eservices/Pages/ServiceDetails.aspx?sID=76
mc-76::en::documents,mc-76,en,documents,- There is no,Re-validation of a professional license. Ministry of Commerce. career · Consulting professions · Business sector. Required documents: - There is no,Re-validation of a professional license,Ministry of Commerce,career · Consulting professions · Business sector,https://mc.gov.sa/en/eservices/Pages/ServiceDetails.aspx?sID=76
mc-76::en::steps,mc-76,en,steps,"- log in the service.
- Log in to the account by using username and password and then enter the mobile number and verification code.
- Click on the ""licenses"" icon and submit a request to re-validate the professional license.
- Fill out the required columns and click on ""Send"" icon, to be checked and approved by the concerned employee online.","Re-validation of a professional license. Ministry of Commerce. career · Consulting professions · Business sector. Steps: - log in the service.
- Log in to the account by using username and password and then enter the mobile number and verification code.
- Click on the ""licenses"" icon and submit a request to re-validate the professional license.
- Fill out the required columns and click on ""Send"" icon, to be checked and approved by the concerned employee online.",Re-validation of a professional license,Ministry of Commerce,career · Consulting professions · Business sector,https://mc.gov.sa/en/eservices/Pages/ServiceDetails.aspx?sID=76
mc-76::en::service_facts,mc-76,en,service_facts,"Fees: Free
Processing time: 1 days
Beneficiaries: Merchant
Professional
Service languages: Arabic","Re-validation of a professional license. Ministry of Commerce. career · Consulting professions · Business sector. Fees & service details: Fees: Free
Processing time: 1 days
Beneficiaries: Merchant
Professional
Service languages: Arabic",Re-validation of a professional license,Ministry of Commerce,career · Consulting professions · Business sector,https://mc.gov.sa/en/eservices/Pages/ServiceDetails.aspx?sID=76
mc-76::ar::overview,mc-76,ar,overview,خدمة إلكترونية تقدمها وزارة التجارة، تتيح للمستفيدين من التقديم على طلب لإعادة سريان الترخيص المهني بعد طلب إيقافه، إلكترونيًا دون الحاجة إلى مراجعة فروع الوزارة.,إعادة سريان ترخيص مهني. وزارة التجارة. المهني · المهن الإستشارية · قطاع الأعمال. نظرة عامة: خدمة إلكترونية تقدمها وزارة التجارة، تتيح للمستفيدين من التقديم على طلب لإعادة سريان الترخيص المهني بعد طلب إيقافه، إلكترونيًا دون الحاجة إلى مراجعة فروع الوزارة.,إعادة سريان ترخيص مهني,وزارة التجارة,المهني · المهن الإستشارية · قطاع الأعمال,https://mc.gov.sa/ar/eservices/Pages/ServiceDetails.aspx?sID=76
mc-76::ar::requirements,mc-76,ar,requirements,"الشروط: - أن تكون حالة الترخيص موقوف.
- أن لا يكون الترخيص الموقوف من قبل الوزارة.","إعادة سريان ترخيص مهني. وزارة التجارة. المهني · المهن الإستشارية · قطاع الأعمال. الشروط: الشروط: - أن تكون حالة الترخيص موقوف.
- أن لا يكون الترخيص الموقوف من قبل الوزارة.",إعادة سريان ترخيص مهني,وزارة التجارة,المهني · المهن الإستشارية · قطاع الأعمال,https://mc.gov.sa/ar/eservices/Pages/ServiceDetails.aspx?sID=76
mc-76::ar::documents,mc-76,ar,documents,- لا يوجد,إعادة سريان ترخيص مهني. وزارة التجارة. المهني · المهن الإستشارية · قطاع الأعمال. المستندات المطلوبة: - لا يوجد,إعادة سريان ترخيص مهني,وزارة التجارة,المهني · المهن الإستشارية · قطاع الأعمال,https://mc.gov.sa/ar/eservices/Pages/ServiceDetails.aspx?sID=76
mc-76::ar::steps,mc-76,ar,steps,"- الضغط على ابدأ الخدمة.
- الدخول إلى الحساب (أسم المستخدم وكلمة المرور) ومن ثم إدخال رقم الجوال ورمز التحقق.
- الضغط على أيقونة """"التراخيص"""" والضغط على اجراء إعادة سريان الترخيص المهني.
- الضغط على تعبئة الحقول المطلوبة والضغط على أيقونة """"إرسال الطلب"""" ليتم التدقيق والموافقة عليه من قبل الموظف إلكترونيًا","إعادة سريان ترخيص مهني. وزارة التجارة. المهني · المهن الإستشارية · قطاع الأعمال. الخطوات: - الضغط على ابدأ الخدمة.
- الدخول إلى الحساب (أسم المستخدم وكلمة المرور) ومن ثم إدخال رقم الجوال ورمز التحقق.
- الضغط على أيقونة """"التراخيص"""" والضغط على اجراء إعادة سريان الترخيص المهني.
- الضغط على تعبئة الحقول المطلوبة والضغط على أيقونة """"إرسال الطلب"""" ليتم التدقيق والموافقة عليه من قبل الموظف إلكترونيًا",إعادة سريان ترخيص مهني,وزارة التجارة,المهني · المهن الإستشارية · قطاع الأعمال,https://mc.gov.sa/ar/eservices/Pages/ServiceDetails.aspx?sID=76
mc-76::ar::service_facts,mc-76,ar,service_facts,"الرسوم: مجانية
مدة التنفيذ: يوم عمل
الفئة المستفيدة: التاجر
المهني
لغة الخدمة: العربية","إعادة سريان ترخيص مهني. وزارة التجارة. المهني · المهن الإستشارية · قطاع الأعمال. الرسوم وتفاصيل الخدمة: الرسوم: مجانية
مدة التنفيذ: يوم عمل
الفئة المستفيدة: التاجر
المهني
لغة الخدمة: العربية",إعادة سريان ترخيص مهني,وزارة التجارة,المهني · المهن الإستشارية · قطاع الأعمال,https://mc.gov.sa/ar/eservices/Pages/ServiceDetails.aspx?sID=76
mc-77::en::overview,mc-77,en,overview,"An electronic service provided by the Ministry of Commerce, allowing beneficiaries to apply for the cancellation of a professional license branch electronically, without the need to visit the Ministry's branches.","Cancellation of professional license branch. Ministry of Commerce. vocational. Overview: An electronic service provided by the Ministry of Commerce, allowing beneficiaries to apply for the cancellation of a professional license branch electronically, without the need to visit the Ministry's branches.",Cancellation of professional license branch,Ministry of Commerce,vocational,https://mc.gov.sa/en/eservices/Pages/ServiceDetails.aspx?sID=77
mc-77::en::requirements,mc-77,en,requirements,"Conditions: - Licenses issued before 1435 AH: The professional office data is updated through the digital branch or by visiting one of the Ministry’s branches, enabling the customer to cancel the professional license branch electronically.
- The license must not be suspended by the Ministry.","Cancellation of professional license branch. Ministry of Commerce. vocational. Conditions: Conditions: - Licenses issued before 1435 AH: The professional office data is updated through the digital branch or by visiting one of the Ministry’s branches, enabling the customer to cancel the professional license branch electronically.
- The license must not be suspended by the Ministry.",Cancellation of professional license branch,Ministry of Commerce,vocational,https://mc.gov.sa/en/eservices/Pages/ServiceDetails.aspx?sID=77
mc-77::en::documents,mc-77,en,documents,- There is no,Cancellation of professional license branch. Ministry of Commerce. vocational. Required documents: - There is no,Cancellation of professional license branch,Ministry of Commerce,vocational,https://mc.gov.sa/en/eservices/Pages/ServiceDetails.aspx?sID=77
mc-77::en::steps,mc-77,en,steps,"- Click on Start Service
- Log in to the account (username and password) and then enter the mobile number and verification code or log in using the unified entry system
- Click on the ""Licenses"" icon and click on the procedure to cancel the sub-professional license
- Fill in the required fields and click on the ""Send Request"" icon to be reviewed and approved by the employee electronically.
- After the employee accepts the request, the license cancellation certificate is printed through the website by the customer.","Cancellation of professional license branch. Ministry of Commerce. vocational. Steps: - Click on Start Service
- Log in to the account (username and password) and then enter the mobile number and verification code or log in using the unified entry system
- Click on the ""Licenses"" icon and click on the procedure to cancel the sub-professional license
- Fill in the required fields and click on the ""Send Request"" icon to be reviewed and approved by the employee electronically.
- After the employee accepts the request, the license cancellation certificate is printed through the website by the customer.",Cancellation of professional license branch,Ministry of Commerce,vocational,https://mc.gov.sa/en/eservices/Pages/ServiceDetails.aspx?sID=77
mc-77::en::service_facts,mc-77,en,service_facts,"Fees: Free
Processing time: 1 days
Beneficiaries: Merchant
Professional
Service languages: Arabic","Cancellation of professional license branch. Ministry of Commerce. vocational. Fees & service details: Fees: Free
Processing time: 1 days
Beneficiaries: Merchant
Professional
Service languages: Arabic",Cancellation of professional license branch,Ministry of Commerce,vocational,https://mc.gov.sa/en/eservices/Pages/ServiceDetails.aspx?sID=77
mc-77::ar::overview,mc-77,ar,overview,خدمة إلكترونية تقدمها وزارة التجارة، تتيح للمستفيدين من التقديم على طلب شطب فرع الترخيص المهني. إلكترونيًا دون الحاجة إلى مراجعة فروع الوزارة.,شطب فرع ترخيص مهني. وزارة التجارة. المهني. نظرة عامة: خدمة إلكترونية تقدمها وزارة التجارة، تتيح للمستفيدين من التقديم على طلب شطب فرع الترخيص المهني. إلكترونيًا دون الحاجة إلى مراجعة فروع الوزارة.,شطب فرع ترخيص مهني,وزارة التجارة,المهني,https://mc.gov.sa/ar/eservices/Pages/ServiceDetails.aspx?sID=77
mc-77::ar::requirements,mc-77,ar,requirements,"الشروط: - التراخيص المصدرة قبل عام 1435 هـ فيتم تحديث بيانات المكتب المهني عن طريق الفرع الرقمي او مراجعة أحد فروع الوزارة وتمكين العميل من شطب فرع ترخيص مهني الكترونياً.
- ألا يكون الترخيص موقوف من قبل الوزارة.","شطب فرع ترخيص مهني. وزارة التجارة. المهني. الشروط: الشروط: - التراخيص المصدرة قبل عام 1435 هـ فيتم تحديث بيانات المكتب المهني عن طريق الفرع الرقمي او مراجعة أحد فروع الوزارة وتمكين العميل من شطب فرع ترخيص مهني الكترونياً.
- ألا يكون الترخيص موقوف من قبل الوزارة.",شطب فرع ترخيص مهني,وزارة التجارة,المهني,https://mc.gov.sa/ar/eservices/Pages/ServiceDetails.aspx?sID=77
mc-77::ar::documents,mc-77,ar,documents,- لا يوجد,شطب فرع ترخيص مهني. وزارة التجارة. المهني. المستندات المطلوبة: - لا يوجد,شطب فرع ترخيص مهني,وزارة التجارة,المهني,https://mc.gov.sa/ar/eservices/Pages/ServiceDetails.aspx?sID=77
mc-77::ar::steps,mc-77,ar,steps,"- الضغط على ابدأ الخدمة
- الدخول إلى الحساب (أسم المستخدم وكلمة المرور) ومن ثم إدخال رقم الجوال ورمز التحقق او الدخول بنظام الدخول الموحد
- الضغط على أيقونة """"التراخيص"""" والضغط على اجراء إلغاء الترخيص المهني الفرعي
- تعبئة الحقول المطلوبة والضغط على أيقونة """"""""إرسال الطلب"""""""" ليتم التدقيق و الموافقة عليه من قبل الموظف إلكترونيًا.
- بعد قبول الطلب من قبل الموظف يتم طباعة شهادة شطب الترخيص من خلال الموقع الإلكتروني من قبل العميل","شطب فرع ترخيص مهني. وزارة التجارة. المهني. الخطوات: - الضغط على ابدأ الخدمة
- الدخول إلى الحساب (أسم المستخدم وكلمة المرور) ومن ثم إدخال رقم الجوال ورمز التحقق او الدخول بنظام الدخول الموحد
- الضغط على أيقونة """"التراخيص"""" والضغط على اجراء إلغاء الترخيص المهني الفرعي
- تعبئة الحقول المطلوبة والضغط على أيقونة """"""""إرسال الطلب"""""""" ليتم التدقيق و الموافقة عليه من قبل الموظف إلكترونيًا.
- بعد قبول الطلب من قبل الموظف يتم طباعة شهادة شطب الترخيص من خلال الموقع الإلكتروني من قبل العميل",شطب فرع ترخيص مهني,وزارة التجارة,المهني,https://mc.gov.sa/ar/eservices/Pages/ServiceDetails.aspx?sID=77
mc-77::ar::service_facts,mc-77,ar,service_facts,"الرسوم: مجانية
مدة التنفيذ: يوم عمل
الفئة المستفيدة: التاجر
المهني
لغة الخدمة: العربية","شطب فرع ترخيص مهني. وزارة التجارة. المهني. الرسوم وتفاصيل الخدمة: الرسوم: مجانية
مدة التنفيذ: يوم عمل
الفئة المستفيدة: التاجر
المهني
لغة الخدمة: العربية",شطب فرع ترخيص مهني,وزارة التجارة,المهني,https://mc.gov.sa/ar/eservices/Pages/ServiceDetails.aspx?sID=77
mc-82::en::overview,mc-82,en,overview,"An electronic service provided by the Ministry of Commerce through the Saudi Business Center platform, which enables beneficiaries to electronically amend their company's Articles of Association. This can be done by amending any article of the contract or updating it to comply with the new legislative system for companies, as stipulated by Royal Decree No. (M/132), dated 01/12/1443 AH, without the necessity of visiting the Saudi Business Center or Ministry branches.","Amendments to Articles of Association. Ministry of Commerce. Merchant · companies · Business sector. Overview: An electronic service provided by the Ministry of Commerce through the Saudi Business Center platform, which enables beneficiaries to electronically amend their company's Articles of Association. This can be done by amending any article of the contract or updating it to comply with the new legislative system for companies, as stipulated by Royal Decree No. (M/132), dated 01/12/1443 AH, without the necessity of visiting the Saudi Business Center or Ministry branches.",Amendments to Articles of Association,Ministry of Commerce,Merchant · companies · Business sector,https://mc.gov.sa/en/eservices/Pages/ServiceDetails.aspx?sID=82
mc-82::en::requirements,mc-82,en,requirements,"Conditions: - A valid and active commercial registration is required.
- In the event that the company is foreign or mixed, the investment license must be submitted.
- An extraordinary general assembly resolution or a shareholders' resolution must be provided if the company is a joint-stock company or a simplified joint-stock company.","Amendments to Articles of Association. Ministry of Commerce. Merchant · companies · Business sector. Conditions: Conditions: - A valid and active commercial registration is required.
- In the event that the company is foreign or mixed, the investment license must be submitted.
- An extraordinary general assembly resolution or a shareholders' resolution must be provided if the company is a joint-stock company or a simplified joint-stock company.",Amendments to Articles of Association,Ministry of Commerce,Merchant · companies · Business sector,https://mc.gov.sa/en/eservices/Pages/ServiceDetails.aspx?sID=82
mc-82::en::documents,mc-82,en,documents,"- The following must be verified in case the type of the company is (Professional): Ensure the quorum is maintained in the event of amending the board of managers or management - The partner must be licensed if the amendment involves adding a professional partner.
- The following must be verified in case the type of company is a limited partnership or a general partnership: A license or initial approval from the Saudi Central Bank must be obtained if the nature of the business activity so requires - The investment license must be amended, if required - The managers must not be government employees - The applicant must be a manager of the company or electronically authorized by the company.","Amendments to Articles of Association. Ministry of Commerce. Merchant · companies · Business sector. Required documents: - The following must be verified in case the type of the company is (Professional): Ensure the quorum is maintained in the event of amending the board of managers or management - The partner must be licensed if the amendment involves adding a professional partner.
- The following must be verified in case the type of company is a limited partnership or a general partnership: A license or initial approval from the Saudi Central Bank must be obtained if the nature of the business activity so requires - The investment license must be amended, if required - The managers must not be government employees - The applicant must be a manager of the company or electronically authorized by the company.",Amendments to Articles of Association,Ministry of Commerce,Merchant · companies · Business sector,https://mc.gov.sa/en/eservices/Pages/ServiceDetails.aspx?sID=82
mc-82::en::steps,mc-82,en,steps,"- Access the platform: Via the unified national access or the investor account through the Saudi Business Center platform.
- Select the service: From ""Electronic Services"" > ""Amendment to the Articles of Association/Bylaws"".
- Start the service: Agree to the terms of service, then click ""Apply for the service"".
- Amendment to the Articles of Association/Bylaws: Enter the establishment's unified national number.","Amendments to Articles of Association. Ministry of Commerce. Merchant · companies · Business sector. Steps: - Access the platform: Via the unified national access or the investor account through the Saudi Business Center platform.
- Select the service: From ""Electronic Services"" > ""Amendment to the Articles of Association/Bylaws"".
- Start the service: Agree to the terms of service, then click ""Apply for the service"".
- Amendment to the Articles of Association/Bylaws: Enter the establishment's unified national number.",Amendments to Articles of Association,Ministry of Commerce,Merchant · companies · Business sector,https://mc.gov.sa/en/eservices/Pages/ServiceDetails.aspx?sID=82
mc-82::en::service_facts,mc-82,en,service_facts,"Fees: 1500 for amending the articles of association / bylaws
100 to amend the commercial register
15% VAT.
Processing time: immediately
Beneficiaries: Merchant
Service languages: Arabic and English","Amendments to Articles of Association. Ministry of Commerce. Merchant · companies · Business sector. Fees & service details: Fees: 1500 for amending the articles of association / bylaws
100 to amend the commercial register
15% VAT.
Processing time: immediately
Beneficiaries: Merchant
Service languages: Arabic and English",Amendments to Articles of Association,Ministry of Commerce,Merchant · companies · Business sector,https://mc.gov.sa/en/eservices/Pages/ServiceDetails.aspx?sID=82
mc-82::ar::overview,mc-82,ar,overview,خدمة إلكترونية تقدمها وزارة التجارة عبر منصة المركز السعودي للأعمال، تتيح للمستفيدين من تعديل عقد تأسيس الشركة من خلال تغيير أي مادة من مواد العقد أو تعديله بما يتناسب مع النظام التشريعي الجديد للشركات. الصادر بالمرسوم الملكي رقم (م/132) وتاريخ 1443/12/01هـ، إلكترونيًا دون الحاجة إلى مراجعة فرع المركز السعودي للاعمال او فرع الوزارة .,تعديل عقد التأسيس / نظام أساس. وزارة التجارة. التاجر · الشركات · قطاع الأعمال. نظرة عامة: خدمة إلكترونية تقدمها وزارة التجارة عبر منصة المركز السعودي للأعمال، تتيح للمستفيدين من تعديل عقد تأسيس الشركة من خلال تغيير أي مادة من مواد العقد أو تعديله بما يتناسب مع النظام التشريعي الجديد للشركات. الصادر بالمرسوم الملكي رقم (م/132) وتاريخ 1443/12/01هـ، إلكترونيًا دون الحاجة إلى مراجعة فرع المركز السعودي للاعمال او فرع الوزارة .,تعديل عقد التأسيس / نظام أساس,وزارة التجارة,التاجر · الشركات · قطاع الأعمال,https://mc.gov.sa/ar/eservices/Pages/ServiceDetails.aspx?sID=82
mc-82::ar::requirements,mc-82,ar,requirements,"الشروط: - وجود سجل تجاري نشط وغير معلق.
- وجود شهادة استثمار، في حال كانت الشركة أجنبية أو مختلطة.
- وجود قرار جمعية غير عادية أو قرار مساهمين، في حال كانت الشركة مساهمة أو مساهمة مبسطة.","تعديل عقد التأسيس / نظام أساس. وزارة التجارة. التاجر · الشركات · قطاع الأعمال. الشروط: الشروط: - وجود سجل تجاري نشط وغير معلق.
- وجود شهادة استثمار، في حال كانت الشركة أجنبية أو مختلطة.
- وجود قرار جمعية غير عادية أو قرار مساهمين، في حال كانت الشركة مساهمة أو مساهمة مبسطة.",تعديل عقد التأسيس / نظام أساس,وزارة التجارة,التاجر · الشركات · قطاع الأعمال,https://mc.gov.sa/ar/eservices/Pages/ServiceDetails.aspx?sID=82
mc-82::ar::documents,mc-82,ar,documents,"- التحقق من الآتي في حال كانت صفة الشركة (مهنية): - مراعاة النصاب القانوني، في حال تعديل مجلس المديرين أو الإدارة. - أن يكون الشريك مرخصًا، في حال كان التعديل هو إضافة شريك مهني.
- التحقق من الآتي في حال كانت الشركة (ذات مسؤولية محدودة، أو توصية بسيطة، أو تضامنية): - وجود ترخيص أو موافقة مبدئية من البنك المركزي السعودي في حال كان النشاط يتطلب ذلك - تعديل الرخصة الاستثمارية في حال تطلب ذلك - ألا يكون المديرين موظفين حكوميين - ألا يكون الشريك أو المدير الجديد موقوفًا - أن يكون مقدم الطلب مدير الشركة أو مفوض يتم تفويضه من الشركة تفويضًا إلكترونيًا.","تعديل عقد التأسيس / نظام أساس. وزارة التجارة. التاجر · الشركات · قطاع الأعمال. المستندات المطلوبة: - التحقق من الآتي في حال كانت صفة الشركة (مهنية): - مراعاة النصاب القانوني، في حال تعديل مجلس المديرين أو الإدارة. - أن يكون الشريك مرخصًا، في حال كان التعديل هو إضافة شريك مهني.
- التحقق من الآتي في حال كانت الشركة (ذات مسؤولية محدودة، أو توصية بسيطة، أو تضامنية): - وجود ترخيص أو موافقة مبدئية من البنك المركزي السعودي في حال كان النشاط يتطلب ذلك - تعديل الرخصة الاستثمارية في حال تطلب ذلك - ألا يكون المديرين موظفين حكوميين - ألا يكون الشريك أو المدير الجديد موقوفًا - أن يكون مقدم الطلب مدير الشركة أو مفوض يتم تفويضه من الشركة تفويضًا إلكترونيًا.",تعديل عقد التأسيس / نظام أساس,وزارة التجارة,التاجر · الشركات · قطاع الأعمال,https://mc.gov.sa/ar/eservices/Pages/ServiceDetails.aspx?sID=82
mc-82::ar::steps,mc-82,ar,steps,"- الدخول على المنصة: عبر النفاذ الوطني الموحد أو حساب المستثمر من خلال منصة المركز السعودي للأعمال.
- اختيار الخدمة: من ""الخدمات الإلكترونية"" > ""تعديل عقد التأسيس / نظام أساس"" .
- بدء الخدمة: الموافقة على شروط الخدمة، ثم الضغط على ""التقديم على الخدمة"".
- تعديل عقد التأسيس / نظام أساس: كتابة الرقم الوطني الموحد للمنشأة.","تعديل عقد التأسيس / نظام أساس. وزارة التجارة. التاجر · الشركات · قطاع الأعمال. الخطوات: - الدخول على المنصة: عبر النفاذ الوطني الموحد أو حساب المستثمر من خلال منصة المركز السعودي للأعمال.
- اختيار الخدمة: من ""الخدمات الإلكترونية"" > ""تعديل عقد التأسيس / نظام أساس"" .
- بدء الخدمة: الموافقة على شروط الخدمة، ثم الضغط على ""التقديم على الخدمة"".
- تعديل عقد التأسيس / نظام أساس: كتابة الرقم الوطني الموحد للمنشأة.",تعديل عقد التأسيس / نظام أساس,وزارة التجارة,التاجر · الشركات · قطاع الأعمال,https://mc.gov.sa/ar/eservices/Pages/ServiceDetails.aspx?sID=82
mc-82::ar::service_facts,mc-82,ar,service_facts,"الرسوم: 1500
لتعديل عقد التأسيس/ نظام الأساس
100
لتعديل السجل التجاري
15% ضريبة القيمة المضافة
مدة التنفيذ: فوري
الفئة المستفيدة: التاجر
لغة الخدمة: العربية والانجليزية","تعديل عقد التأسيس / نظام أساس. وزارة التجارة. التاجر · الشركات · قطاع الأعمال. الرسوم وتفاصيل الخدمة: الرسوم: 1500
لتعديل عقد التأسيس/ نظام الأساس
100
لتعديل السجل التجاري
15% ضريبة القيمة المضافة
مدة التنفيذ: فوري
الفئة المستفيدة: التاجر
لغة الخدمة: العربية والانجليزية",تعديل عقد التأسيس / نظام أساس,وزارة التجارة,التاجر · الشركات · قطاع الأعمال,https://mc.gov.sa/ar/eservices/Pages/ServiceDetails.aspx?sID=82
mc-91::en::overview,mc-91,en,overview,"An electronic service provided by the Ministry of Commerce, allowing beneficiaries to view commercial registry data electronically without having to visit the Ministry's branches.","Query about commercial registration data. Ministry of Commerce. consumer · Merchant · Commercial Registration Data. Overview: An electronic service provided by the Ministry of Commerce, allowing beneficiaries to view commercial registry data electronically without having to visit the Ministry's branches.",Query about commercial registration data,Ministry of Commerce,consumer · Merchant · Commercial Registration Data,https://mc.gov.sa/en/eservices/Pages/ServiceDetails.aspx?sID=91
mc-91::en::requirements,mc-91,en,requirements,Conditions: - There is no,Query about commercial registration data. Ministry of Commerce. consumer · Merchant · Commercial Registration Data. Conditions: Conditions: - There is no,Query about commercial registration data,Ministry of Commerce,consumer · Merchant · Commercial Registration Data,https://mc.gov.sa/en/eservices/Pages/ServiceDetails.aspx?sID=91
mc-91::en::documents,mc-91,en,documents,- There is no,Query about commercial registration data. Ministry of Commerce. consumer · Merchant · Commercial Registration Data. Required documents: - There is no,Query about commercial registration data,Ministry of Commerce,consumer · Merchant · Commercial Registration Data,https://mc.gov.sa/en/eservices/Pages/ServiceDetails.aspx?sID=91
mc-91::en::steps,mc-91,en,steps,"- Click ""Start Service.""
- Fill in the required information: Search by establishment name or establishment's unified national number, enter a verification code, and click ""Search.""
- The commercial registration data query will appear.","Query about commercial registration data. Ministry of Commerce. consumer · Merchant · Commercial Registration Data. Steps: - Click ""Start Service.""
- Fill in the required information: Search by establishment name or establishment's unified national number, enter a verification code, and click ""Search.""
- The commercial registration data query will appear.",Query about commercial registration data,Ministry of Commerce,consumer · Merchant · Commercial Registration Data,https://mc.gov.sa/en/eservices/Pages/ServiceDetails.aspx?sID=91
mc-91::en::service_facts,mc-91,en,service_facts,"Fees: Free
Processing time: Immediate
Beneficiaries: Consumer
Merchant
Service languages: Arabic","Query about commercial registration data. Ministry of Commerce. consumer · Merchant · Commercial Registration Data. Fees & service details: Fees: Free
Processing time: Immediate
Beneficiaries: Consumer
Merchant
Service languages: Arabic",Query about commercial registration data,Ministry of Commerce,consumer · Merchant · Commercial Registration Data,https://mc.gov.sa/en/eservices/Pages/ServiceDetails.aspx?sID=91
mc-91::ar::overview,mc-91,ar,overview,خدمة إلكترونية تقدمها وزارة التجارة، تتيح للمستفيدين من الاطلاع على بيانات السجل التجاري، إلكترونيًا دون الحاجة إلى مراجعة فروع الوزارة.,الاستعلام عن بيانات السجل التجاري. وزارة التجارة. المستهلك · التاجر · بيانات السجل التجاري. نظرة عامة: خدمة إلكترونية تقدمها وزارة التجارة، تتيح للمستفيدين من الاطلاع على بيانات السجل التجاري، إلكترونيًا دون الحاجة إلى مراجعة فروع الوزارة.,الاستعلام عن بيانات السجل التجاري,وزارة التجارة,المستهلك · التاجر · بيانات السجل التجاري,https://mc.gov.sa/ar/eservices/Pages/ServiceDetails.aspx?sID=91
mc-91::ar::requirements,mc-91,ar,requirements,الشروط: - لا يوجد,الاستعلام عن بيانات السجل التجاري. وزارة التجارة. المستهلك · التاجر · بيانات السجل التجاري. الشروط: الشروط: - لا يوجد,الاستعلام عن بيانات السجل التجاري,وزارة التجارة,المستهلك · التاجر · بيانات السجل التجاري,https://mc.gov.sa/ar/eservices/Pages/ServiceDetails.aspx?sID=91
mc-91::ar::documents,mc-91,ar,documents,- لا يوجد,الاستعلام عن بيانات السجل التجاري. وزارة التجارة. المستهلك · التاجر · بيانات السجل التجاري. المستندات المطلوبة: - لا يوجد,الاستعلام عن بيانات السجل التجاري,وزارة التجارة,المستهلك · التاجر · بيانات السجل التجاري,https://mc.gov.sa/ar/eservices/Pages/ServiceDetails.aspx?sID=91
mc-91::ar::steps,mc-91,ar,steps,"- الضغط على ابدأ الخدمة.
- تعبئة البيانات المطلوبة : البحث باسم المنشأة او الرقم الوطني الموحد للمنشأة - كتابة رمز تحقق - الضغط على بحث.
- يظهر لك الاستعلام عن بيانات السجل تجاري.","الاستعلام عن بيانات السجل التجاري. وزارة التجارة. المستهلك · التاجر · بيانات السجل التجاري. الخطوات: - الضغط على ابدأ الخدمة.
- تعبئة البيانات المطلوبة : البحث باسم المنشأة او الرقم الوطني الموحد للمنشأة - كتابة رمز تحقق - الضغط على بحث.
- يظهر لك الاستعلام عن بيانات السجل تجاري.",الاستعلام عن بيانات السجل التجاري,وزارة التجارة,المستهلك · التاجر · بيانات السجل التجاري,https://mc.gov.sa/ar/eservices/Pages/ServiceDetails.aspx?sID=91
mc-91::ar::service_facts,mc-91,ar,service_facts,"الرسوم: مجانية
مدة التنفيذ: فوري
الفئة المستفيدة: المستهلك
التاجر
لغة الخدمة: العربية","الاستعلام عن بيانات السجل التجاري. وزارة التجارة. المستهلك · التاجر · بيانات السجل التجاري. الرسوم وتفاصيل الخدمة: الرسوم: مجانية
مدة التنفيذ: فوري
الفئة المستفيدة: المستهلك
التاجر
لغة الخدمة: العربية",الاستعلام عن بيانات السجل التجاري,وزارة التجارة,المستهلك · التاجر · بيانات السجل التجاري,https://mc.gov.sa/ar/eservices/Pages/ServiceDetails.aspx?sID=91
mc-92::en::overview,mc-92,en,overview,"An electronic service provided by the Ministry of Commerce through the Saudi Business Center platform, which enables beneficiaries to commence commercial activities and establish a joint-stock company. This type of company can be founded by one or more individuals or legal entities, with its capital segmented into tradable shares. The company is solely liable for its debts and obligations resulting from its operations, while the shareholder's liability is confined to the value of the shares they have subscribed to. The service facilitates the following processes:
Recording of the commercial registration and the articles of association / bylaws.
Publication of the contract in ""A'mali"" newspaper.
Opening a business file with the Ministry of Human Resources and Social Development.
Registration with the Zakat, Tax, and Customs Authority.
Registration with Social Insurance.
Subscription to the Official Business Address with Saudi Post | SPL.
Subscription to the Chamber of Commerce by location.
Electronically, without the need to visit the branch of the Saudi Business Center or the Ministry branches.
Note: When performing the service and printing the CR, an identification number for the facility is obtained from the partner government agencies mentioned above, which you will need in the future automatically,","Establish a joint stock company. Ministry of Commerce. Companies · Business sector · Proactive. Overview: An electronic service provided by the Ministry of Commerce through the Saudi Business Center platform, which enables beneficiaries to commence commercial activities and establish a joint-stock company. This type of company can be founded by one or more individuals or legal entities, with its capital segmented into tradable shares. The company is solely liable for its debts and obligations resulting from its operations, while the shareholder's liability is confined to the value of the shares they have subscribed to. The service facilitates the following processes:
Recording of the commercial registration and the articles of association / bylaws.
Publication of the contract in ""A'mali"" newspaper.
Opening a business file with the Ministry of Human Resources and Social Development.
Registration with the Zakat, Tax, and Customs Authority.
Registration with Social Insurance.
Subscription to the Official Business Address with Saudi Post | SPL.
Subscription to the Chamber of Commerce by location.
Electronically, without the need to visit the branch of the Saudi Business Center or the Ministry branches.
Note: When performing the service and printing the CR, an identification number for the facility is obtained from the partner government agencies mentioned above, which you will need in the future automatically,",Establish a joint stock company,Ministry of Commerce,Companies · Business sector · Proactive,https://mc.gov.sa/en/eservices/Pages/ServiceDetails.aspx?sID=92
mc-92::en::requirements,mc-92,en,requirements,"Conditions: - The age shall not be less than 18 years, and in the event that the applicant is a minor under the age of puberty, the guardianship deed shall be submitted.
- The partners should not be government employees.
- The commercial registration shall not be canceled, suspended or terminated, if one of the partners is a legal partner.
- The issued capital shall not be less than 500,000 SAR, and the paid-up capital shall not be less than a quarter.","Establish a joint stock company. Ministry of Commerce. Companies · Business sector · Proactive. Conditions: Conditions: - The age shall not be less than 18 years, and in the event that the applicant is a minor under the age of puberty, the guardianship deed shall be submitted.
- The partners should not be government employees.
- The commercial registration shall not be canceled, suspended or terminated, if one of the partners is a legal partner.
- The issued capital shall not be less than 500,000 SAR, and the paid-up capital shall not be less than a quarter.",Establish a joint stock company,Ministry of Commerce,Companies · Business sector · Proactive,https://mc.gov.sa/en/eservices/Pages/ServiceDetails.aspx?sID=92
mc-92::en::documents,mc-92,en,documents,"- A legal document must be present if a partner is a government entity, a non-governmental organization, a charitable committee, or a waqf, granting them the right to incorporate or participate in a company.
- A license from the Saudi Central Bank, the Insurance Authority and Capital Market Authority must be provided if the nature of the business activity so requires.
- A bank certificate must be provided if the contribution is monetary, or a certified appraiser’s report if the contribution is in-kind.
- A draft of the bylaws must be submitted.","Establish a joint stock company. Ministry of Commerce. Companies · Business sector · Proactive. Required documents: - A legal document must be present if a partner is a government entity, a non-governmental organization, a charitable committee, or a waqf, granting them the right to incorporate or participate in a company.
- A license from the Saudi Central Bank, the Insurance Authority and Capital Market Authority must be provided if the nature of the business activity so requires.
- A bank certificate must be provided if the contribution is monetary, or a certified appraiser’s report if the contribution is in-kind.
- A draft of the bylaws must be submitted.",Establish a joint stock company,Ministry of Commerce,Companies · Business sector · Proactive,https://mc.gov.sa/en/eservices/Pages/ServiceDetails.aspx?sID=92
mc-92::en::steps,mc-92,en,steps,"- Access the platform: Via the National Unified Access or the investor account through the Saudi Business Center platform.
- Select the service: From ""Electronic Services"" > ""Starting a Business"" > ""Establishing a Company.""
- Start the service: Specify the type and duration of the registration and the company's headquarters, agree to the terms, and then click ""Apply for Service.""
- Enter the establishment data: Company activities and purposes, including licensing data, if applicable. - Specify e-commerce (optional). - Add partners/founders and their information, and verify their mobile phone and email addresses. - Specify the trade name and fiscal year, and enter contact information and address.
- Company and capital data: Enter the company's duration and the decision to open branches. - Specify the type and value of capital and its distribution, with the possibility of entering in-kind assets. - Distribute profits and losses, and determine the profit-retention ratio (if applicable). - Manage share data if the company is a joint-stock or simplified joint-stock company.
- Company management: Select the administrative structure and appoint managers. - Determine the board's operating method and assign powers.
- Company contract data: Partner resolutions, partner notifications, articles of association (addition or amendment).
- Review and submit the application: Review the application summary, create a draft contract, and submit the application after review.
- Party approval: The parties approve the application via the link sent to them, using the verification code.
- Payment and completion of the application: • Pay by card or SADAD. • Review the application status and print the registration information. • Complete registration with the relevant government agencies.","Establish a joint stock company. Ministry of Commerce. Companies · Business sector · Proactive. Steps: - Access the platform: Via the National Unified Access or the investor account through the Saudi Business Center platform.
- Select the service: From ""Electronic Services"" > ""Starting a Business"" > ""Establishing a Company.""
- Start the service: Specify the type and duration of the registration and the company's headquarters, agree to the terms, and then click ""Apply for Service.""
- Enter the establishment data: Company activities and purposes, including licensing data, if applicable. - Specify e-commerce (optional). - Add partners/founders and their information, and verify their mobile phone and email addresses. - Specify the trade name and fiscal year, and enter contact information and address.
- Company and capital data: Enter the company's duration and the decision to open branches. - Specify the type and value of capital and its distribution, with the possibility of entering in-kind assets. - Distribute profits and losses, and determine the profit-retention ratio (if applicable). - Manage share data if the company is a joint-stock or simplified joint-stock company.
- Company management: Select the administrative structure and appoint managers. - Determine the board's operating method and assign powers.
- Company contract data: Partner resolutions, partner notifications, articles of association (addition or amendment).
- Review and submit the application: Review the application summary, create a draft contract, and submit the application after review.
- Party approval: The parties approve the application via the link sent to them, using the verification code.
- Payment and completion of the application: • Pay by card or SADAD. • Review the application status and print the registration information. • Complete registration with the relevant government agencies.",Establish a joint stock company,Ministry of Commerce,Companies · Business sector · Proactive,https://mc.gov.sa/en/eservices/Pages/ServiceDetails.aspx?sID=92
mc-92::en::service_facts,mc-92,en,service_facts,"Fees: 1600 for the commercial registration
500 for publication fees
15% VAT.
Processing time: immediately
Beneficiaries: Merchant
Service languages: Arabic and English","Establish a joint stock company. Ministry of Commerce. Companies · Business sector · Proactive. Fees & service details: Fees: 1600 for the commercial registration
500 for publication fees
15% VAT.
Processing time: immediately
Beneficiaries: Merchant
Service languages: Arabic and English",Establish a joint stock company,Ministry of Commerce,Companies · Business sector · Proactive,https://mc.gov.sa/en/eservices/Pages/ServiceDetails.aspx?sID=92
mc-92::ar::overview,mc-92,ar,overview,"خدمة إلكترونية تقدمها وزارة التجارة عبر منصة المركز السعودي للأعمال، تتيح للمستفيدين من البدء في ممارسة النشاط التجاري وتأسيس شركة مساهمة، يؤسسها شخص واحد أو أكثر من ذوي الصفة الطبيعية أو الاعتبارية، ويكون رأس مالها مقسمًا إلى أسهم قابلة للتداول، وتكون الشركة وحدها مسؤولة عن الديون والالتزامات المترتبة عليها أو الناشئة عن نشاطها، وتقتصر مسؤولية المساهم على أداء قيمة الأسهم التي اكتتب فيها، ومن خلال الخدمة يتم ما يلي:
قيد سجل التجاري وعقد التأسيس/ نظام الأساس.
نشر العقد في صحيفة أعمالي.
فتح ملف منشأة لدى وزارة الموارد البشرية والتنمية الاجتماعية.
التسجيل في هيئة الزكاة والضريبة والجمارك.
التسجيل في التأمينات الاجتماعية.
الاشتراك في عنوان الأعمال المعتمد لدى البريد السعودي سُبل.
الاشتراك في الغرف التجارية حسب الموقع.
إلكترونيًا دون الحاجة إلى مراجعة فرع المركز السعودي للاعمال او فرع الوزارة.
ملاحظة: عند تنفيذ الخدمة وطباعة السجل يتم الحصول على رقم تعريفي للمنشأة لدى الجهات الحكومية الشريكة المذكورة أعلاه، التي ستحتاجها مستقبلاً بشكل تلقائي","تأسيس شركة مساهمة. وزارة التجارة. الشركات · قطاع الأعمال · استباقية. نظرة عامة: خدمة إلكترونية تقدمها وزارة التجارة عبر منصة المركز السعودي للأعمال، تتيح للمستفيدين من البدء في ممارسة النشاط التجاري وتأسيس شركة مساهمة، يؤسسها شخص واحد أو أكثر من ذوي الصفة الطبيعية أو الاعتبارية، ويكون رأس مالها مقسمًا إلى أسهم قابلة للتداول، وتكون الشركة وحدها مسؤولة عن الديون والالتزامات المترتبة عليها أو الناشئة عن نشاطها، وتقتصر مسؤولية المساهم على أداء قيمة الأسهم التي اكتتب فيها، ومن خلال الخدمة يتم ما يلي:
قيد سجل التجاري وعقد التأسيس/ نظام الأساس.
نشر العقد في صحيفة أعمالي.
فتح ملف منشأة لدى وزارة الموارد البشرية والتنمية الاجتماعية.
التسجيل في هيئة الزكاة والضريبة والجمارك.
التسجيل في التأمينات الاجتماعية.
الاشتراك في عنوان الأعمال المعتمد لدى البريد السعودي سُبل.
الاشتراك في الغرف التجارية حسب الموقع.
إلكترونيًا دون الحاجة إلى مراجعة فرع المركز السعودي للاعمال او فرع الوزارة.
ملاحظة: عند تنفيذ الخدمة وطباعة السجل يتم الحصول على رقم تعريفي للمنشأة لدى الجهات الحكومية الشريكة المذكورة أعلاه، التي ستحتاجها مستقبلاً بشكل تلقائي",تأسيس شركة مساهمة,وزارة التجارة,الشركات · قطاع الأعمال · استباقية,https://mc.gov.sa/ar/eservices/Pages/ServiceDetails.aspx?sID=92
mc-92::ar::requirements,mc-92,ar,requirements,"الشروط: - ألا يقل العمر عن 18 سنة، وفي حال كان مقدم الطلب قاصرًا دون سن البلوغ يتم تقديم صك الولاية.
- ألا يكون الشركاء موظفين حكوميين.
- ألا يكون السجل التجاري مشطوبًا أو موقوفًا أو منتهيًا، في حال كان أحد الشركاء شريكًا اعتباريًا.
- ألا يقل رأس المال المصدّر عن 500,000 ر.س، ولا يقل رأس المال المدفوع عن الربع.","تأسيس شركة مساهمة. وزارة التجارة. الشركات · قطاع الأعمال · استباقية. الشروط: الشروط: - ألا يقل العمر عن 18 سنة، وفي حال كان مقدم الطلب قاصرًا دون سن البلوغ يتم تقديم صك الولاية.
- ألا يكون الشركاء موظفين حكوميين.
- ألا يكون السجل التجاري مشطوبًا أو موقوفًا أو منتهيًا، في حال كان أحد الشركاء شريكًا اعتباريًا.
- ألا يقل رأس المال المصدّر عن 500,000 ر.س، ولا يقل رأس المال المدفوع عن الربع.",تأسيس شركة مساهمة,وزارة التجارة,الشركات · قطاع الأعمال · استباقية,https://mc.gov.sa/ar/eservices/Pages/ServiceDetails.aspx?sID=92
mc-92::ar::documents,mc-92,ar,documents,"- وجود سند نظامي في حال كان أحد الشركاء جهة حكومية، أو مؤسسة أهلية، أو جمعية خيرية، أو وقفًا؛ ليخوله حق تأسيس شركة أو المشاركة في شركة.
- وجود ترخيص من البنك المركزي السعودي أو هيئة التأمين أو هيئة السوق المالية، في حال كان النشاط يتطلب ذلك.
- وجود شهادة بنكية إذا كانت الحصة نقدية، أو تقرير مقيم معتمد إذا كانت الحصة عينية.
- تقديم مسودة النظام الأساس.","تأسيس شركة مساهمة. وزارة التجارة. الشركات · قطاع الأعمال · استباقية. المستندات المطلوبة: - وجود سند نظامي في حال كان أحد الشركاء جهة حكومية، أو مؤسسة أهلية، أو جمعية خيرية، أو وقفًا؛ ليخوله حق تأسيس شركة أو المشاركة في شركة.
- وجود ترخيص من البنك المركزي السعودي أو هيئة التأمين أو هيئة السوق المالية، في حال كان النشاط يتطلب ذلك.
- وجود شهادة بنكية إذا كانت الحصة نقدية، أو تقرير مقيم معتمد إذا كانت الحصة عينية.
- تقديم مسودة النظام الأساس.",تأسيس شركة مساهمة,وزارة التجارة,الشركات · قطاع الأعمال · استباقية,https://mc.gov.sa/ar/eservices/Pages/ServiceDetails.aspx?sID=92
mc-92::ar::steps,mc-92,ar,steps,"- الدخول على المنصة: عبر النفاذ الوطني الموحد أو حساب المستثمر من خلال منصة المركز السعودي للأعمال.
- اختيار الخدمة: من ""الخدمات الإلكترونية"" > ""بدء العمل التجاري"" > ""تأسيس شركة"".
- بدء الخدمة: تحديد نوع ومدة السجل ومقر الشركة، والموافقة على الشروط، ثم الضغط على ""التقديم على الخدمة"".
- إدخال بيانات التأسيس: الأنشطة وأغراض الشركة، مع إدخال بيانات التراخيص إن وُجدت. - تحديد العمل بالتجارة الإلكترونية (اختياري). - إضافة الشركاء/المؤسسين وبياناتهم، والتحقق من الجوال والبريد الإلكتروني. - تحديد الاسم التجاري والسنة المالية، وإدخال بيانات الاتصال والعنوان.
- بيانات الشركة ورأس المال: إدخال مدة الشركة وقرار فتح الفروع. - تحديد نوع وقيمة رأس المال وتوزيعه، مع إمكانية إدخال الأصول العينية. - توزيع الأرباح والخسائر، وتحديد نسبة تجنيب الأرباح (إن وُجدت). - إدارة بيانات الأسهم إن كانت الشركة مساهمة أو مساهمة مبسطة.
- إدارة الشركة: اختيار الهيكل الإداري، وتعيين المديرين. - تحديد طريقة عمل المجلس وتعيين الصلاحيات.
- بيانات عقد الشركة: قرارات الشركاء، تبليغات الشركاء، مواد النظام الأساسي (إضافة أو تعديل).
- مراجعة وتقديم الطلب: استعراض ملخص الطلب، إنشاء مسودة العقد، ثم إرسال الطلب بعد المراجعة.
- موافقة الأطراف: الأطراف يوافقون على الطلب عبر الرابط المرسل إليهم، باستخدام رمز التحقق.
- الدفع وإتمام الطلب: • الدفع عبر البطاقة أو سداد. • استعراض حالة الطلب وطباعة معلومات السجل. • استكمال التسجيل في الجهات الحكومية المرتبطة.","تأسيس شركة مساهمة. وزارة التجارة. الشركات · قطاع الأعمال · استباقية. الخطوات: - الدخول على المنصة: عبر النفاذ الوطني الموحد أو حساب المستثمر من خلال منصة المركز السعودي للأعمال.
- اختيار الخدمة: من ""الخدمات الإلكترونية"" > ""بدء العمل التجاري"" > ""تأسيس شركة"".
- بدء الخدمة: تحديد نوع ومدة السجل ومقر الشركة، والموافقة على الشروط، ثم الضغط على ""التقديم على الخدمة"".
- إدخال بيانات التأسيس: الأنشطة وأغراض الشركة، مع إدخال بيانات التراخيص إن وُجدت. - تحديد العمل بالتجارة الإلكترونية (اختياري). - إضافة الشركاء/المؤسسين وبياناتهم، والتحقق من الجوال والبريد الإلكتروني. - تحديد الاسم التجاري والسنة المالية، وإدخال بيانات الاتصال والعنوان.
- بيانات الشركة ورأس المال: إدخال مدة الشركة وقرار فتح الفروع. - تحديد نوع وقيمة رأس المال وتوزيعه، مع إمكانية إدخال الأصول العينية. - توزيع الأرباح والخسائر، وتحديد نسبة تجنيب الأرباح (إن وُجدت). - إدارة بيانات الأسهم إن كانت الشركة مساهمة أو مساهمة مبسطة.
- إدارة الشركة: اختيار الهيكل الإداري، وتعيين المديرين. - تحديد طريقة عمل المجلس وتعيين الصلاحيات.
- بيانات عقد الشركة: قرارات الشركاء، تبليغات الشركاء، مواد النظام الأساسي (إضافة أو تعديل).
- مراجعة وتقديم الطلب: استعراض ملخص الطلب، إنشاء مسودة العقد، ثم إرسال الطلب بعد المراجعة.
- موافقة الأطراف: الأطراف يوافقون على الطلب عبر الرابط المرسل إليهم، باستخدام رمز التحقق.
- الدفع وإتمام الطلب: • الدفع عبر البطاقة أو سداد. • استعراض حالة الطلب وطباعة معلومات السجل. • استكمال التسجيل في الجهات الحكومية المرتبطة.",تأسيس شركة مساهمة,وزارة التجارة,الشركات · قطاع الأعمال · استباقية,https://mc.gov.sa/ar/eservices/Pages/ServiceDetails.aspx?sID=92
mc-92::ar::service_facts,mc-92,ar,service_facts,"الرسوم: 1600
للسجل التجاري
500
لرسوم النشر
15% ضريبة القيمة المضافة
مدة التنفيذ: فوري
الفئة المستفيدة: التاجر
لغة الخدمة: العربية والانجليزية","تأسيس شركة مساهمة. وزارة التجارة. الشركات · قطاع الأعمال · استباقية. الرسوم وتفاصيل الخدمة: الرسوم: 1600
للسجل التجاري
500
لرسوم النشر
15% ضريبة القيمة المضافة
مدة التنفيذ: فوري
الفئة المستفيدة: التاجر
لغة الخدمة: العربية والانجليزية",تأسيس شركة مساهمة,وزارة التجارة,الشركات · قطاع الأعمال · استباقية,https://mc.gov.sa/ar/eservices/Pages/ServiceDetails.aspx?sID=92
mc-94::en::overview,mc-94,en,overview,"An electronic service provided by the Ministry of Commerce through the Saudi Business Center platform, which allows beneficiaries to start practicing commercial activity and establish a simplified joint-stock company, established by one or more persons of natural or legal status, and its capital is divided into tradable shares and the provisions of joint-stock companies apply to it unless there is a special text, and through the service the following is done:
Recording of the commercial registration and the articles of association / bylaws.
Publication of the contract in ""A'mali"" newspaper.
Opening a business file with the Ministry of Human Resources and Social Development.
Registration with the Zakat, Tax, and Customs Authority.
Registration with Social Insurance.
Subscription to the Official Business Address with Saudi Post | SPL.
Subscription to the Chamber of Commerce by location.
Electronically, without the need to visit the branch of the Saudi Business Center or the Ministry branches.
Note: When performing the service and printing the CR, an identification number for the facility is obtained from the partner government agencies mentioned above, which you will need in the future automatically,","Incorporation of a simplified joint stock company. Ministry of Commerce. Companies · Business sector · Proactive. Overview: An electronic service provided by the Ministry of Commerce through the Saudi Business Center platform, which allows beneficiaries to start practicing commercial activity and establish a simplified joint-stock company, established by one or more persons of natural or legal status, and its capital is divided into tradable shares and the provisions of joint-stock companies apply to it unless there is a special text, and through the service the following is done:
Recording of the commercial registration and the articles of association / bylaws.
Publication of the contract in ""A'mali"" newspaper.
Opening a business file with the Ministry of Human Resources and Social Development.
Registration with the Zakat, Tax, and Customs Authority.
Registration with Social Insurance.
Subscription to the Official Business Address with Saudi Post | SPL.
Subscription to the Chamber of Commerce by location.
Electronically, without the need to visit the branch of the Saudi Business Center or the Ministry branches.
Note: When performing the service and printing the CR, an identification number for the facility is obtained from the partner government agencies mentioned above, which you will need in the future automatically,",Incorporation of a simplified joint stock company,Ministry of Commerce,Companies · Business sector · Proactive,https://mc.gov.sa/en/eservices/Pages/ServiceDetails.aspx?sID=94
mc-94::en::requirements,mc-94,en,requirements,"Conditions: - If one of the founders is a company, the bylaws or the articles of association must be submitted.
- In the event that one of the partners is a juridical party, the commercial registration must neither be written off, suspended or inactive.
- The age must not be less than 18 years. In the event that the partner is a minor under the age of puberty, the deed of guardianship must be submitted.
- The partners must not be government employees.
- The following must be verified in case the type of the company is (Professional): A valid professional license must be provided for the entities and professional individuals founding the company - At least one licensed shareholder must be present among the shareholders for each profession related to the practice of the professional activities of the company - The percentage of licensed Saudi shareholders in the mixed company must not be less than 25% of the shares of the company's capital - The percentage of licensed shareholders must not be less than 70% of the company's capital shares.","Incorporation of a simplified joint stock company. Ministry of Commerce. Companies · Business sector · Proactive. Conditions: Conditions: - If one of the founders is a company, the bylaws or the articles of association must be submitted.
- In the event that one of the partners is a juridical party, the commercial registration must neither be written off, suspended or inactive.
- The age must not be less than 18 years. In the event that the partner is a minor under the age of puberty, the deed of guardianship must be submitted.
- The partners must not be government employees.
- The following must be verified in case the type of the company is (Professional): A valid professional license must be provided for the entities and professional individuals founding the company - At least one licensed shareholder must be present among the shareholders for each profession related to the practice of the professional activities of the company - The percentage of licensed Saudi shareholders in the mixed company must not be less than 25% of the shares of the company's capital - The percentage of licensed shareholders must not be less than 70% of the company's capital shares.",Incorporation of a simplified joint stock company,Ministry of Commerce,Companies · Business sector · Proactive,https://mc.gov.sa/en/eservices/Pages/ServiceDetails.aspx?sID=94
mc-94::en::documents,mc-94,en,documents,"- A legal document must be provided if one of the founders is a government entity, with adherence to the rules for dealing with public entity requests, a non-governmental organization, a charitable association, or an endowment, granting them the right to establish or participate in a company.
- A license from the Saudi Central Bank or the Insurance Authority must be provided if the nature of the business activity so requires.
- A certified appraiser’s report must be provided if the contribution is in-kind and its value exceeds half of the company’s capital.
- A draft of the bylaws must be submitted.","Incorporation of a simplified joint stock company. Ministry of Commerce. Companies · Business sector · Proactive. Required documents: - A legal document must be provided if one of the founders is a government entity, with adherence to the rules for dealing with public entity requests, a non-governmental organization, a charitable association, or an endowment, granting them the right to establish or participate in a company.
- A license from the Saudi Central Bank or the Insurance Authority must be provided if the nature of the business activity so requires.
- A certified appraiser’s report must be provided if the contribution is in-kind and its value exceeds half of the company’s capital.
- A draft of the bylaws must be submitted.",Incorporation of a simplified joint stock company,Ministry of Commerce,Companies · Business sector · Proactive,https://mc.gov.sa/en/eservices/Pages/ServiceDetails.aspx?sID=94
mc-94::en::steps,mc-94,en,steps,"- Access the platform: Via the National Unified Access or the investor account through the Saudi Business Center platform.
- Select the service: From ""Electronic Services"" > ""Starting a Business"" > ""Establishing a Company.""
- Start the service: Specify the type and duration of the registration and the company's headquarters, agree to the terms, and then click ""Apply for Service.""
- Enter the establishment data: Company activities and purposes, including licensing data, if applicable. - Specify e-commerce (optional). - Add partners/founders and their information, and verify their mobile phone and email addresses. - Specify the trade name and fiscal year, and enter contact information and address.
- Company and capital data: Enter the company's duration and the decision to open branches. - Specify the type and value of capital and its distribution, with the possibility of entering in-kind assets. - Distribute profits and losses, and determine the profit-retention ratio (if applicable). - Manage share data if the company is a joint-stock or simplified joint-stock company.
- Company management: Select the administrative structure and appoint managers. - Determine the board's operating method and assign powers.
- Company contract data: Partner resolutions, partner notifications, articles of association (addition or amendment).
- Review and submit the application: Review the application summary, create a draft contract, and submit the application after review.
- Party approval: The parties approve the application via the link sent to them, using the verification code.
- Payment and completion of the application: • Pay by card or SADAD. • Review the application status and print the registration information. • Complete registration with the relevant government agencies.","Incorporation of a simplified joint stock company. Ministry of Commerce. Companies · Business sector · Proactive. Steps: - Access the platform: Via the National Unified Access or the investor account through the Saudi Business Center platform.
- Select the service: From ""Electronic Services"" > ""Starting a Business"" > ""Establishing a Company.""
- Start the service: Specify the type and duration of the registration and the company's headquarters, agree to the terms, and then click ""Apply for Service.""
- Enter the establishment data: Company activities and purposes, including licensing data, if applicable. - Specify e-commerce (optional). - Add partners/founders and their information, and verify their mobile phone and email addresses. - Specify the trade name and fiscal year, and enter contact information and address.
- Company and capital data: Enter the company's duration and the decision to open branches. - Specify the type and value of capital and its distribution, with the possibility of entering in-kind assets. - Distribute profits and losses, and determine the profit-retention ratio (if applicable). - Manage share data if the company is a joint-stock or simplified joint-stock company.
- Company management: Select the administrative structure and appoint managers. - Determine the board's operating method and assign powers.
- Company contract data: Partner resolutions, partner notifications, articles of association (addition or amendment).
- Review and submit the application: Review the application summary, create a draft contract, and submit the application after review.
- Party approval: The parties approve the application via the link sent to them, using the verification code.
- Payment and completion of the application: • Pay by card or SADAD. • Review the application status and print the registration information. • Complete registration with the relevant government agencies.",Incorporation of a simplified joint stock company,Ministry of Commerce,Companies · Business sector · Proactive,https://mc.gov.sa/en/eservices/Pages/ServiceDetails.aspx?sID=94
mc-94::en::service_facts,mc-94,en,service_facts,"Fees: 1600 for the commercial registration
500 for publication fees
15% VAT.
Processing time: immediately
Beneficiaries: Merchant
Service languages: Arabic and English","Incorporation of a simplified joint stock company. Ministry of Commerce. Companies · Business sector · Proactive. Fees & service details: Fees: 1600 for the commercial registration
500 for publication fees
15% VAT.
Processing time: immediately
Beneficiaries: Merchant
Service languages: Arabic and English",Incorporation of a simplified joint stock company,Ministry of Commerce,Companies · Business sector · Proactive,https://mc.gov.sa/en/eservices/Pages/ServiceDetails.aspx?sID=94
mc-94::ar::overview,mc-94,ar,overview,"خدمة إلكترونية تقدمها وزارة التجارة عبر منصة المركز السعودي للأعمال، تتيح للمستفيدين من البدء في ممارسة النشاط التجاري وتأسيس شركة مساهمة مُبسطة، يؤسسها شخص واحد أو أكثر من ذوي الصفة الطبيعية أو الاعتبارية، ويكون رأس مالها مقسمًا إلى أسهم قابلة للتداول وتسري عليها أحكام الشركات المساهمة ما لم يرد بها نص خاص، ومن خلال الخدمة يتم ما يلي:
قيد سجل التجاري وعقد التأسيس/ نظام الأساس.
نشر العقد في صحيفة أعمالي.
فتح ملف منشأة لدى وزارة الموارد البشرية والتنمية الاجتماعية.
التسجيل في هيئة الزكاة والضريبة والجمارك.
التسجيل في التأمينات الاجتماعية.
الاشتراك في عنوان الأعمال المعتمد لدى البريد السعودي سُبل.
الاشتراك في الغرف التجارية حسب الموقع.
إلكترونيًا دون الحاجة إلى مراجعة فرع المركز السعودي للاعمال او فرع الوزارة.
ملاحظة: عند تنفيذ الخدمة وطباعة السجل يتم الحصول على رقم تعريفي للمنشأة لدى الجهات الحكومية الشريكة المذكورة أعلاه، التي ستحتاجها مستقبلاً بشكل تلقائي،","تأسيس شركة مساهمة مبسطة. وزارة التجارة. الشركات · قطاع الأعمال · استباقية. نظرة عامة: خدمة إلكترونية تقدمها وزارة التجارة عبر منصة المركز السعودي للأعمال، تتيح للمستفيدين من البدء في ممارسة النشاط التجاري وتأسيس شركة مساهمة مُبسطة، يؤسسها شخص واحد أو أكثر من ذوي الصفة الطبيعية أو الاعتبارية، ويكون رأس مالها مقسمًا إلى أسهم قابلة للتداول وتسري عليها أحكام الشركات المساهمة ما لم يرد بها نص خاص، ومن خلال الخدمة يتم ما يلي:
قيد سجل التجاري وعقد التأسيس/ نظام الأساس.
نشر العقد في صحيفة أعمالي.
فتح ملف منشأة لدى وزارة الموارد البشرية والتنمية الاجتماعية.
التسجيل في هيئة الزكاة والضريبة والجمارك.
التسجيل في التأمينات الاجتماعية.
الاشتراك في عنوان الأعمال المعتمد لدى البريد السعودي سُبل.
الاشتراك في الغرف التجارية حسب الموقع.
إلكترونيًا دون الحاجة إلى مراجعة فرع المركز السعودي للاعمال او فرع الوزارة.
ملاحظة: عند تنفيذ الخدمة وطباعة السجل يتم الحصول على رقم تعريفي للمنشأة لدى الجهات الحكومية الشريكة المذكورة أعلاه، التي ستحتاجها مستقبلاً بشكل تلقائي،",تأسيس شركة مساهمة مبسطة,وزارة التجارة,الشركات · قطاع الأعمال · استباقية,https://mc.gov.sa/ar/eservices/Pages/ServiceDetails.aspx?sID=94
mc-94::ar::requirements,mc-94,ar,requirements,"الشروط: - التحقق من تقديم عقد التأسيس أو النظام الأساس، في حال كان أحد المؤسسين شركة.
- ألا يكون السجل التجاري مشطوبًا أو معلقًا أو موقوفًا، في حال كان أحد الشركاء شريكًا اعتباريًا.
- ألا يقل العمر عن 18 سنة، وإذا كان الشريك قاصرًا دون سن البلوغ يتم تقديم صك الولاية.
- ألا يكون الشركاء موظفين حكوميين.
- التحقق من الآتي في حال كانت صفة الشركة (مهنية): وجود رخصة مهنية سارية المفعول للكيانات والأفراد المهنيين المؤسسين للشركة - وجود مرخص واحد -على الأقل- من بين المساهمين لكل مهنة مرتبطة بممارسة المهن الحرة محل نشاط الشركة المهنية - ألا تقل نسبة المساهمين السعوديين المرخصين في الشركة المختلطة عن 25% من أسهم رأس مال الشركة - ألا تقل نسبة المساهمين المرخصين عن 70% من أسهم رأس مال الشركة.","تأسيس شركة مساهمة مبسطة. وزارة التجارة. الشركات · قطاع الأعمال · استباقية. الشروط: الشروط: - التحقق من تقديم عقد التأسيس أو النظام الأساس، في حال كان أحد المؤسسين شركة.
- ألا يكون السجل التجاري مشطوبًا أو معلقًا أو موقوفًا، في حال كان أحد الشركاء شريكًا اعتباريًا.
- ألا يقل العمر عن 18 سنة، وإذا كان الشريك قاصرًا دون سن البلوغ يتم تقديم صك الولاية.
- ألا يكون الشركاء موظفين حكوميين.
- التحقق من الآتي في حال كانت صفة الشركة (مهنية): وجود رخصة مهنية سارية المفعول للكيانات والأفراد المهنيين المؤسسين للشركة - وجود مرخص واحد -على الأقل- من بين المساهمين لكل مهنة مرتبطة بممارسة المهن الحرة محل نشاط الشركة المهنية - ألا تقل نسبة المساهمين السعوديين المرخصين في الشركة المختلطة عن 25% من أسهم رأس مال الشركة - ألا تقل نسبة المساهمين المرخصين عن 70% من أسهم رأس مال الشركة.",تأسيس شركة مساهمة مبسطة,وزارة التجارة,الشركات · قطاع الأعمال · استباقية,https://mc.gov.sa/ar/eservices/Pages/ServiceDetails.aspx?sID=94
mc-94::ar::documents,mc-94,ar,documents,"- وجود سند نظامي في حال كان أحد المؤسسين جهة حكومية مع التقيد بقواعد التعامل مع طلبات الجهات العامة، أو مؤسسة أهلية، أو جمعية خيرية، أو وقفًا؛ يخوله الحق لتأسيس شركة أو المشاركة في شركة.
- وجود ترخيص من البنك المركزي السعودي أو هيئة التأمين، في حال كان النشاط يتطلب ذلك.
- وجود تقرير مقيم معتمد إذا كانت الحصة عينية في حال زادت قيمة الحصة عن نصف رأس المال.
- تقديم مسودة النظام الأساس.","تأسيس شركة مساهمة مبسطة. وزارة التجارة. الشركات · قطاع الأعمال · استباقية. المستندات المطلوبة: - وجود سند نظامي في حال كان أحد المؤسسين جهة حكومية مع التقيد بقواعد التعامل مع طلبات الجهات العامة، أو مؤسسة أهلية، أو جمعية خيرية، أو وقفًا؛ يخوله الحق لتأسيس شركة أو المشاركة في شركة.
- وجود ترخيص من البنك المركزي السعودي أو هيئة التأمين، في حال كان النشاط يتطلب ذلك.
- وجود تقرير مقيم معتمد إذا كانت الحصة عينية في حال زادت قيمة الحصة عن نصف رأس المال.
- تقديم مسودة النظام الأساس.",تأسيس شركة مساهمة مبسطة,وزارة التجارة,الشركات · قطاع الأعمال · استباقية,https://mc.gov.sa/ar/eservices/Pages/ServiceDetails.aspx?sID=94
mc-94::ar::steps,mc-94,ar,steps,"- الدخول على المنصة: عبر النفاذ الوطني الموحد أو حساب المستثمر من خلال منصة المركز السعودي للأعمال.
- اختيار الخدمة: من ""الخدمات الإلكترونية"" > ""بدء العمل التجاري"" > ""تأسيس شركة"".
- بدء الخدمة: تحديد نوع ومدة السجل ومقر الشركة، والموافقة على الشروط، ثم الضغط على ""التقديم على الخدمة"".
- إدخال بيانات التأسيس: الأنشطة وأغراض الشركة، مع إدخال بيانات التراخيص إن وُجدت. - تحديد العمل بالتجارة الإلكترونية (اختياري). - إضافة الشركاء/المؤسسين وبياناتهم، والتحقق من الجوال والبريد الإلكتروني. - تحديد الاسم التجاري والسنة المالية، وإدخال بيانات الاتصال والعنوان.
- بيانات الشركة ورأس المال: إدخال مدة الشركة وقرار فتح الفروع. - تحديد نوع وقيمة رأس المال وتوزيعه، مع إمكانية إدخال الأصول العينية. - توزيع الأرباح والخسائر، وتحديد نسبة تجنيب الأرباح (إن وُجدت). - إدارة بيانات الأسهم إن كانت الشركة مساهمة أو مساهمة مبسطة.
- إدارة الشركة: اختيار الهيكل الإداري، وتعيين المديرين. - تحديد طريقة عمل المجلس وتعيين الصلاحيات.
- بيانات عقد الشركة: قرارات الشركاء، تبليغات الشركاء، مواد النظام الأساسي (إضافة أو تعديل).
- مراجعة وتقديم الطلب: استعراض ملخص الطلب، إنشاء مسودة العقد، ثم إرسال الطلب بعد المراجعة.
- موافقة الأطراف: الأطراف يوافقون على الطلب عبر الرابط المرسل إليهم، باستخدام رمز التحقق.
- الدفع وإتمام الطلب: • الدفع عبر البطاقة أو سداد. • استعراض حالة الطلب وطباعة معلومات السجل. • استكمال التسجيل في الجهات الحكومية المرتبطة.","تأسيس شركة مساهمة مبسطة. وزارة التجارة. الشركات · قطاع الأعمال · استباقية. الخطوات: - الدخول على المنصة: عبر النفاذ الوطني الموحد أو حساب المستثمر من خلال منصة المركز السعودي للأعمال.
- اختيار الخدمة: من ""الخدمات الإلكترونية"" > ""بدء العمل التجاري"" > ""تأسيس شركة"".
- بدء الخدمة: تحديد نوع ومدة السجل ومقر الشركة، والموافقة على الشروط، ثم الضغط على ""التقديم على الخدمة"".
- إدخال بيانات التأسيس: الأنشطة وأغراض الشركة، مع إدخال بيانات التراخيص إن وُجدت. - تحديد العمل بالتجارة الإلكترونية (اختياري). - إضافة الشركاء/المؤسسين وبياناتهم، والتحقق من الجوال والبريد الإلكتروني. - تحديد الاسم التجاري والسنة المالية، وإدخال بيانات الاتصال والعنوان.
- بيانات الشركة ورأس المال: إدخال مدة الشركة وقرار فتح الفروع. - تحديد نوع وقيمة رأس المال وتوزيعه، مع إمكانية إدخال الأصول العينية. - توزيع الأرباح والخسائر، وتحديد نسبة تجنيب الأرباح (إن وُجدت). - إدارة بيانات الأسهم إن كانت الشركة مساهمة أو مساهمة مبسطة.
- إدارة الشركة: اختيار الهيكل الإداري، وتعيين المديرين. - تحديد طريقة عمل المجلس وتعيين الصلاحيات.
- بيانات عقد الشركة: قرارات الشركاء، تبليغات الشركاء، مواد النظام الأساسي (إضافة أو تعديل).
- مراجعة وتقديم الطلب: استعراض ملخص الطلب، إنشاء مسودة العقد، ثم إرسال الطلب بعد المراجعة.
- موافقة الأطراف: الأطراف يوافقون على الطلب عبر الرابط المرسل إليهم، باستخدام رمز التحقق.
- الدفع وإتمام الطلب: • الدفع عبر البطاقة أو سداد. • استعراض حالة الطلب وطباعة معلومات السجل. • استكمال التسجيل في الجهات الحكومية المرتبطة.",تأسيس شركة مساهمة مبسطة,وزارة التجارة,الشركات · قطاع الأعمال · استباقية,https://mc.gov.sa/ar/eservices/Pages/ServiceDetails.aspx?sID=94
mc-94::ar::service_facts,mc-94,ar,service_facts,"الرسوم: 1600
للسجل التجاري
500
لرسوم النشر
15% ضريبة القيمة المضافة
مدة التنفيذ: فوري
الفئة المستفيدة: التاجر
لغة الخدمة: العربية والانجليزية","تأسيس شركة مساهمة مبسطة. وزارة التجارة. الشركات · قطاع الأعمال · استباقية. الرسوم وتفاصيل الخدمة: الرسوم: 1600
للسجل التجاري
500
لرسوم النشر
15% ضريبة القيمة المضافة
مدة التنفيذ: فوري
الفئة المستفيدة: التاجر
لغة الخدمة: العربية والانجليزية",تأسيس شركة مساهمة مبسطة,وزارة التجارة,الشركات · قطاع الأعمال · استباقية,https://mc.gov.sa/ar/eservices/Pages/ServiceDetails.aspx?sID=94
mc-97::en::overview,mc-97,en,overview,"An electronic service provided by the Ministry of Commerce through the Saudi Business Center platform, which enables beneficiaries to engage in commercial activities and establish a joint-stock company. This type of company is formed by two or more natural or legal entities who are individually liable for their own investments and collectively for the company's debts and obligations. A partner in such a company attains the status of a merchant. The service facilitates the following processes:
Recording of the commercial registration and the articles of association / bylaws.
Publication of the contract in ""A'mali"" newspaper.
Opening a business file with the Ministry of Human Resources and Social Development.
Registration with the Zakat, Tax, and Customs Authority.
Registration with Social Insurance.
Subscription to the Official Business Address with Saudi Post | SPL.
Subscription to the Chamber of Commerce by location.
Electronically, without the need to visit the branch of the Saudi Business Center or the Ministry branches.
Note: When performing the service and printing the CR, an identification number for the facility is obtained from the partner government agencies mentioned above, which you will need in the future automatically,","Establishing a solidarity company. Ministry of Commerce. Companies · Business sector · Proactive. Overview: An electronic service provided by the Ministry of Commerce through the Saudi Business Center platform, which enables beneficiaries to engage in commercial activities and establish a joint-stock company. This type of company is formed by two or more natural or legal entities who are individually liable for their own investments and collectively for the company's debts and obligations. A partner in such a company attains the status of a merchant. The service facilitates the following processes:
Recording of the commercial registration and the articles of association / bylaws.
Publication of the contract in ""A'mali"" newspaper.
Opening a business file with the Ministry of Human Resources and Social Development.
Registration with the Zakat, Tax, and Customs Authority.
Registration with Social Insurance.
Subscription to the Official Business Address with Saudi Post | SPL.
Subscription to the Chamber of Commerce by location.
Electronically, without the need to visit the branch of the Saudi Business Center or the Ministry branches.
Note: When performing the service and printing the CR, an identification number for the facility is obtained from the partner government agencies mentioned above, which you will need in the future automatically,",Establishing a solidarity company,Ministry of Commerce,Companies · Business sector · Proactive,https://mc.gov.sa/en/eservices/Pages/ServiceDetails.aspx?sID=97
mc-97::en::requirements,mc-97,en,requirements,"Conditions: - In the event that one of the partners is a juridical party, the commercial registration must neither be written off, suspended or inactive.
- The age must not be less than 18 years. In the event that the partner is a minor under the age of puberty, the deed of guardianship must be submitted.
- The partners must not be government employees.
- The following must be verified in case the type of the company is (Professional) - The partners must hold a valid professional license - The percentage of the licensed Saudi partner in the mixed company must not be less than 25% - The percentage of licensed partners must not be less than 70%.","Establishing a solidarity company. Ministry of Commerce. Companies · Business sector · Proactive. Conditions: Conditions: - In the event that one of the partners is a juridical party, the commercial registration must neither be written off, suspended or inactive.
- The age must not be less than 18 years. In the event that the partner is a minor under the age of puberty, the deed of guardianship must be submitted.
- The partners must not be government employees.
- The following must be verified in case the type of the company is (Professional) - The partners must hold a valid professional license - The percentage of the licensed Saudi partner in the mixed company must not be less than 25% - The percentage of licensed partners must not be less than 70%.",Establishing a solidarity company,Ministry of Commerce,Companies · Business sector · Proactive,https://mc.gov.sa/en/eservices/Pages/ServiceDetails.aspx?sID=97
mc-97::en::documents,mc-97,en,documents,"- A legal document must be present if a partner is a government entity, a non-governmental organization, a charitable committee, or a waqf, granting them the right to incorporate or participate in a company.
- A license or initial approval from the Saudi Central Bank must be obtained if the nature of the business activity so requires.","Establishing a solidarity company. Ministry of Commerce. Companies · Business sector · Proactive. Required documents: - A legal document must be present if a partner is a government entity, a non-governmental organization, a charitable committee, or a waqf, granting them the right to incorporate or participate in a company.
- A license or initial approval from the Saudi Central Bank must be obtained if the nature of the business activity so requires.",Establishing a solidarity company,Ministry of Commerce,Companies · Business sector · Proactive,https://mc.gov.sa/en/eservices/Pages/ServiceDetails.aspx?sID=97
mc-97::en::steps,mc-97,en,steps,"- Log in to the Saudi Business Center platform
- Choose the service of establishing a joint venture company
- Click on Start Service
- Determine the number of partners
- Determine the status of the company (optional)
- Applying for the service
- The duration of the record, the location, activities and purposes of the company
- Partner data
- Commercial registry data
- Company Data
- Company management data
- Company contract data
- Order summary","Establishing a solidarity company. Ministry of Commerce. Companies · Business sector · Proactive. Steps: - Log in to the Saudi Business Center platform
- Choose the service of establishing a joint venture company
- Click on Start Service
- Determine the number of partners
- Determine the status of the company (optional)
- Applying for the service
- The duration of the record, the location, activities and purposes of the company
- Partner data
- Commercial registry data
- Company Data
- Company management data
- Company contract data
- Order summary",Establishing a solidarity company,Ministry of Commerce,Companies · Business sector · Proactive,https://mc.gov.sa/en/eservices/Pages/ServiceDetails.aspx?sID=97
mc-97::en::service_facts,mc-97,en,service_facts,"Fees: 1000 for the commercial registration
500 for publication fees
15% VAT.
Processing time: immediately
Beneficiaries: Merchant
Service languages: Arabic and English","Establishing a solidarity company. Ministry of Commerce. Companies · Business sector · Proactive. Fees & service details: Fees: 1000 for the commercial registration
500 for publication fees
15% VAT.
Processing time: immediately
Beneficiaries: Merchant
Service languages: Arabic and English",Establishing a solidarity company,Ministry of Commerce,Companies · Business sector · Proactive,https://mc.gov.sa/en/eservices/Pages/ServiceDetails.aspx?sID=97
mc-97::ar::overview,mc-97,ar,overview,"خدمة إلكترونية تقدمها وزارة التجارة عبر منصة المركز السعودي للأعمال، تتيح للمستفيدين من البدء في ممارسة النشاط التجاري وتأسيس شركة تضامنية، يؤسسها شخصان أو أكثر من ذوي الصفة الطبيعية أو الاعتبارية؛ يكونون مسؤولين فيها شخصيًا عن جميع أموالهم وبالتضامن عن ديون الشركة والتزاماتها، ويكتسب الشريك فيها صفة التاجر. ومن خلال الخدمة يتم ما يلي:
قيد سجل التجاري وعقد التأسيس/ نظام الأساس.
نشر العقد في صحيفة أعمالي.
فتح ملف منشأة لدى وزارة الموارد البشرية والتنمية الاجتماعية.
التسجيل في هيئة الزكاة والضريبة والجمارك.
التسجيل في التأمينات الاجتماعية.
الاشتراك في عنوان الأعمال المعتمد لدى البريد السعودي سُبل.
الاشتراك في الغرف التجارية حسب الموقع.
إلكترونيًا دون الحاجة إلى مراجعة فرع المركز السعودي للاعمال او فرع الوزارة.
ملاحظة: عند تنفيذ الخدمة وطباعة السجل يتم الحصول على رقم تعريفي للمنشأة لدى الجهات الحكومية الشريكة المذكورة أعلاه،","تأسيس شركة تضامنية. وزارة التجارة. الشركات · قطاع الأعمال · استباقية. نظرة عامة: خدمة إلكترونية تقدمها وزارة التجارة عبر منصة المركز السعودي للأعمال، تتيح للمستفيدين من البدء في ممارسة النشاط التجاري وتأسيس شركة تضامنية، يؤسسها شخصان أو أكثر من ذوي الصفة الطبيعية أو الاعتبارية؛ يكونون مسؤولين فيها شخصيًا عن جميع أموالهم وبالتضامن عن ديون الشركة والتزاماتها، ويكتسب الشريك فيها صفة التاجر. ومن خلال الخدمة يتم ما يلي:
قيد سجل التجاري وعقد التأسيس/ نظام الأساس.
نشر العقد في صحيفة أعمالي.
فتح ملف منشأة لدى وزارة الموارد البشرية والتنمية الاجتماعية.
التسجيل في هيئة الزكاة والضريبة والجمارك.
التسجيل في التأمينات الاجتماعية.
الاشتراك في عنوان الأعمال المعتمد لدى البريد السعودي سُبل.
الاشتراك في الغرف التجارية حسب الموقع.
إلكترونيًا دون الحاجة إلى مراجعة فرع المركز السعودي للاعمال او فرع الوزارة.
ملاحظة: عند تنفيذ الخدمة وطباعة السجل يتم الحصول على رقم تعريفي للمنشأة لدى الجهات الحكومية الشريكة المذكورة أعلاه،",تأسيس شركة تضامنية,وزارة التجارة,الشركات · قطاع الأعمال · استباقية,https://mc.gov.sa/ar/eservices/Pages/ServiceDetails.aspx?sID=97
mc-97::ar::requirements,mc-97,ar,requirements,"الشروط: - ألا يكون السجل التجاري مشطوبًا أو معلقًا، في حال كان أحد الشركاء شريكًا اعتباريًا.
- ألا يقل العمر عن 18 سنة، وإذا كان الشريك قاصرًا دون سن البلوغ يتم تقديم صك الولاية.
- ألا يكون الشركاء موظفين حكوميين.
- التحقق من الآتي في حال كانت صفة الشركة (مهنية): وجود رخصة مهنية سارية المفعول للشركاء - ألا تقل نسبة الشريك السعودي المرخص في الشركة المختلطة عن 25% - ألا تقل نسبة الشركاء المرخصين عن 70%.","تأسيس شركة تضامنية. وزارة التجارة. الشركات · قطاع الأعمال · استباقية. الشروط: الشروط: - ألا يكون السجل التجاري مشطوبًا أو معلقًا، في حال كان أحد الشركاء شريكًا اعتباريًا.
- ألا يقل العمر عن 18 سنة، وإذا كان الشريك قاصرًا دون سن البلوغ يتم تقديم صك الولاية.
- ألا يكون الشركاء موظفين حكوميين.
- التحقق من الآتي في حال كانت صفة الشركة (مهنية): وجود رخصة مهنية سارية المفعول للشركاء - ألا تقل نسبة الشريك السعودي المرخص في الشركة المختلطة عن 25% - ألا تقل نسبة الشركاء المرخصين عن 70%.",تأسيس شركة تضامنية,وزارة التجارة,الشركات · قطاع الأعمال · استباقية,https://mc.gov.sa/ar/eservices/Pages/ServiceDetails.aspx?sID=97
mc-97::ar::documents,mc-97,ar,documents,"- وجود سند نظامي في حال كان أحد الشركاء جهة حكومية، أو مؤسسة أهلية، أو جمعية خيرية، أو وقفًا؛ ليخوله حق تأسيس شركة أو المشاركة في شركة.
- وجود ترخيص أو موافقة مبدئية من البنك المركزي السعودي في حال كان النشاط يتطلب ذلك.","تأسيس شركة تضامنية. وزارة التجارة. الشركات · قطاع الأعمال · استباقية. المستندات المطلوبة: - وجود سند نظامي في حال كان أحد الشركاء جهة حكومية، أو مؤسسة أهلية، أو جمعية خيرية، أو وقفًا؛ ليخوله حق تأسيس شركة أو المشاركة في شركة.
- وجود ترخيص أو موافقة مبدئية من البنك المركزي السعودي في حال كان النشاط يتطلب ذلك.",تأسيس شركة تضامنية,وزارة التجارة,الشركات · قطاع الأعمال · استباقية,https://mc.gov.sa/ar/eservices/Pages/ServiceDetails.aspx?sID=97
mc-97::ar::steps,mc-97,ar,steps,"- الدخول على منصة المركز السعودي للأعمال
- اختيار خدمة تأسيس شركة تضامنية
- اضغط على ابدا الخدمة
- تحديد عدد الشركاء
- تحديد صفة الشركة (اختياري)
- التقديم على الخدمة
- مدة السجل و مقر و أنشطة وأغراض الشركة
- بيانات الشركاء
- بيانات السجل التجاري
- بيانات الشركة
- بيانات إدارة الشركة
- بيانات عقد الشركة
- ملخص الطلب","تأسيس شركة تضامنية. وزارة التجارة. الشركات · قطاع الأعمال · استباقية. الخطوات: - الدخول على منصة المركز السعودي للأعمال
- اختيار خدمة تأسيس شركة تضامنية
- اضغط على ابدا الخدمة
- تحديد عدد الشركاء
- تحديد صفة الشركة (اختياري)
- التقديم على الخدمة
- مدة السجل و مقر و أنشطة وأغراض الشركة
- بيانات الشركاء
- بيانات السجل التجاري
- بيانات الشركة
- بيانات إدارة الشركة
- بيانات عقد الشركة
- ملخص الطلب",تأسيس شركة تضامنية,وزارة التجارة,الشركات · قطاع الأعمال · استباقية,https://mc.gov.sa/ar/eservices/Pages/ServiceDetails.aspx?sID=97
mc-97::ar::service_facts,mc-97,ar,service_facts,"الرسوم: 1000
للسجل التجاري
500
لرسوم النشر
15% ضريبة القيمة المضافة
مدة التنفيذ: فوري
الفئة المستفيدة: التاجر
لغة الخدمة: العربية والانجليزية","تأسيس شركة تضامنية. وزارة التجارة. الشركات · قطاع الأعمال · استباقية. الرسوم وتفاصيل الخدمة: الرسوم: 1000
للسجل التجاري
500
لرسوم النشر
15% ضريبة القيمة المضافة
مدة التنفيذ: فوري
الفئة المستفيدة: التاجر
لغة الخدمة: العربية والانجليزية",تأسيس شركة تضامنية,وزارة التجارة,الشركات · قطاع الأعمال · استباقية,https://mc.gov.sa/ar/eservices/Pages/ServiceDetails.aspx?sID=97
mc-98::en::overview,mc-98,en,overview,"An electronic service provided by the Ministry of Commerce through the Saudi Business Center platform, which enables beneficiaries to initiate commercial activities and set up a simple limited partnership. This partnership comprises two parties: the joint partner, who bears full responsibility for the company's debts and obligations, and the silent partner, who is liable only to the extent of their capital contribution. This service facilitates the following actions:
Recording of the commercial registration and the articles of association / bylaws.
Publication of the contract in ""A'mali"" newspaper.
Opening a business file with the Ministry of Human Resources and Social Development.
Registration with the Zakat, Tax, and Customs Authority.
Registration with Social Insurance.
Subscription to the Official Business Address with Saudi Post | SPL.
Subscription to the Chamber of Commerce by location.
Electronically, without the need to visit the branch of the Saudi Business Center or the Ministry branches.
Note: When performing the service and printing the CR, an identification number for the facility is obtained from the partner government agencies mentioned above, which you will need in the future automatically,","Establish a simple company. Ministry of Commerce. Companies · Business sector · Proactive. Overview: An electronic service provided by the Ministry of Commerce through the Saudi Business Center platform, which enables beneficiaries to initiate commercial activities and set up a simple limited partnership. This partnership comprises two parties: the joint partner, who bears full responsibility for the company's debts and obligations, and the silent partner, who is liable only to the extent of their capital contribution. This service facilitates the following actions:
Recording of the commercial registration and the articles of association / bylaws.
Publication of the contract in ""A'mali"" newspaper.
Opening a business file with the Ministry of Human Resources and Social Development.
Registration with the Zakat, Tax, and Customs Authority.
Registration with Social Insurance.
Subscription to the Official Business Address with Saudi Post | SPL.
Subscription to the Chamber of Commerce by location.
Electronically, without the need to visit the branch of the Saudi Business Center or the Ministry branches.
Note: When performing the service and printing the CR, an identification number for the facility is obtained from the partner government agencies mentioned above, which you will need in the future automatically,",Establish a simple company,Ministry of Commerce,Companies · Business sector · Proactive,https://mc.gov.sa/en/eservices/Pages/ServiceDetails.aspx?sID=98
mc-98::en::requirements,mc-98,en,requirements,"Conditions: - In the event that one of the partners is a juridical party, the commercial registration must neither be written off, suspended or inactive.
- The age must not be less than 18 years. In the event that the partner is a minor under the age of puberty, the deed of guardianship must be submitted.
- The partners must not be government employees.
- The following must be verified in case the type of the company is (Professional): - The partners must hold a valid professional license - The percentage of the licensed Saudi partner in the mixed company must not be less than 25% - The percentage of licensed partners must not be less than 70%.","Establish a simple company. Ministry of Commerce. Companies · Business sector · Proactive. Conditions: Conditions: - In the event that one of the partners is a juridical party, the commercial registration must neither be written off, suspended or inactive.
- The age must not be less than 18 years. In the event that the partner is a minor under the age of puberty, the deed of guardianship must be submitted.
- The partners must not be government employees.
- The following must be verified in case the type of the company is (Professional): - The partners must hold a valid professional license - The percentage of the licensed Saudi partner in the mixed company must not be less than 25% - The percentage of licensed partners must not be less than 70%.",Establish a simple company,Ministry of Commerce,Companies · Business sector · Proactive,https://mc.gov.sa/en/eservices/Pages/ServiceDetails.aspx?sID=98
mc-98::en::documents,mc-98,en,documents,"- A legal document must be present if a partner is a government entity, a non-governmental organization, a charitable committee, or a waqf, granting them the right to incorporate or participate in a company.
- A license or initial approval from the Saudi Central Bank must be obtained if the nature of the business activity so requires.","Establish a simple company. Ministry of Commerce. Companies · Business sector · Proactive. Required documents: - A legal document must be present if a partner is a government entity, a non-governmental organization, a charitable committee, or a waqf, granting them the right to incorporate or participate in a company.
- A license or initial approval from the Saudi Central Bank must be obtained if the nature of the business activity so requires.",Establish a simple company,Ministry of Commerce,Companies · Business sector · Proactive,https://mc.gov.sa/en/eservices/Pages/ServiceDetails.aspx?sID=98
mc-98::en::steps,mc-98,en,steps,"- Enter the Saudi Business Center platform
- Choosing a limited partnership company formation service
- Click on Start Service
- Determine the number of partners
- Determine the status of the company (optional)
- Applying for the service
- The duration of the record, the location, activities and purposes of the company
- Partner data
- Commercial registry data
- Company Data
- Company management data
- Company contract data
- Order summary","Establish a simple company. Ministry of Commerce. Companies · Business sector · Proactive. Steps: - Enter the Saudi Business Center platform
- Choosing a limited partnership company formation service
- Click on Start Service
- Determine the number of partners
- Determine the status of the company (optional)
- Applying for the service
- The duration of the record, the location, activities and purposes of the company
- Partner data
- Commercial registry data
- Company Data
- Company management data
- Company contract data
- Order summary",Establish a simple company,Ministry of Commerce,Companies · Business sector · Proactive,https://mc.gov.sa/en/eservices/Pages/ServiceDetails.aspx?sID=98
mc-98::en::service_facts,mc-98,en,service_facts,"Fees: 1000 for the commercial registration
500 for publication fees
15% VAT.
Processing time: immediately
Beneficiaries: Merchant
Service languages: Arabic and English","Establish a simple company. Ministry of Commerce. Companies · Business sector · Proactive. Fees & service details: Fees: 1000 for the commercial registration
500 for publication fees
15% VAT.
Processing time: immediately
Beneficiaries: Merchant
Service languages: Arabic and English",Establish a simple company,Ministry of Commerce,Companies · Business sector · Proactive,https://mc.gov.sa/en/eservices/Pages/ServiceDetails.aspx?sID=98
mc-98::ar::overview,mc-98,ar,overview,"خدمة إلكترونية تقدمها وزارة التجارة عبر منصة المركز السعودي للأعمال، تتيح للمستفيدين من البدء في ممارسة النشاط التجاري وتأسيس شركة توصية بسيطة، تتكون من فريقين (المتضامن) وهو المسؤول عن ديون والتزامات الشركة، و(الموصي) وهو الذي لا يكون مسؤولًا إلا في حدود حصته في رأس المال، ومن خلال الخدمة يتم ما يلي:
قيد سجل التجاري وعقد التأسيس/ نظام الأساس.
نشر العقد في صحيفة أعمالي.
فتح ملف منشأة لدى وزارة الموارد البشرية والتنمية الاجتماعية.
التسجيل في هيئة الزكاة والضريبة والجمارك.
التسجيل في التأمينات الاجتماعية.
الاشتراك في عنوان الأعمال المعتمد لدى البريد السعودي سُبل.
الاشتراك في الغرف التجارية حسب الموقع.
إلكترونيًا دون الحاجة إلى مراجعة فرع المركز السعودي للاعمال او فرع الوزارة.
ملاحظة: عند تنفيذ الخدمة وطباعة السجل يتم الحصول على رقم تعريفي للمنشأة لدى الجهات الحكومية الشريكة المذكورة أعلاه، التي ستحتاجها مستقبلاً بشكل تلقائي،","تأسيس شركة توصية بسيطة. وزارة التجارة. الشركات · قطاع الأعمال · استباقية. نظرة عامة: خدمة إلكترونية تقدمها وزارة التجارة عبر منصة المركز السعودي للأعمال، تتيح للمستفيدين من البدء في ممارسة النشاط التجاري وتأسيس شركة توصية بسيطة، تتكون من فريقين (المتضامن) وهو المسؤول عن ديون والتزامات الشركة، و(الموصي) وهو الذي لا يكون مسؤولًا إلا في حدود حصته في رأس المال، ومن خلال الخدمة يتم ما يلي:
قيد سجل التجاري وعقد التأسيس/ نظام الأساس.
نشر العقد في صحيفة أعمالي.
فتح ملف منشأة لدى وزارة الموارد البشرية والتنمية الاجتماعية.
التسجيل في هيئة الزكاة والضريبة والجمارك.
التسجيل في التأمينات الاجتماعية.
الاشتراك في عنوان الأعمال المعتمد لدى البريد السعودي سُبل.
الاشتراك في الغرف التجارية حسب الموقع.
إلكترونيًا دون الحاجة إلى مراجعة فرع المركز السعودي للاعمال او فرع الوزارة.
ملاحظة: عند تنفيذ الخدمة وطباعة السجل يتم الحصول على رقم تعريفي للمنشأة لدى الجهات الحكومية الشريكة المذكورة أعلاه، التي ستحتاجها مستقبلاً بشكل تلقائي،",تأسيس شركة توصية بسيطة,وزارة التجارة,الشركات · قطاع الأعمال · استباقية,https://mc.gov.sa/ar/eservices/Pages/ServiceDetails.aspx?sID=98
mc-98::ar::requirements,mc-98,ar,requirements,"الشروط: - ألا يكون السجل التجاري مشطوبًا أو معلقًا، في حال كان أحد الشركاء شريكًا اعتباريًا.
- ألا يقل العمر عن 18 سنة، وإذا كان الشريك قاصرًا دون سن البلوغ يتم تقديم صك الولاية.
- ألا يكون الشركاء موظفين حكوميين.
- التحقق من الآتي في حال كانت صفة الشركة (مهنية): وجود رخصة مهنية سارية المفعول للشركاء - ألا تقل نسبة الشريك السعودي المرخص في الشركة المختلطة عن 25% - ألا تقل نسبة الشركاء المرخصين عن 70%.","تأسيس شركة توصية بسيطة. وزارة التجارة. الشركات · قطاع الأعمال · استباقية. الشروط: الشروط: - ألا يكون السجل التجاري مشطوبًا أو معلقًا، في حال كان أحد الشركاء شريكًا اعتباريًا.
- ألا يقل العمر عن 18 سنة، وإذا كان الشريك قاصرًا دون سن البلوغ يتم تقديم صك الولاية.
- ألا يكون الشركاء موظفين حكوميين.
- التحقق من الآتي في حال كانت صفة الشركة (مهنية): وجود رخصة مهنية سارية المفعول للشركاء - ألا تقل نسبة الشريك السعودي المرخص في الشركة المختلطة عن 25% - ألا تقل نسبة الشركاء المرخصين عن 70%.",تأسيس شركة توصية بسيطة,وزارة التجارة,الشركات · قطاع الأعمال · استباقية,https://mc.gov.sa/ar/eservices/Pages/ServiceDetails.aspx?sID=98
mc-98::ar::documents,mc-98,ar,documents,"- وجود سند نظامي في حال كان أحد الشركاء جهة حكومية، أو مؤسسة أهلية، أو جمعية خيرية، أو وقفًا؛ ليخوله حق تأسيس شركة أو المشاركة في شركة.
- وجود ترخيص من البنك المركزي السعودي في حال كان النشاط يتطلب ذلك.","تأسيس شركة توصية بسيطة. وزارة التجارة. الشركات · قطاع الأعمال · استباقية. المستندات المطلوبة: - وجود سند نظامي في حال كان أحد الشركاء جهة حكومية، أو مؤسسة أهلية، أو جمعية خيرية، أو وقفًا؛ ليخوله حق تأسيس شركة أو المشاركة في شركة.
- وجود ترخيص من البنك المركزي السعودي في حال كان النشاط يتطلب ذلك.",تأسيس شركة توصية بسيطة,وزارة التجارة,الشركات · قطاع الأعمال · استباقية,https://mc.gov.sa/ar/eservices/Pages/ServiceDetails.aspx?sID=98
mc-98::ar::steps,mc-98,ar,steps,"- الدخول على منصة المركز السعودي للأعمال
- اختيار خدمة تأسيس شركة توصية بسيطة
- اضغط على ابدا الخدمة
- تحديد عدد الشركاء
- تحديد صفة الشركة (اختياري)
- التقديم على الخدمة
- مدة السجل و مقر و أنشطة وأغراض الشركة
- بيانات الشركاء
- بيانات السجل التجاري
- بيانات الشركة
- بيانات إدارة الشركة
- بيانات عقد الشركة
- ملخص الطلب","تأسيس شركة توصية بسيطة. وزارة التجارة. الشركات · قطاع الأعمال · استباقية. الخطوات: - الدخول على منصة المركز السعودي للأعمال
- اختيار خدمة تأسيس شركة توصية بسيطة
- اضغط على ابدا الخدمة
- تحديد عدد الشركاء
- تحديد صفة الشركة (اختياري)
- التقديم على الخدمة
- مدة السجل و مقر و أنشطة وأغراض الشركة
- بيانات الشركاء
- بيانات السجل التجاري
- بيانات الشركة
- بيانات إدارة الشركة
- بيانات عقد الشركة
- ملخص الطلب",تأسيس شركة توصية بسيطة,وزارة التجارة,الشركات · قطاع الأعمال · استباقية,https://mc.gov.sa/ar/eservices/Pages/ServiceDetails.aspx?sID=98
mc-98::ar::service_facts,mc-98,ar,service_facts,"الرسوم: 1000
للسجل التجاري
500
لرسوم النشر
15% ضريبة القيمة المضافة
مدة التنفيذ: فوري
الفئة المستفيدة: التاجر
لغة الخدمة: العربية والانجليزية","تأسيس شركة توصية بسيطة. وزارة التجارة. الشركات · قطاع الأعمال · استباقية. الرسوم وتفاصيل الخدمة: الرسوم: 1000
للسجل التجاري
500
لرسوم النشر
15% ضريبة القيمة المضافة
مدة التنفيذ: فوري
الفئة المستفيدة: التاجر
لغة الخدمة: العربية والانجليزية",تأسيس شركة توصية بسيطة,وزارة التجارة,الشركات · قطاع الأعمال · استباقية,https://mc.gov.sa/ar/eservices/Pages/ServiceDetails.aspx?sID=98
mc-99::en::overview,mc-99,en,overview,"An electronic service provided by the Ministry of Commerce through the Saudi Business Center platform, which enables beneficiaries to engage in commercial activities and set up a limited liability company. This type of company can be founded by one or more individuals or entities, with its liability separate from the personal financial liability of its partners or owners. The company is solely accountable for its debts and obligations resulting from its operations, and the liability of each owner or partner is limited to their contribution to the capital. The service accomplishes the following:
Recording of the commercial registration and the articles of association / bylaws.
Publication of the contract in ""A'mali"" newspaper.
Opening a business file with the Ministry of Human Resources and Social Development.
Registration with the Zakat, Tax, and Customs Authority.
Registration with Social Insurance.
Subscription to the Official Business Address with Saudi Post | SPL.
Subscription to the Chamber of Commerce by location.
Electronically, without the need to visit the branch of the Saudi Business Center or the Ministry branches.
Note: When performing the service and printing the CR, an identification number for the facility is obtained from the partner government agencies mentioned above, which you will need in the future automatically,","Establish a limited liability company. Ministry of Commerce. Companies · Business sector · Proactive. Overview: An electronic service provided by the Ministry of Commerce through the Saudi Business Center platform, which enables beneficiaries to engage in commercial activities and set up a limited liability company. This type of company can be founded by one or more individuals or entities, with its liability separate from the personal financial liability of its partners or owners. The company is solely accountable for its debts and obligations resulting from its operations, and the liability of each owner or partner is limited to their contribution to the capital. The service accomplishes the following:
Recording of the commercial registration and the articles of association / bylaws.
Publication of the contract in ""A'mali"" newspaper.
Opening a business file with the Ministry of Human Resources and Social Development.
Registration with the Zakat, Tax, and Customs Authority.
Registration with Social Insurance.
Subscription to the Official Business Address with Saudi Post | SPL.
Subscription to the Chamber of Commerce by location.
Electronically, without the need to visit the branch of the Saudi Business Center or the Ministry branches.
Note: When performing the service and printing the CR, an identification number for the facility is obtained from the partner government agencies mentioned above, which you will need in the future automatically,",Establish a limited liability company,Ministry of Commerce,Companies · Business sector · Proactive,https://mc.gov.sa/en/eservices/Pages/ServiceDetails.aspx?sID=99
mc-99::en::requirements,mc-99,en,requirements,"Conditions: - The existence of a legal document, if one of the partners is a government agency, a civil institution, a charitable association, or an endowment, entitling them to establish a company or participate in one.
- The existence of a license or preliminary approval from the Saudi Central Bank, if the activity requires it.
- The commercial registration must not be cancelled or suspended, if one of the partners is a legal partner.
- The age must not be less than 18 years, and if the partner is a minor, a guardianship deed must be submitted.
- The partners must not be government employees.
- The following must be verified if the company is a (professional) company: - The partners must have a valid professional license. - The percentage of licensed Saudi partners in the joint venture must not be less than 25%. - The percentage of licensed partners must not be less than 70%.","Establish a limited liability company. Ministry of Commerce. Companies · Business sector · Proactive. Conditions: Conditions: - The existence of a legal document, if one of the partners is a government agency, a civil institution, a charitable association, or an endowment, entitling them to establish a company or participate in one.
- The existence of a license or preliminary approval from the Saudi Central Bank, if the activity requires it.
- The commercial registration must not be cancelled or suspended, if one of the partners is a legal partner.
- The age must not be less than 18 years, and if the partner is a minor, a guardianship deed must be submitted.
- The partners must not be government employees.
- The following must be verified if the company is a (professional) company: - The partners must have a valid professional license. - The percentage of licensed Saudi partners in the joint venture must not be less than 25%. - The percentage of licensed partners must not be less than 70%.",Establish a limited liability company,Ministry of Commerce,Companies · Business sector · Proactive,https://mc.gov.sa/en/eservices/Pages/ServiceDetails.aspx?sID=99
mc-99::en::documents,mc-99,en,documents,"- A legal document must be present if a partner is a government entity, a non-governmental organization, a charitable committee, or a waqf, granting them the right to incorporate or participate in a company.
- A license or initial approval from the Saudi Central Bank must be obtained if the nature of the business activity so requires.","Establish a limited liability company. Ministry of Commerce. Companies · Business sector · Proactive. Required documents: - A legal document must be present if a partner is a government entity, a non-governmental organization, a charitable committee, or a waqf, granting them the right to incorporate or participate in a company.
- A license or initial approval from the Saudi Central Bank must be obtained if the nature of the business activity so requires.",Establish a limited liability company,Ministry of Commerce,Companies · Business sector · Proactive,https://mc.gov.sa/en/eservices/Pages/ServiceDetails.aspx?sID=99
mc-99::en::steps,mc-99,en,steps,"- Enter the Saudi Business Center platform.
- Choose the limited liability company incorporation service
- Click on Start Service
- Determine the number of partners
- Determine the status of the company (optional)
- Applying for the service
- The duration of the record, the location, activities and purposes of the company
- Partners data
- Commercial registry data
- Company Data
- Company management data
- Company contract data
- Order summary","Establish a limited liability company. Ministry of Commerce. Companies · Business sector · Proactive. Steps: - Enter the Saudi Business Center platform.
- Choose the limited liability company incorporation service
- Click on Start Service
- Determine the number of partners
- Determine the status of the company (optional)
- Applying for the service
- The duration of the record, the location, activities and purposes of the company
- Partners data
- Commercial registry data
- Company Data
- Company management data
- Company contract data
- Order summary",Establish a limited liability company,Ministry of Commerce,Companies · Business sector · Proactive,https://mc.gov.sa/en/eservices/Pages/ServiceDetails.aspx?sID=99
mc-99::en::service_facts,mc-99,en,service_facts,"Fees: 1200 for the commercial registration
500 for publication fees
15% VAT.
Processing time: immediately
Beneficiaries: Merchant
Service languages: Arabic and English","Establish a limited liability company. Ministry of Commerce. Companies · Business sector · Proactive. Fees & service details: Fees: 1200 for the commercial registration
500 for publication fees
15% VAT.
Processing time: immediately
Beneficiaries: Merchant
Service languages: Arabic and English",Establish a limited liability company,Ministry of Commerce,Companies · Business sector · Proactive,https://mc.gov.sa/en/eservices/Pages/ServiceDetails.aspx?sID=99
mc-99::ar::overview,mc-99,ar,overview,"خدمة إلكترونية تقدمها وزارة التجارة عبر منصة المركز السعودي للأعمال، تتيح للمستفيدين من البدء في ممارسة النشاط التجاري وتأسيس شركة ذات مسؤولية محدودة، يؤسسها شخص واحد أو أكثر من ذوي الصفة الطبيعية أو الاعتبارية، وتعد ذمتها مستقلة عن الذمة المالية لكل شريك فيها أو المالك لها، وتكون الشركة وحدها مسؤولة عن الديون والالتزامات المترتبة عليها أو الناشئة عن نشاطها، ولا يكون المالك لها ولا الشريك فيها مسؤولًا عن هذه الديون والالتزامات إلا بقدر حصته في رأس المال، ومن خلال الخدمة يتم ما يلي:
قيد سجل التجاري وعقد التأسيس/ نظام الأساس.
نشر العقد في صحيفة أعمالي.
فتح ملف منشأة لدى وزارة الموارد البشرية والتنمية الاجتماعية.
التسجيل في هيئة الزكاة والضريبة والجمارك.
التسجيل في التأمينات الاجتماعية.
الاشتراك في عنوان الأعمال المعتمد لدى البريد السعودي سُبل.
الاشتراك في الغرف التجارية حسب الموقع.
إلكترونيًا دون الحاجة إلى مراجعة فرع المركز السعودي للاعمال او فرع الوزارة .
ملاحظة: عند تنفيذ الخدمة وطباعة السجل يتم الحصول على رقم تعريفي للمنشأة لدى الجهات الحكومية الشريكة المذكورة أعلاه، التي ستحتاجها مستقبلاً بشكل تلقائي،","تأسيس شركة ذات مسؤولية محدودة. وزارة التجارة. الشركات · قطاع الأعمال · استباقية. نظرة عامة: خدمة إلكترونية تقدمها وزارة التجارة عبر منصة المركز السعودي للأعمال، تتيح للمستفيدين من البدء في ممارسة النشاط التجاري وتأسيس شركة ذات مسؤولية محدودة، يؤسسها شخص واحد أو أكثر من ذوي الصفة الطبيعية أو الاعتبارية، وتعد ذمتها مستقلة عن الذمة المالية لكل شريك فيها أو المالك لها، وتكون الشركة وحدها مسؤولة عن الديون والالتزامات المترتبة عليها أو الناشئة عن نشاطها، ولا يكون المالك لها ولا الشريك فيها مسؤولًا عن هذه الديون والالتزامات إلا بقدر حصته في رأس المال، ومن خلال الخدمة يتم ما يلي:
قيد سجل التجاري وعقد التأسيس/ نظام الأساس.
نشر العقد في صحيفة أعمالي.
فتح ملف منشأة لدى وزارة الموارد البشرية والتنمية الاجتماعية.
التسجيل في هيئة الزكاة والضريبة والجمارك.
التسجيل في التأمينات الاجتماعية.
الاشتراك في عنوان الأعمال المعتمد لدى البريد السعودي سُبل.
الاشتراك في الغرف التجارية حسب الموقع.
إلكترونيًا دون الحاجة إلى مراجعة فرع المركز السعودي للاعمال او فرع الوزارة .
ملاحظة: عند تنفيذ الخدمة وطباعة السجل يتم الحصول على رقم تعريفي للمنشأة لدى الجهات الحكومية الشريكة المذكورة أعلاه، التي ستحتاجها مستقبلاً بشكل تلقائي،",تأسيس شركة ذات مسؤولية محدودة,وزارة التجارة,الشركات · قطاع الأعمال · استباقية,https://mc.gov.sa/ar/eservices/Pages/ServiceDetails.aspx?sID=99
mc-99::ar::requirements,mc-99,ar,requirements,"الشروط: - وجود سند نظامي في حال كان أحد الشركاء جهة حكومية، أو مؤسسة أهلية، أو جمعية خيرية، أو وقفًا؛ يخوله الحق لتأسيس شركة أو المشاركة في شركة.
- وجود ترخيص أو موافقة مبدئية من البنك المركزي السعودي في حال كان النشاط يتطلب ذلك.
- ألا يكون السجل التجاري مشطوبًا أو معلقًا، في حال كان أحد الشركاء شريكًا اعتباريًا.
- ألا يقل العمر عن 18 سنة، وإذا كان الشريك قاصرًا دون سن البلوغ يتم تقديم صك الولاية.
- ألا يكون الشركاء موظفين حكوميين.
- التحقق من الآتي في حال كانت صفة الشركة (مهنية): - وجود رخصة مهنية سارية المفعول للشركاء. - ألا تقل نسبة الشريك السعودي المرخص في الشركة المختلطة عن 25%. - ألا تقل نسبة الشركاء المرخصين عن 70%.","تأسيس شركة ذات مسؤولية محدودة. وزارة التجارة. الشركات · قطاع الأعمال · استباقية. الشروط: الشروط: - وجود سند نظامي في حال كان أحد الشركاء جهة حكومية، أو مؤسسة أهلية، أو جمعية خيرية، أو وقفًا؛ يخوله الحق لتأسيس شركة أو المشاركة في شركة.
- وجود ترخيص أو موافقة مبدئية من البنك المركزي السعودي في حال كان النشاط يتطلب ذلك.
- ألا يكون السجل التجاري مشطوبًا أو معلقًا، في حال كان أحد الشركاء شريكًا اعتباريًا.
- ألا يقل العمر عن 18 سنة، وإذا كان الشريك قاصرًا دون سن البلوغ يتم تقديم صك الولاية.
- ألا يكون الشركاء موظفين حكوميين.
- التحقق من الآتي في حال كانت صفة الشركة (مهنية): - وجود رخصة مهنية سارية المفعول للشركاء. - ألا تقل نسبة الشريك السعودي المرخص في الشركة المختلطة عن 25%. - ألا تقل نسبة الشركاء المرخصين عن 70%.",تأسيس شركة ذات مسؤولية محدودة,وزارة التجارة,الشركات · قطاع الأعمال · استباقية,https://mc.gov.sa/ar/eservices/Pages/ServiceDetails.aspx?sID=99
mc-99::ar::documents,mc-99,ar,documents,"- وجود سند نظامي في حال كان أحد الشركاء جهة حكومية، أو مؤسسة أهلية، أو جمعية خيرية، أو وقفًا؛ ليخوله حق تأسيس شركة أو المشاركة في شركة.
- وجود ترخيص او موافقة مبدئيه من البنك المركزي السعودي في حال كان النشاط يتطلب ذلك.","تأسيس شركة ذات مسؤولية محدودة. وزارة التجارة. الشركات · قطاع الأعمال · استباقية. المستندات المطلوبة: - وجود سند نظامي في حال كان أحد الشركاء جهة حكومية، أو مؤسسة أهلية، أو جمعية خيرية، أو وقفًا؛ ليخوله حق تأسيس شركة أو المشاركة في شركة.
- وجود ترخيص او موافقة مبدئيه من البنك المركزي السعودي في حال كان النشاط يتطلب ذلك.",تأسيس شركة ذات مسؤولية محدودة,وزارة التجارة,الشركات · قطاع الأعمال · استباقية,https://mc.gov.sa/ar/eservices/Pages/ServiceDetails.aspx?sID=99
mc-99::ar::steps,mc-99,ar,steps,"- الدخول على منصة المركز السعودي للأعمال.
- اختيار خدمة تأسيس شركة ذات مسؤولية محدودة
- اضغط على ابدا الخدمة
- تحديد عدد الشركاء
- تحديد صفة الشركة (اختياري)
- التقديم على الخدمة
- مدة السجل و مقر و أنشطة وأغراض الشركة
- بيانات الشركاء
- بيانات السجل التجاري
- بيانات الشركة
- بيانات إدارة الشركة
- بيانات عقد الشركة
- ملخص الطلب","تأسيس شركة ذات مسؤولية محدودة. وزارة التجارة. الشركات · قطاع الأعمال · استباقية. الخطوات: - الدخول على منصة المركز السعودي للأعمال.
- اختيار خدمة تأسيس شركة ذات مسؤولية محدودة
- اضغط على ابدا الخدمة
- تحديد عدد الشركاء
- تحديد صفة الشركة (اختياري)
- التقديم على الخدمة
- مدة السجل و مقر و أنشطة وأغراض الشركة
- بيانات الشركاء
- بيانات السجل التجاري
- بيانات الشركة
- بيانات إدارة الشركة
- بيانات عقد الشركة
- ملخص الطلب",تأسيس شركة ذات مسؤولية محدودة,وزارة التجارة,الشركات · قطاع الأعمال · استباقية,https://mc.gov.sa/ar/eservices/Pages/ServiceDetails.aspx?sID=99
mc-99::ar::service_facts,mc-99,ar,service_facts,"الرسوم: 1200
للسجل التجاري
500
لرسوم النشر
15% ضريبة القيمة المضافة
مدة التنفيذ: فوري
الفئة المستفيدة: التاجر
لغة الخدمة: العربية والانجليزية","تأسيس شركة ذات مسؤولية محدودة. وزارة التجارة. الشركات · قطاع الأعمال · استباقية. الرسوم وتفاصيل الخدمة: الرسوم: 1200
للسجل التجاري
500
لرسوم النشر
15% ضريبة القيمة المضافة
مدة التنفيذ: فوري
الفئة المستفيدة: التاجر
لغة الخدمة: العربية والانجليزية",تأسيس شركة ذات مسؤولية محدودة,وزارة التجارة,الشركات · قطاع الأعمال · استباقية,https://mc.gov.sa/ar/eservices/Pages/ServiceDetails.aspx?sID=99
mc-150::en::overview,mc-150,en,overview,"An electronic service provided by the Ministry of Commerce, which allows shareholders in non-listed joint-stock companies or simplified joint-stock companies to electronically view their shareholdings and the total number of shareholders, as recorded in the company's Shareholders' Register, without visiting the Ministry branches.","Informing the shareholder of the number of his shares in the company. Ministry of Commerce. Merchant · companies · business sector. Overview: An electronic service provided by the Ministry of Commerce, which allows shareholders in non-listed joint-stock companies or simplified joint-stock companies to electronically view their shareholdings and the total number of shareholders, as recorded in the company's Shareholders' Register, without visiting the Ministry branches.",Informing the shareholder of the number of his shares in the company,Ministry of Commerce,Merchant · companies · business sector,https://mc.gov.sa/en/eservices/Pages/ServiceDetails.aspx?sID=150
mc-150::en::requirements,mc-150,en,requirements,Conditions: - There is no,Informing the shareholder of the number of his shares in the company. Ministry of Commerce. Merchant · companies · business sector. Conditions: Conditions: - There is no,Informing the shareholder of the number of his shares in the company,Ministry of Commerce,Merchant · companies · business sector,https://mc.gov.sa/en/eservices/Pages/ServiceDetails.aspx?sID=150
mc-150::en::documents,mc-150,en,documents,- There is no,Informing the shareholder of the number of his shares in the company. Ministry of Commerce. Merchant · companies · business sector. Required documents: - There is no,Informing the shareholder of the number of his shares in the company,Ministry of Commerce,Merchant · companies · business sector,https://mc.gov.sa/en/eservices/Pages/ServiceDetails.aspx?sID=150
mc-150::en::steps,mc-150,en,steps,"- Click on start the service.
- Accessing shareholder data through the National Access Service
- Selection of shares with the ability to print shareholder information or review the company if the shares do not appear in order to update the register and record the shares.","Informing the shareholder of the number of his shares in the company. Ministry of Commerce. Merchant · companies · business sector. Steps: - Click on start the service.
- Accessing shareholder data through the National Access Service
- Selection of shares with the ability to print shareholder information or review the company if the shares do not appear in order to update the register and record the shares.",Informing the shareholder of the number of his shares in the company,Ministry of Commerce,Merchant · companies · business sector,https://mc.gov.sa/en/eservices/Pages/ServiceDetails.aspx?sID=150
mc-150::en::service_facts,mc-150,en,service_facts,"Fees: free
Processing time: immediately
Beneficiaries: Merchant
Service languages: Arabic","Informing the shareholder of the number of his shares in the company. Ministry of Commerce. Merchant · companies · business sector. Fees & service details: Fees: free
Processing time: immediately
Beneficiaries: Merchant
Service languages: Arabic",Informing the shareholder of the number of his shares in the company,Ministry of Commerce,Merchant · companies · business sector,https://mc.gov.sa/en/eservices/Pages/ServiceDetails.aspx?sID=150
mc-150::ar::overview,mc-150,ar,overview,خدمة إلكترونية تقدمها وزارة التجارة، تتيح للمستفيدين المساهم في الشركة المساهمة غير المدرجة / المساهمة المبسطة من الاطلاع على عدد أسهمه والمساهمين معه وفقاً لما تظهره بيانات سجل مساهمي الشركة الذي تقوم على اعداده الشركة او من ينوب عنها، إلكترونيًا دون الحاجة إلى مراجعة فروع الوزارة.,اطلاع المساهم على عدد أسهمه في الشركة. وزارة التجارة. التاجر · الشركات · قطاع الأعمال. نظرة عامة: خدمة إلكترونية تقدمها وزارة التجارة، تتيح للمستفيدين المساهم في الشركة المساهمة غير المدرجة / المساهمة المبسطة من الاطلاع على عدد أسهمه والمساهمين معه وفقاً لما تظهره بيانات سجل مساهمي الشركة الذي تقوم على اعداده الشركة او من ينوب عنها، إلكترونيًا دون الحاجة إلى مراجعة فروع الوزارة.,اطلاع المساهم على عدد أسهمه في الشركة,وزارة التجارة,التاجر · الشركات · قطاع الأعمال,https://mc.gov.sa/ar/eservices/Pages/ServiceDetails.aspx?sID=150
mc-150::ar::requirements,mc-150,ar,requirements,الشروط: - لا يوجد,اطلاع المساهم على عدد أسهمه في الشركة. وزارة التجارة. التاجر · الشركات · قطاع الأعمال. الشروط: الشروط: - لا يوجد,اطلاع المساهم على عدد أسهمه في الشركة,وزارة التجارة,التاجر · الشركات · قطاع الأعمال,https://mc.gov.sa/ar/eservices/Pages/ServiceDetails.aspx?sID=150
mc-150::ar::documents,mc-150,ar,documents,- لا يوجد,اطلاع المساهم على عدد أسهمه في الشركة. وزارة التجارة. التاجر · الشركات · قطاع الأعمال. المستندات المطلوبة: - لا يوجد,اطلاع المساهم على عدد أسهمه في الشركة,وزارة التجارة,التاجر · الشركات · قطاع الأعمال,https://mc.gov.sa/ar/eservices/Pages/ServiceDetails.aspx?sID=150
mc-150::ar::steps,mc-150,ar,steps,"- الضغط على إبدأ الخدمة.
- الدخول ببيانات المساهم من خلال خدمة النفاذ الوطني
- أختيار اسهمي مع امكانية طباعة بيانات مساهم أو مراجعة الشركة في حال عدم ظهور الاسهم وذلك لتحديث السجل وإثبات الاسهم.","اطلاع المساهم على عدد أسهمه في الشركة. وزارة التجارة. التاجر · الشركات · قطاع الأعمال. الخطوات: - الضغط على إبدأ الخدمة.
- الدخول ببيانات المساهم من خلال خدمة النفاذ الوطني
- أختيار اسهمي مع امكانية طباعة بيانات مساهم أو مراجعة الشركة في حال عدم ظهور الاسهم وذلك لتحديث السجل وإثبات الاسهم.",اطلاع المساهم على عدد أسهمه في الشركة,وزارة التجارة,التاجر · الشركات · قطاع الأعمال,https://mc.gov.sa/ar/eservices/Pages/ServiceDetails.aspx?sID=150
mc-150::ar::service_facts,mc-150,ar,service_facts,"الرسوم: مجانية
مدة التنفيذ: فوري
الفئة المستفيدة: التاجر
لغة الخدمة: العربية","اطلاع المساهم على عدد أسهمه في الشركة. وزارة التجارة. التاجر · الشركات · قطاع الأعمال. الرسوم وتفاصيل الخدمة: الرسوم: مجانية
مدة التنفيذ: فوري
الفئة المستفيدة: التاجر
لغة الخدمة: العربية",اطلاع المساهم على عدد أسهمه في الشركة,وزارة التجارة,التاجر · الشركات · قطاع الأعمال,https://mc.gov.sa/ar/eservices/Pages/ServiceDetails.aspx?sID=150
mc-151::en::overview,mc-151,en,overview,"An electronic service provided by the Ministry of Commerce, which allows beneficiaries to report violations related to the Commercial Register System and its executive regulations. The Ministry values the role of whistleblowers in enhancing compliance, and appreciates their initiatives that reflect honesty and national responsibility, by submitting reports through its electronic channels without the need to visit the Ministry’s branches.","Commercial Registry System Violations. Ministry of Commerce. Merchant · companies · business sector. Overview: An electronic service provided by the Ministry of Commerce, which allows beneficiaries to report violations related to the Commercial Register System and its executive regulations. The Ministry values the role of whistleblowers in enhancing compliance, and appreciates their initiatives that reflect honesty and national responsibility, by submitting reports through its electronic channels without the need to visit the Ministry’s branches.",Commercial Registry System Violations,Ministry of Commerce,Merchant · companies · business sector,https://mc.gov.sa/en/eservices/Pages/ServiceDetails.aspx?sID=151
mc-151::en::requirements,mc-151,en,requirements,"Conditions: - Name of the complainant
- Email of the complainant
- Mobile number of the complainant
- Name of the violating establishment
- Commercial registration number of the violating establishment
- Location of the establishment
- Type of the report
- Subject of the report
- Copy of the documents supporting the report","Commercial Registry System Violations. Ministry of Commerce. Merchant · companies · business sector. Conditions: Conditions: - Name of the complainant
- Email of the complainant
- Mobile number of the complainant
- Name of the violating establishment
- Commercial registration number of the violating establishment
- Location of the establishment
- Type of the report
- Subject of the report
- Copy of the documents supporting the report",Commercial Registry System Violations,Ministry of Commerce,Merchant · companies · business sector,https://mc.gov.sa/en/eservices/Pages/ServiceDetails.aspx?sID=151
mc-151::en::documents,mc-151,en,documents,- Attach supporting documents for the violation,Commercial Registry System Violations. Ministry of Commerce. Merchant · companies · business sector. Required documents: - Attach supporting documents for the violation,Commercial Registry System Violations,Ministry of Commerce,Merchant · companies · business sector,https://mc.gov.sa/en/eservices/Pages/ServiceDetails.aspx?sID=151
mc-151::en::steps,mc-151,en,steps,"- Click on start service
- Log in through national access.
- Fill in the information as requested by the service
- Send the application","Commercial Registry System Violations. Ministry of Commerce. Merchant · companies · business sector. Steps: - Click on start service
- Log in through national access.
- Fill in the information as requested by the service
- Send the application",Commercial Registry System Violations,Ministry of Commerce,Merchant · companies · business sector,https://mc.gov.sa/en/eservices/Pages/ServiceDetails.aspx?sID=151
mc-151::en::service_facts,mc-151,en,service_facts,"Fees: Free
Processing time: 5 working days
Beneficiaries: Merchant
Business sector
Service languages: Arabic","Commercial Registry System Violations. Ministry of Commerce. Merchant · companies · business sector. Fees & service details: Fees: Free
Processing time: 5 working days
Beneficiaries: Merchant
Business sector
Service languages: Arabic",Commercial Registry System Violations,Ministry of Commerce,Merchant · companies · business sector,https://mc.gov.sa/en/eservices/Pages/ServiceDetails.aspx?sID=151
mc-151::ar::overview,mc-151,ar,overview,خدمة إلكترونية تقدمها وزارة التجارة، تتيح للمستفيدين من الإبلاغ عن المخالفات المتعلقة بنظام السجل التجاري ولائحته التنفيذية. وتُثمّن الوزارة دور المبلغين في تعزيز الالتزام، وتقدّر مبادراتهم التي تعكس الأمانة والمسؤولية الوطنية، من خلال تقديم البلاغات عبر قنواتها إلكترونية دون الحاجة إلى مراجعة فروع الوزارة.,مخالفات نظام السجل التجاري. وزارة التجارة. التاجر · الشركات · قطاع الأعمال. نظرة عامة: خدمة إلكترونية تقدمها وزارة التجارة، تتيح للمستفيدين من الإبلاغ عن المخالفات المتعلقة بنظام السجل التجاري ولائحته التنفيذية. وتُثمّن الوزارة دور المبلغين في تعزيز الالتزام، وتقدّر مبادراتهم التي تعكس الأمانة والمسؤولية الوطنية، من خلال تقديم البلاغات عبر قنواتها إلكترونية دون الحاجة إلى مراجعة فروع الوزارة.,مخالفات نظام السجل التجاري,وزارة التجارة,التاجر · الشركات · قطاع الأعمال,https://mc.gov.sa/ar/eservices/Pages/ServiceDetails.aspx?sID=151
mc-151::ar::requirements,mc-151,ar,requirements,"الشروط: - اسم مقدم البلاغ
- البريد الإلكتروني لمقدم البلاغ
- رقم الجوال لمقدم البلاغ
- اسم المنشأة المخالفة
- رقم السجل التجاري للمنشأة المخالفة
- موقع المنشأة
- نوع البلاغ
- موضوع البلاغ
- صورة من المستندات المؤيدة للبلاغ","مخالفات نظام السجل التجاري. وزارة التجارة. التاجر · الشركات · قطاع الأعمال. الشروط: الشروط: - اسم مقدم البلاغ
- البريد الإلكتروني لمقدم البلاغ
- رقم الجوال لمقدم البلاغ
- اسم المنشأة المخالفة
- رقم السجل التجاري للمنشأة المخالفة
- موقع المنشأة
- نوع البلاغ
- موضوع البلاغ
- صورة من المستندات المؤيدة للبلاغ",مخالفات نظام السجل التجاري,وزارة التجارة,التاجر · الشركات · قطاع الأعمال,https://mc.gov.sa/ar/eservices/Pages/ServiceDetails.aspx?sID=151
mc-151::ar::documents,mc-151,ar,documents,- إرفاق المستندات الداعمة لوقوع المخالفة.,مخالفات نظام السجل التجاري. وزارة التجارة. التاجر · الشركات · قطاع الأعمال. المستندات المطلوبة: - إرفاق المستندات الداعمة لوقوع المخالفة.,مخالفات نظام السجل التجاري,وزارة التجارة,التاجر · الشركات · قطاع الأعمال,https://mc.gov.sa/ar/eservices/Pages/ServiceDetails.aspx?sID=151
mc-151::ar::steps,mc-151,ar,steps,"- الضغط على إبدأ الخدمة.
- تسجيل الدخول من خلال النفاذ الوطني.
- تعبئة البيانات المشار اليها داخل الخدمة.
- ارسال الطلب .","مخالفات نظام السجل التجاري. وزارة التجارة. التاجر · الشركات · قطاع الأعمال. الخطوات: - الضغط على إبدأ الخدمة.
- تسجيل الدخول من خلال النفاذ الوطني.
- تعبئة البيانات المشار اليها داخل الخدمة.
- ارسال الطلب .",مخالفات نظام السجل التجاري,وزارة التجارة,التاجر · الشركات · قطاع الأعمال,https://mc.gov.sa/ar/eservices/Pages/ServiceDetails.aspx?sID=151
mc-151::ar::service_facts,mc-151,ar,service_facts,"الرسوم: مجانية
مدة التنفيذ: 5 أيام عمل
الفئة المستفيدة: التاجر
قطاع الأعمال
لغة الخدمة: العربية","مخالفات نظام السجل التجاري. وزارة التجارة. التاجر · الشركات · قطاع الأعمال. الرسوم وتفاصيل الخدمة: الرسوم: مجانية
مدة التنفيذ: 5 أيام عمل
الفئة المستفيدة: التاجر
قطاع الأعمال
لغة الخدمة: العربية",مخالفات نظام السجل التجاري,وزارة التجارة,التاجر · الشركات · قطاع الأعمال,https://mc.gov.sa/ar/eservices/Pages/ServiceDetails.aspx?sID=151
mc-152::en::overview,mc-152,en,overview,"An electronic service provided by the Ministry of Commerce, which allows beneficiaries to report violations related to the Trade Names System and its Executive Regulations. The Ministry appreciates your keenness and national responsibility in enhancing compliance, and calls for direct reporting of violations through its electronic channels without the need to visit the Ministry’s branches.","Trade Names System Violations. Ministry of Commerce. Merchant · companies · business sector. Overview: An electronic service provided by the Ministry of Commerce, which allows beneficiaries to report violations related to the Trade Names System and its Executive Regulations. The Ministry appreciates your keenness and national responsibility in enhancing compliance, and calls for direct reporting of violations through its electronic channels without the need to visit the Ministry’s branches.",Trade Names System Violations,Ministry of Commerce,Merchant · companies · business sector,https://mc.gov.sa/en/eservices/Pages/ServiceDetails.aspx?sID=152
mc-152::en::requirements,mc-152,en,requirements,"Conditions: - Name of the complainant
- Email of the complainant
- Mobile number of the complainant
- Name of the violating establishment
- Commercial registration number of the violating establishment
- Location of the establishment
- Type of the report
- Subject of the report
- Copy of the documents supporting the report","Trade Names System Violations. Ministry of Commerce. Merchant · companies · business sector. Conditions: Conditions: - Name of the complainant
- Email of the complainant
- Mobile number of the complainant
- Name of the violating establishment
- Commercial registration number of the violating establishment
- Location of the establishment
- Type of the report
- Subject of the report
- Copy of the documents supporting the report",Trade Names System Violations,Ministry of Commerce,Merchant · companies · business sector,https://mc.gov.sa/en/eservices/Pages/ServiceDetails.aspx?sID=152
mc-152::en::documents,mc-152,en,documents,- Attach supporting documents for the violation,Trade Names System Violations. Ministry of Commerce. Merchant · companies · business sector. Required documents: - Attach supporting documents for the violation,Trade Names System Violations,Ministry of Commerce,Merchant · companies · business sector,https://mc.gov.sa/en/eservices/Pages/ServiceDetails.aspx?sID=152
mc-152::en::steps,mc-152,en,steps,"- Click on start service
- Log in through national access.
- Fill in the information as requested by the service
- Send the application","Trade Names System Violations. Ministry of Commerce. Merchant · companies · business sector. Steps: - Click on start service
- Log in through national access.
- Fill in the information as requested by the service
- Send the application",Trade Names System Violations,Ministry of Commerce,Merchant · companies · business sector,https://mc.gov.sa/en/eservices/Pages/ServiceDetails.aspx?sID=152
mc-152::en::service_facts,mc-152,en,service_facts,"Fees: Free
Processing time: 5 working days
Beneficiaries: Merchant
Business sector
Service languages: Arabic","Trade Names System Violations. Ministry of Commerce. Merchant · companies · business sector. Fees & service details: Fees: Free
Processing time: 5 working days
Beneficiaries: Merchant
Business sector
Service languages: Arabic",Trade Names System Violations,Ministry of Commerce,Merchant · companies · business sector,https://mc.gov.sa/en/eservices/Pages/ServiceDetails.aspx?sID=152
mc-152::ar::overview,mc-152,ar,overview,خدمة إلكترونية تقدمها وزارة التجارة، تتيح للمستفيدين من الإبلاغ عن المخالفات المتعلقة بنظام الأسماء التجارية ولائحته التنفيذية. وتثمّن الوزارة حرصك ومسؤوليتك الوطنية في تعزيز الالتزام، وتدعو إلى التبليغ المباشر عن المخالفات عبر قنواتها إلكترونيا دون الحاجة إلى مراجعة فروع الوزارة.,مخالفات نظام الأسماء التجارية. وزارة التجارة. التاجر · الشركات · قطاع الأعمال. نظرة عامة: خدمة إلكترونية تقدمها وزارة التجارة، تتيح للمستفيدين من الإبلاغ عن المخالفات المتعلقة بنظام الأسماء التجارية ولائحته التنفيذية. وتثمّن الوزارة حرصك ومسؤوليتك الوطنية في تعزيز الالتزام، وتدعو إلى التبليغ المباشر عن المخالفات عبر قنواتها إلكترونيا دون الحاجة إلى مراجعة فروع الوزارة.,مخالفات نظام الأسماء التجارية,وزارة التجارة,التاجر · الشركات · قطاع الأعمال,https://mc.gov.sa/ar/eservices/Pages/ServiceDetails.aspx?sID=152
mc-152::ar::requirements,mc-152,ar,requirements,"الشروط: - اسم مقدم البلاغ
- البريد الإلكتروني لمقدم البلاغ
- رقم الجوال لمقدم البلاغ
- اسم المنشأة المخالفة
- رقم السجل التجاري للمنشأة المخالفة
- موقع المنشأة
- نوع البلاغ
- موضوع البلاغ
- صورة من المستندات المؤيدة للبلاغ","مخالفات نظام الأسماء التجارية. وزارة التجارة. التاجر · الشركات · قطاع الأعمال. الشروط: الشروط: - اسم مقدم البلاغ
- البريد الإلكتروني لمقدم البلاغ
- رقم الجوال لمقدم البلاغ
- اسم المنشأة المخالفة
- رقم السجل التجاري للمنشأة المخالفة
- موقع المنشأة
- نوع البلاغ
- موضوع البلاغ
- صورة من المستندات المؤيدة للبلاغ",مخالفات نظام الأسماء التجارية,وزارة التجارة,التاجر · الشركات · قطاع الأعمال,https://mc.gov.sa/ar/eservices/Pages/ServiceDetails.aspx?sID=152
mc-152::ar::documents,mc-152,ar,documents,- إرفاق المستندات الداعمة لوقوع المخالفة.,مخالفات نظام الأسماء التجارية. وزارة التجارة. التاجر · الشركات · قطاع الأعمال. المستندات المطلوبة: - إرفاق المستندات الداعمة لوقوع المخالفة.,مخالفات نظام الأسماء التجارية,وزارة التجارة,التاجر · الشركات · قطاع الأعمال,https://mc.gov.sa/ar/eservices/Pages/ServiceDetails.aspx?sID=152
mc-152::ar::steps,mc-152,ar,steps,"- الضغط على إبدأ الخدمة.
- تسجيل الدخول من خلال النفاذ الوطني.
- تعبئة البيانات المشار اليها داخل الخدمة.
- ارسال الطلب .","مخالفات نظام الأسماء التجارية. وزارة التجارة. التاجر · الشركات · قطاع الأعمال. الخطوات: - الضغط على إبدأ الخدمة.
- تسجيل الدخول من خلال النفاذ الوطني.
- تعبئة البيانات المشار اليها داخل الخدمة.
- ارسال الطلب .",مخالفات نظام الأسماء التجارية,وزارة التجارة,التاجر · الشركات · قطاع الأعمال,https://mc.gov.sa/ar/eservices/Pages/ServiceDetails.aspx?sID=152
mc-152::ar::service_facts,mc-152,ar,service_facts,"الرسوم: مجانية
مدة التنفيذ: 5 أيام عمل
الفئة المستفيدة: التاجر
قطاع الأعمال
لغة الخدمة: العربية","مخالفات نظام الأسماء التجارية. وزارة التجارة. التاجر · الشركات · قطاع الأعمال. الرسوم وتفاصيل الخدمة: الرسوم: مجانية
مدة التنفيذ: 5 أيام عمل
الفئة المستفيدة: التاجر
قطاع الأعمال
لغة الخدمة: العربية",مخالفات نظام الأسماء التجارية,وزارة التجارة,التاجر · الشركات · قطاع الأعمال,https://mc.gov.sa/ar/eservices/Pages/ServiceDetails.aspx?sID=152
