service_id,source_type,source_domain,verification_status,date_collected,last_verified,contact_information,service_channel,source_record_id,source_sha256,provenance_notes,title_en,title_ar,agency_en,agency_ar,category_en,category_ar,description_en,description_ar,eligibility_en,eligibility_ar,requirements_en,requirements_ar,required_documents_en,required_documents_ar,steps_en,steps_ar,fees_en,fees_ar,processing_time_en,processing_time_ar,target_audience_en,target_audience_ar,service_languages_en,service_languages_ar,official_url_en,official_url_ar,source_last_modified_en,source_last_modified_ar,extra
mc-1,official_web_page,mc.gov.sa,verified_official_capture,2026-09-30T10:08:15.793Z,2026-09-30,"1900, cs@mc.gov.sa",Online (Ministry of Commerce / Saudi Business Center e-services),1,ar:98e492f940f329bd4bcadb420b24a845b50ca0237ad6f8406cb9cd01ddbd8397;en:9e71e78b2a15dedeaf64ea8d72232ec7888167783dd327a1e7d6fff95cb1fb1a,"Captured from the official Ministry of Commerce e-services catalogue (service-detail pages, English and Arabic). Text is stored verbatim apart from Unicode/whitespace normalisation.",Trade Name Reservation,حجز اسم تجاري,Ministry of Commerce,وزارة التجارة,Merchant · Brand Names · Business sector,التاجر · الأسماء التجارية · قطاع الأعمال,"An electronic service provided by the Ministry of Commerce through the Saudi Business Center platform, which allows beneficiaries to reserve a trade name within a maximum period of (60) days, pending the issuance of the commercial register, without the need to visit service centers.",خدمة إلكترونية تقدمها وزارة التجارة عبر منصة المركز السعودي للأعمال، تتيح للمستفيدين حجز اسم تجاري، خلال مدة أقصاها (60) يومًا؛ لحين إصدار السجل التجاري ودون الحاجة إلى زيارة مراكز الخدمة.,,,"- The age must not be less than 18 years.
- The applicant must be the beneficiary of the trade name or authorized on their behalf with a valid authorization.
- The name must consist of Arabic words, Arabized words, letters, Arabic numbers, or one or more of these, if a trade name in Arabic is being reserved.
- The name must consist of English words, letters, numbers, or one or more of these, if a trade name in English is being reserved.
- It must not be contrary to public order, public morals, lead to deception, or be prohibited from use.
- It must not resemble a trade name that is reserved or registered in the commercial registration, regardless of the type of activity.
- It must not resemble a trade name, a globally renowned trademark, or a registered or well-known trademark in the Kingdom.
- It must not contain any political, military, or religious meaning, indication, or connotation.
- It must not resemble the name, honorary title, or symbol of any local, regional, or international organization or any of its institutions.
- It must not contain a prohibited name as per the list of prohibited names.To view the prohibited names, click here
- It must not contain the name of a government or a semi-government entity.
- The regulations for reserving or registering the name (Saudi Arabia), or the names of cities, regions, and public places, must be adhered to in accordance with the regulations outlined in the Trade Name Law and its Executive Regulations.
- List of names that are not considered distinctive for a trade name click here .","- ألا يقل العمر عن 18 سنة.
- أن يكون مقدم الطلب هو المستفيد من الاسم التجاري، أو مفوضًا عنه.
- أن يتكون الاسم من ألفاظ عربية، أو معربة، أو من حروف، أو أرقام عربية، أو من واحد أو أكثر منهما، في حال حجز اسم تجاري باللغة العربية.
- أن يتكون الاسم من ألفاظ أو حروف أو أرقام إنجليزية، أو من واحد أو أكثر منها، في حال حجز اسم تجاري باللغة الإنجليزية.
- ألا يكون مخالفًا للنظام العام، أو الآداب العامة، أو يؤدي إلى التضليل، أو محظور استعماله.
- ألا يشابه اسما تجاريًا محجوزًا أو مقيدًا في السجل التجاري أيًا كان نوع النشاط.
- ألا يشابه اسمًا تجاريًا، أو علامة تجارية مشهورة عالميًا، أو يشابه علامة تجارية مسجلة أو مشهورة في المملكة.
- ألا يحتوي على معنى أو دلالة أو مضمونًا سياسيًا أو عسكريًا أو دينيًا.
- ألا يشابه اسمًا أو شارة شرفية أو رمزًا خاصًا بأي من المنظمات المحلية أو الإقليمية أو الدولية أو إحدى مؤسساتها.
- ألا يحتوي على اسم محظور حسب قائمة الأسماء المحظورة، وللاطلاع على الأسماء المحظورة اضغط هنا
- ألا يحتوي على اسم حكومي أو جهة حكومية أو شبه حكومية.
- الالتزام بضوابط حجز أو قيد اسم (السعودية)، أو أسماء المدن والمناطق والأماكن العامة، وفق الضوابط الواردة في نظام الأسماء التجارية ولائحته التنفيذية.
- قائمة الأسماء التي لا تعد مميزة للاسم التجاري اضغط هنا .","- The provisions outlined in the executive regulations related to reserving family names as trade names must be observed.
- A letter from the entity requesting the service must be provided if the beneficiary is a government entity or an entity affiliated with it.
- When reserving a trade name for an association or endowment, the applicant must provide the association’s license or the endowment certificate.
- A trademark ownership certificate must be submitted when requesting a trade name reservation based on a registered trademark.
- Note: The trade name reservation will not be processed if there are identical or similar registered names.","- التقيد بالأحكام الواردة في اللائحة التنفيذية المتعلقة بحجز الأسماء العائلية بصفة الأسماء التجارية.
- تقديم خطاب من الجهة بطلب الخدمة، في حال كان المستفيد جهة حكومية أو جهة تابعة لها.
- تقديم ترخيص الجمعية أو شهادة الوقف عند طلب حجز اسم تجاري لجمعية أو وقف.
- تقديم شهادة ملكية العلامة التجارية عند التقدم بطلب حجز اسم تجاري بناء على علامة تجارية.
- ملاحظة: لن تتم عملية حجز اسم علامة تجارية في حال وجود أسماء مشابهة أو مطابقة مسجلة.","- Access the platform: Via the National Unified Access through the Saudi Business Center platform.
- Select the service: From ""Doing Business"" > ""Ministry of Commerce"" > ""Reserve a Trade Name"" - or from ""Public Services"" > ""Manage Reserved Trade Names"" > ""Reserve a Trade Name"".
- Start the service: Review the terms and requirements, then agree and click ""Apply for the service"".
- Enter data: Select the reservation type and language of the trade name - Enter up to 5 suggested trade names.
- Review and submit the application: Review the application summary, modify names if necessary, then approve the declaration and submit the application.
- Processing and payment: After approval by the Ministry of Commerce, the invoice is issued and paid through the central payment system.
- Complete the application: After payment, the trade name is published and the application status changes to ""Complete"". The application can be printed or modified in the event of a return or rejection.","- الدخول على المنصة: عبر النفاذ الوطني الموحد من خلال منصة المركز السعودي للأعمال.
- اختيار الخدمة: من ""ممارسة الأعمال"" > ""وزارة التجارة"" > ""حجز اسم تجاري"" - أو من ""الخدمات العامة"" > ""إدارة الأسماء التجارية المحجوزة"" > ""حجز اسم تجاري"".
- بدء الخدمة: الاطلاع على الشروط والمتطلبات، ثم الموافقة والضغط على ""التقديم على الخدمة"".
- إدخال البيانات: اختيار نوع الحجز ولغة الاسم التجاري - إدخال حتى 5 أسماء تجارية مقترحة.
- مراجعة وتقديم الطلب: مراجعة ملخص الطلب، تعديل الأسماء إن لزم، ثم الموافقة على الإقرار وتقديم الطلب.
- المعالجة والدفع: بعد موافقة وزارة التجارة، تُصدر الفاتورة ويتم دفعها عبر نظام المدفوعات المركزي.
- إتمام الطلب: بعد الدفع، يتم نشر الاسم التجاري وتتحول حالة الطلب إلى ""مكتمل"" - يمكن طباعة الطلب أو تعديله في حال الإعادة أو الرفض.","200 for Arabic Name
500 for English Name","200
حجز اسم تجاري باللغة العربية
500
حجز اسم تجاري باللغة الإنجليزية",10 Days,10 أيام,Merchant,التاجر,Arabic and English,العربية والانجليزية,https://mc.gov.sa/en/eservices/Pages/ServiceDetails.aspx?sID=1,https://mc.gov.sa/ar/eservices/Pages/ServiceDetails.aspx?sID=1,16 Sep 2026,04 ربيع الثاني 1448,"{""page_tags"": {""ar"": [""التاجر"", ""الأسماء التجارية"", ""قطاع الأعمال""], ""en"": [""Merchant"", ""Brand Names"", ""Business sector""]}}"
mc-2,official_web_page,mc.gov.sa,verified_official_capture,2026-09-30T10:08:06.031Z,2026-09-30,"1900, cs@mc.gov.sa",Online (Ministry of Commerce / Saudi Business Center e-services),2,ar:b9847cd41a095823293798f07f1e9a36f72b24ac48b3588c799f0ed4f972c4f2;en:5547078b8e6702404c4288490448b05bede501a81438c3d551795ad3151a094c,"Captured from the official Ministry of Commerce e-services catalogue (service-detail pages, English and Arabic). Text is stored verbatim apart from Unicode/whitespace normalisation.",The annual confirmation of the company's main commercial registry data,التأكيد السنوي لبيانات السجل التجاري الرئيسي لشركة,Ministry of Commerce,وزارة التجارة,Commercial Register · Business sector · Proactive,السجل التجاري · قطاع الأعمال · استباقية,"An electronic service provided by the Ministry of Commerce through the Saudi Business Center platform that allows beneficiaries to verify their main commercial registration data annually, without having to visit service centers.",خدمة إلكترونية تقدمها وزارة التجارة عبر منصة المركز السعودي للأعمال، تتيح للمستفيدين تأكيد بيانات السجل التجاري الرئيسي سنويًا، دون الحاجة إلى زيارة مراكز الخدمة.,,,"- The commercial registration must be active.
- The requirements of the commercial registration data amendment service must be fulfilled, in case of any amendments.","- أن يكون السجل التجاري نشطًا.
- استيفاء اشتراطات خدمة تعديل بيانات السجل التجاري الرئيسي لشركة في حال التعديل.","- A valid investment license for the foreign company must be provided, with a duration of no less than 30 days.",- وجود ترخيص استثماري ساري المفعول للشركة الأجنبية، بمدة لا تقل عن (30) يومًا.,"- Access the platform: Via the National Unified Access or email via the Saudi Business Center platform.
- Select the service: From ""Electronic Services"" > ""Doing Business"" > ""Ministry of Commerce"" > ""Annual Verification of Company Main Commercial Register Data."" - Then select the commercial register or enter it manually when logging in via a direct link.
- Start the service: Agree to the terms of service, then click ""Apply for Service.""
- Specify the reason for confirmation: Select the reason ""Based on the merchant's request,"" approve the declaration, and then click ""Continue.""
- Update data: Commercial activities (can be modified). - Previous license or license cancellation data (if applicable). - E-commerce business data (optional). - National address (brief or detailed search). - Contact information and verification of mobile number and email.
- Review and submit the application: View the application summary, approve the declaration, and submit the application after confirming the message.
- Process the application: The application is sent to the Ministry of Commerce for verification. If there are any comments, the application is returned for modification.
- Party Approval (if applicable): Partner or representative approval is requested as needed.
- Payment: Fees are calculated and paid by card or SADAD.
- Order Completion: After payment, the invoice appears and the order status changes to ""Completed.""","- الدخول على المنصة: عبر النفاذ الوطني الموحد أو البريد الإلكتروني من خلال منصة المركز السعودي للأعمال.
- اختيار الخدمة: من ""الخدمات الإلكترونية"" > ""ممارسة الأعمال"" > ""وزارة التجارة"" > ""التأكيد السنوي لبيانات السجل التجاري الرئيسي لشركة"". - ثم اختيار السجل التجاري أو إدخاله يدويًا عند الدخول عبر رابط مباشر.
- بدء الخدمة: الموافقة على شروط الخدمة، ثم الضغط على ""التقديم على الخدمة"".
- تحديد سبب التأكيد: اختيار السبب ""بناء على طلب التاجر""، والموافقة على الإقرار ثم الضغط على ""استمرار"".
- تحديث البيانات: الأنشطة التجارية (يمكن تعديلها). - بيانات التراخيص المسبقة أو إلغاء التراخيص (إن وجدت). - بيانات العمل بالتجارة الإلكترونية (اختياري). - العنوان الوطني (بحث مختصر أو تفصيلي). - بيانات الاتصال والتحقق من رقم الجوال والبريد الإلكتروني.
- مراجعة وتقديم الطلب: عرض ملخص الطلب، والموافقة على الإقرار، ثم تقديم الطلب بعد تأكيد الرسالة.
- معالجة الطلب: يتم إرسال الطلب إلى وزارة التجارة للتحقق، وفي حال وجود ملاحظات يتم إعادة الطلب للتعديل.
- موافقة الأطراف (إن وُجدت): يتم طلب موافقة الشركاء أو الممثلين حسب الحاجة.
- الدفع: يتم احتساب الرسوم، ودفعها عن طريق البطاقة أو خدمة سداد.
- إتمام الطلب: بعد الدفع تظهر الفاتورة ويتم تحويل حالة الطلب إلى ""مكتمل"".","1600 for a joint stock company or a simplified joint stock company
1200 for a limited liability company
1000 for a General Partnership or Limited Partnership","1600
لشركة مساهمة، مساهمة مبسطة
1200
لشركة ذات مسؤولية محدودة
1000
لشركة تضامنية، توصية بسيطة",immediate,فوري,Merchant,التاجر,Arabic and English,العربية والانجليزية,https://mc.gov.sa/en/eservices/Pages/ServiceDetails.aspx?sID=2,https://mc.gov.sa/ar/eservices/Pages/ServiceDetails.aspx?sID=2,16 Sep 2026,04 ربيع الثاني 1448,"{""page_tags"": {""ar"": [""السجل التجاري"", ""قطاع الأعمال"", ""استباقية""], ""en"": [""Commercial Register"", ""Business sector"", ""Proactive""]}}"
mc-3,official_web_page,mc.gov.sa,verified_official_capture,2026-09-30T10:13:12.178Z,2026-09-30,"1900, cs@mc.gov.sa",Online (Ministry of Commerce / Saudi Business Center e-services),3,ar:a4790565355de1546f726144aef0ad39812a2641a9eecd7e1ff9bde8b3175276;en:b9dbc13db62638be2e32cf962579d53e6ff05eb06cfb9c54627a93ea3ccc29db,"Captured from the official Ministry of Commerce e-services catalogue (service-detail pages, English and Arabic). Text is stored verbatim apart from Unicode/whitespace normalisation.",Service of objections to committee and collection violation decisions,خدمة الاعتراضات على قرارات مخالفات اللجان والتحصيل,Ministry of Commerce,وزارة التجارة,Commercial Register · Business sector · Proactive,السجل التجاري · قطاع الأعمال · استباقية,"An electronic service provided by the Ministry of Commerce, which enables beneficiaries to electronically object to the decisions made by the Committees for Companies, Trade Names, Commercial Registry, and Commercial Agencies, eliminating the need to physically visit the Ministry branches.",خدمة إلكترونية تقدمها وزارة التجارة، تتيح للمستفيدين من الإعتراض على قرارات لجان الشركات والأسماء التجارية والسجل التجاري والوكالات التجارية، إلكترونيًا دون الحاجة إلى مراجعة فروع الوزارة.,,,- nothing,- لا يوجد,- nothing,- لا يوجد,"- Click on Start Service.
- Log in to the system using your username and password or log in with your national access account.","- الضغط على إبدأ الخدمة.
- تسجيل الدخول على النظام عبر اسم المسخدم وكلمة المرور او الدخول بحساب النفاذ الوطني.",Free,مجانية,60 days for companies - 30 days for trade names and commercial registry - 15 days for agencies,60 يوم للشركات - 30 يوم للأسماء التجارية والسجل التجاري - 15 يوم للوكالات,Merchant,التاجر,Arabic,العربية,https://mc.gov.sa/en/eservices/Pages/ServiceDetails.aspx?sID=3,https://mc.gov.sa/ar/eservices/Pages/ServiceDetails.aspx?sID=3,16 Sep 2026,04 ربيع الثاني 1448,"{""page_tags"": {""ar"": [""السجل التجاري"", ""قطاع الأعمال"", ""استباقية""], ""en"": [""Commercial Register"", ""Business sector"", ""Proactive""]}}"
mc-4,official_web_page,mc.gov.sa,verified_official_capture,2026-09-30T10:07:45.854Z,2026-09-30,"1900, cs@mc.gov.sa",Online (Ministry of Commerce / Saudi Business Center e-services),4,ar:d882112e8f0ab49e1b9b72b4ca6ae42bc7eec80e4184edd9dbd0fbd5c41a49b6;en:3556d7387f3d9e074267d026fcf61346a3b9456d42effe135ad1d3fcba59e4b9,"Captured from the official Ministry of Commerce e-services catalogue (service-detail pages, English and Arabic). Text is stored verbatim apart from Unicode/whitespace normalisation.",Reclassification of Main Commercial Registration,إعادة تعيين السجل التجاري الرئيسي,Ministry of Commerce,وزارة التجارة,Commercial Register · Business sector · Proactive,السجل التجاري · قطاع الأعمال · استباقية,"An electronic service provided by the Ministry of Commerce through the Saudi Business Center platform that allows beneficiaries to convert their commercial registration from branch to main, without having to visit service centers.",خدمة إلكترونية تقدمها وزارة التجارة عبر منصة المركز السعودي للأعمال، تتيح للمستفيدين تحويل نوع السجل التجاري من فرعي إلى رئيسي، دون الحاجة إلى زيارة مراكز الخدمة.,,,"- The commercial registry should be active.
- The commercial registry data should be updated.","- أن يكون السجل التجاري نشطًا.
- أن تكون بيانات السجل التجاري محدثة.",- There is no,- لا يوجد,"- Access the platform: Via the National Unified Access through the Saudi Business Center platform.
- Select the service: From ""Doing Business"" > ""Ministry of Commerce"" > ""Reset Master Register.""
- View and select the commercial register: Select the sub-registry to be converted into a master register, and click ""Continue.""
- Read the terms and requirements: Review and agree to the terms, then continue.
- Select the new master commercial register: Confirm the register to be designated as the master, then click ""Continue"" to view the application summary.
- Review and submit the application: Review the data, approve the declaration, then submit the application.
- Billing and payment: After reviewing the application, the costs are displayed, the invoice is issued, and the fees are paid.
- Complete the application: After payment, the application status is updated to ""Complete,"" and the new register is designated as the actual master register.","- الدخول على المنصة: عبر النفاذ الوطني الموحد من خلال منصة المركز السعودي للأعمال.
- اختيار الخدمة: من ""ممارسة الأعمال"" > ""وزارة التجارة"" > ""إعادة تعيين سجل رئيسي.
- عرض وتحديد السجل التجاري: اختيار السجل الفرعي المراد تحويله إلى سجل رئيسي، والضغط على ""استمرار"".
- قراءة الشروط والمتطلبات: الاطلاع على الشروط والموافقة عليها، ثم المتابعة.
- تحديد السجل التجاري الرئيسي الجديد: تأكيد السجل الذي سيتم تعيينه كرئيسي، ثم الضغط على ""استمرار"" لعرض ملخص الطلب.
- مراجعة وتقديم الطلب: مراجعة البيانات، الموافقة على الإقرار، ثم تقديم الطلب.
- الفوترة والدفع: بعد مراجعة الطلب، تُعرض التكاليف، ويتم إصدار الفاتورة وسداد الرسوم.
- إتمام الطلب: بعد الدفع، يتم تحديث حالة الطلب إلى ""مكتمل"" ويتم تعيين السجل الجديد كسجل رئيسي فعلي.",100,100,Immediate,فوري,Merchant,التاجر,Arabic and English,العربية والانجليزية,https://mc.gov.sa/en/eservices/Pages/ServiceDetails.aspx?sID=4,https://mc.gov.sa/ar/eservices/Pages/ServiceDetails.aspx?sID=4,16 Sep 2026,04 ربيع الثاني 1448,"{""page_tags"": {""ar"": [""السجل التجاري"", ""قطاع الأعمال"", ""استباقية""], ""en"": [""Commercial Register"", ""Business sector"", ""Proactive""]}}"
mc-5,official_web_page,mc.gov.sa,verified_official_capture,2026-09-30T10:09:17.069Z,2026-09-30,"1900, cs@mc.gov.sa",Online (Ministry of Commerce / Saudi Business Center e-services),5,ar:422d057aa196d9385ffea76e6a35d205d8596d1b212fcbf3d7e628e088a31a65;en:7b443bc4fbea2d29c217e8395ccb824e47151fe2eb204f2ad2de26657f3bc4e9,"Captured from the official Ministry of Commerce e-services catalogue (service-detail pages, English and Arabic). Text is stored verbatim apart from Unicode/whitespace normalisation.",Inquiring about Immediate Violations,الاستعلام عن المخالفات الفورية,Ministry of Commerce,وزارة التجارة,consumer · Commercial Fraud · commercial report,التاجر · السجل التجاري · قطاع الأعمال,"An electronic service provided by the Ministry of Commerce, which enables merchant beneficiaries to electronically inquire about commercial violations and fines issued by the Ministry's inspectors, eliminating the need to visit the Ministry branches.",خدمة إلكترونية تقدمها وزارة التجارة، تتيح للمستفيدين التاجر من الاستعلام عن المخالفات والغرامات التجارية التي تم تحريرها من قبل مراقبي وزارة التجارة، إلكترونيًا دون الحاجة إلى مراجعة فروع الوزارة.,,,- (Violation number or Efaa number) and (CR number or Municipality licence number),- وجود (رقم المخالفة أو رقم إيفاء) و (رقم السجل التجاري أو رقم رخصة البلدية),- There is no,- لا يوجد,"- Click on start the service.
- Enter (Violation number or Efaa number) and (CR number or Municipality licence number).
- Enter the image code.
- Click on the search icon.","- الضغط على إبدأ الخدمة.
- إدخال (رقم المخالفة أو رقم إيفاء) و (رقم السجل التجاري أو رقم رخصة البلدية).
- ادخال رمز الصورة .
- الضغط على ايقونة البحث.",Free,مجانية,immediate,فوري,Merchant,التاجر,Arabic,العربية,https://mc.gov.sa/en/eservices/Pages/ServiceDetails.aspx?sID=5,https://mc.gov.sa/ar/eservices/Pages/ServiceDetails.aspx?sID=5,16 Sep 2026,04 ربيع الثاني 1448,"{""page_tags"": {""ar"": [""التاجر"", ""السجل التجاري"", ""قطاع الأعمال""], ""en"": [""consumer"", ""Commercial Fraud"", ""commercial report""]}}"
mc-6,official_web_page,mc.gov.sa,verified_official_capture,2026-09-30T10:08:25.559Z,2026-09-30,"1900, cs@mc.gov.sa",Online (Ministry of Commerce / Saudi Business Center e-services),6,ar:07ec2d7f8cf3fef42c3e18e8be8cacfc0d34d3d019e40dc4d2d80529d5bdb656;en:225c8025a18653a26728207763179a1f37b6d5667d736f67e581be061e5d9cf5,"Captured from the official Ministry of Commerce e-services catalogue (service-detail pages, English and Arabic). Text is stored verbatim apart from Unicode/whitespace normalisation.",Updating the operating license data for a sole proprietorship,تحديث بيانات الرخص التشغيلية لمؤسسة فردية,Ministry of Commerce,وزارة التجارة,Merchant · Commercial Register · Business sector,التاجر · السجل التجاري · قطاع الأعمال,An electronic service provided by the Ministry of Commerce through the Saudi Business Center platform that allows beneficiaries to update operating licenses linked to the commercial register of establishments without the need to visit service centers.,خدمة إلكترونية تقدمها وزارة التجارة عبر منصة المركز السعودي للأعمال، تتيح للمستفيدين تحديث الرخص التشغيلية المرتبطة بالسجل التجاري للمؤسسات، دون الحاجة إلى زيارة مراكز الخدمة.,,,- The presence of a valid license includes the activity restricted in the commercial registry.,- وجود ترخيص ساري المفعول يتضمن النشاط المقيد في السجل التجاري.,- There is no,- لا يوجد,"- Access the platform: Through the unified national access via the Saudi Business Center platform.
- Select the service: ""Doing Business"" > ""Ministry of Commerce"" > ""Update Operating License Data.""
- Start the service: Select the commercial register, then ""Continue.""
- Enter license data: Fill in the license information (number, date, photo, activities), then save and continue.
- Submit the application: Review the data, approve the declaration, then submit the application.
- Process: The system verifies the data and sends the application to the Ministry of Commerce.","- الدخول على المنصة: من خلال النفاذ الوطني الموحد عبر منصة المركز السعودي للأعمال.
- اختيار الخدمة: ""ممارسة الأعمال"" > ""وزارة التجارة"" > ""تحديث بيانات الرخص التشغيلية"".
- بدء الخدمة: اختيار السجل التجاري، ثم ""استمرار"".
- إدخال بيانات الرخصة: تعبئة بيانات الترخيص (الرقم، التاريخ، الصورة، الأنشطة) ثم حفظ واستمرار.
- تقديم الطلب: مراجعة البيانات، والموافقة على الإقرار، ثم تقديم الطلب.
- المعالجة: يتحقق النظام من البيانات ويُرسل الطلب لوزارة التجارة.",Free,مجانية,Immediate,فوري,Merchant,التاجر,Arabic and English,العربية والانجليزية,https://mc.gov.sa/en/eservices/Pages/ServiceDetails.aspx?sID=6,https://mc.gov.sa/ar/eservices/Pages/ServiceDetails.aspx?sID=6,16 Sep 2026,04 ربيع الثاني 1448,"{""page_tags"": {""ar"": [""التاجر"", ""السجل التجاري"", ""قطاع الأعمال""], ""en"": [""Merchant"", ""Commercial Register"", ""Business sector""]}}"
mc-7,official_web_page,mc.gov.sa,verified_official_capture,2026-09-30T10:14:19.459Z,2026-09-30,"1900, cs@mc.gov.sa",Online (Ministry of Commerce / Saudi Business Center e-services),7,ar:d0138e97cceae1efef1e9ee878d08f65e4db00b542dfe1134d16f3782b583c9a;en:9eeba9be99cd6c182bf4a3c447979dbe858e859c5fc2a3a4e798cafb94a7aefa,"Captured from the official Ministry of Commerce e-services catalogue (service-detail pages, English and Arabic). Text is stored verbatim apart from Unicode/whitespace normalisation.",Submitting the Results of the General Assembly,رفع نتائج الجمعية العمومية,Ministry of Commerce,وزارة التجارة,Merchant · companies · business sector,التاجر · الشركات · قطاع الأعمال,"An electronic service provided by the Ministry of Commerce, which allows companies planning to conduct Assemblies (Ordinary or Extraordinary) to electronically submit Assembly results and necessary documents in compliance with the Companies Law, eliminating the need for in-person visits to the Ministry branches.","خدمة إلكترونية تقدمها وزارة التجارة، تتيح للمستفيدين هذه الخدمة الشركات الراغبة بعقد الجمعيات (العادية، غير العادية ) برفع نتائج , عقد الجمعية والوثائق المطلوبة وفقاً لأحكام نظام الشركات، إلكترونيًا دون الحاجة إلى مراجعة فروع الوزارة.",,,- There is no,- لا يوجد,"- A voting card for each shareholder.
- Attach the minutes of the meeting.
- Attach the minutes of the vote count.
- Attach the attendance sheet.
- Attach the authorization/proxy in case of attendance by proxy.
- Attach the Board of Directors report, in case of voting on it.
- Attach an approved resident report, in case the capital increase is in kind.
- Attach the auditor's certificate, or a bank certificate of depositing the amount of the capital increase, in case the increase is cash.
- Attach the final report of the liquidator, in case of voluntary liquidation.
- Attach the judicial ruling, in case of judicial liquidation.
- The following must be attached, in case of an extraordinary meeting: - A comparison table before/after between the prepared resources. - The approved bylaws. - The bylaws after the proposed amendments to the meeting, in (Word) format.","- وجود بطاقة تصويت، لكل مساهم.
- إرفاق محضر الجمعية.
- إرفاق محضر فرز الأصوات.
- إرفاق كشف الحضور.
- إرفاق التفويض/ الوكالة في حال الحضور بالنيابة.
- إرفاق تقرير مجلس الإدارة، في حال التصويت عليه.
- إرفاق تقرير مقيم معتمد، في حال كانت زيادة رأس المال عينية.
- إرفاق شهادة مراجع الحسابات، أو شهادة بنكية بإيداع مقدار زيادة رأس المال في حال كانت الزيادة نقدية.
- إرفاق التقرير النهائي للمصفي، في حال التصفية الاختيارية.
- إرفاق الحكم القضائي، في حال التصفية القضائية.
- أن يتم إرفاق ما يلي، في حال كانت جمعية غير عادية : - جدول مقارنة قبل/ بعد بين الموارد المعدة. - النظام الأساسي المعتمد. - النظام الأساسي بعد التعديلات المقترحة بالجمعية، بصيغة (Word).","- Click on Start Service
- Login to the account (username and password or national access)
- Click on the icon (upload the results of the assembly after its convening).
- Click on the ""Send Request"" icon.
- Provide the Ministry with the results of the association and the required documents in accordance with the provisions of the companies through the option ""Inform the Ministry of the association's documents""","- الضغط على ابدا الخدمة
- الدخول إلى الحساب (اسم المستخدم وكلمة المرور أو النفاذ الوطني )
- الضغط على أيقونة (رفع نتائج الجمعية بعد انعقادها)
- الضغط على أيقونة """"إرسال الطلب"""".
- تزويد الوزارة بنتائج الجمعية والوثائق المطلوبة وفقاً لأحكام الشركات عن طريق خيار """" إحاطة الوزارة بوثائق الجمعية""",Free,مجانية,1 working days,يوم عمل,Merchant,التاجر,Arabic,العربية,https://mc.gov.sa/en/eservices/Pages/ServiceDetails.aspx?sID=7,https://mc.gov.sa/ar/eservices/Pages/ServiceDetails.aspx?sID=7,16 Sep 2026,04 ربيع الثاني 1448,"{""page_tags"": {""ar"": [""التاجر"", ""الشركات"", ""قطاع الأعمال""], ""en"": [""Merchant"", ""companies"", ""business sector""]}}"
mc-8,official_web_page,mc.gov.sa,verified_official_capture,2026-09-30T10:12:10.416Z,2026-09-30,"1900, cs@mc.gov.sa",Online (Ministry of Commerce / Saudi Business Center e-services),8,ar:495f216910799264a23c4faee2f4418e25d4e3626c6b5a89deb66fb96d0d47fb;en:39ec40980a1e4010b6e5c05ba768e90906ecbc045050395e68af0c5b85c2ace2,"Captured from the official Ministry of Commerce e-services catalogue (service-detail pages, English and Arabic). Text is stored verbatim apart from Unicode/whitespace normalisation.",Update the operating license data for the company,تحديث بيانات الرخص التشغيلية لشركة,Ministry of Commerce,وزارة التجارة,Merchant · Commercial Register · Business sector,التاجر · السجل التجاري · قطاع الأعمال,An electronic service provided by the Ministry of Commerce through the Saudi Business Center platform that allows beneficiaries to update operating licenses linked to their companies' commercial registers without having to visit service centers.,خدمة إلكترونية تقدمها وزارة التجارة عبر منصة المركز السعودي للأعمال، تتيح للمستفيدين تحديث الرخص التشغيلية المرتبطة بالسجل التجاري للشركات، دون الحاجة إلى زيارة مراكز الخدمة.,,,- A valid license that includes the activity registered in the commercial register must be present.,- وجود ترخيص ساري المفعول يتضمن النشاط المقيد في السجل التجاري.,- Attach a valid license that includes the activity registered in the commercial register.,- إرفاق ترخيص ساري المفعول يتضمن النشاط المقيد في السجل التجاري.,"- Access the platform: Through the unified national access via the Saudi Business Center platform.
- Select the service: ""Doing Business"" > ""Ministry of Commerce"" > ""Update Operating License Data.""
- Start the service: Select the commercial register, then ""Continue.""
- Enter license data: Fill in the license information (number, date, photo, activities), then save and continue.
- Submit the application: Review the data, approve the declaration, then submit the application.
- Process: The system verifies the data and sends the application to the Ministry of Commerce.","- الدخول على المنصة: من خلال النفاذ الوطني الموحد عبر منصة المركز السعودي للأعمال.
- اختيار الخدمة: ""ممارسة الأعمال"" > ""وزارة التجارة"" > ""تحديث بيانات الرخص التشغيلية"".
- بدء الخدمة: اختيار السجل التجاري، ثم ""استمرار"".
- إدخال بيانات الرخصة: تعبئة بيانات الترخيص (الرقم، التاريخ، الصورة، الأنشطة) ثم حفظ واستمرار.
- تقديم الطلب: مراجعة البيانات، والموافقة على الإقرار، ثم تقديم الطلب.
- المعالجة: يتحقق النظام من البيانات ويُرسل الطلب لوزارة التجارة.",Free,مجانية,Immediate,فوري,Merchant,التاجر,Arabic and English,العربية والانجليزية,https://mc.gov.sa/en/eservices/Pages/ServiceDetails.aspx?sID=8,https://mc.gov.sa/ar/eservices/Pages/ServiceDetails.aspx?sID=8,16 Sep 2026,04 ربيع الثاني 1448,"{""page_tags"": {""ar"": [""التاجر"", ""السجل التجاري"", ""قطاع الأعمال""], ""en"": [""Merchant"", ""Commercial Register"", ""Business sector""]}}"
mc-9,official_web_page,mc.gov.sa,verified_official_capture,2026-09-30T10:08:39.114Z,2026-09-30,"1900, cs@mc.gov.sa",Online (Ministry of Commerce / Saudi Business Center e-services),9,ar:bee438f3b0338a674b5560d9a3bc7ea04961fa415125f8626e09c83002aa6b2e;en:8441bfafc19a33f8bbe271c0b94169628838963b26382cad17ea5dcb2ef4efde,"Captured from the official Ministry of Commerce e-services catalogue (service-detail pages, English and Arabic). Text is stored verbatim apart from Unicode/whitespace normalisation.",unlock the company's main commercial registry suspension,رفع تعليق السجل التجاري الرئيسي لشركة,Ministry of Commerce,وزارة التجارة,Merchant · Commercial Register · Business sector,التاجر · السجل التجاري · قطاع الأعمال,"An electronic service provided by the Ministry of Commerce through the Saudi Business Center platform, which allows beneficiaries to lift the suspension of the company’s main commercial register after the expiry of a period of (90) days from the date of the annual confirmation due, without the need to visit service centers.",خدمة إلكترونية تقدمها وزارة التجارة عبر منصة المركز السعودي للأعمال، تتيح للمستفيدين رفع تعليق السجل التجاري الرئيسي للشركة بعد انتهاء مهلة (90) يومًا من تاريخ استحقاق التأكيد السنوي، دون الحاجة إلى زيارة مراكز الخدمة.,,,"- The status of the commercial registration must be suspended.
- The requirements of the commercial registration data amendment service must be fulfilled, in case of any amendments.","- أن تكون حالة السجل التجاري معلق.
- استيفاء اشتراطات خدمة تعديل بيانات السجل التجاري الرئيسي لشركة في حال تعديل.","- A valid investment license for the foreign company must be provided, with a duration of no less than 30 days.",- وجود ترخيص استثماري ساري المفعول للشركة الأجنبية، بمدة لا تقل عن (30) يومًا.,"- Enter the Saudi Business Center platform
- Log in using the website account or the national access","- الدخول إلى منصة المركز السعودي للأعمال
- تسجيل الدخول عن طريق حساب الموقع الإلكتروني أو النفاذ الوطني",Free,مجانية,Immediate,فوري,Merchant,التاجر,Arabic and English,العربية والانجليزية,https://mc.gov.sa/en/eservices/Pages/ServiceDetails.aspx?sID=9,https://mc.gov.sa/ar/eservices/Pages/ServiceDetails.aspx?sID=9,16 Sep 2026,04 ربيع الثاني 1448,"{""page_tags"": {""ar"": [""التاجر"", ""السجل التجاري"", ""قطاع الأعمال""], ""en"": [""Merchant"", ""Commercial Register"", ""Business sector""]}}"
mc-10,official_web_page,mc.gov.sa,verified_official_capture,2026-09-30T10:19:35.280Z,2026-09-30,"cs@mc.gov.sa, 1900",Online (Ministry of Commerce / Saudi Business Center e-services),10,ar:a6a43fcc15200038f3e2f6c2d984937295b5d395a95a03b3272d781293937577;en:b30fbf6fa0f1778c4d5d3ba63e7301dca2e72b6ec16d4a3d04a61273fd30bfea,"Captured from the official Ministry of Commerce e-services catalogue (service-detail pages, English and Arabic). Text is stored verbatim apart from Unicode/whitespace normalisation.",Commercial establishments reporting cases of cover-up in other establishments,خدمة إبلاغ المنشآت التجارية عن حالات التستر في منشآت أخرى,Ministry of Commerce,وزارة التجارة,The merchant · Business sector · Installations,التاجر · قطاع الأعمال · المنشآت,"An electronic service provided by the Ministry of Commerce, which allows commercial establishments to report instances of commercial cover-up in other establishments. This service aims to enhance the business environment, reduce the incidence of cover-up crimes, and ensure compliance with Market regulations established by government agencies, all without requiring a visit to the Ministry branches.
If you have any inquiries or comments, you can contact us via the following email: cs@mc.gov.sa","خدمة إلكترونية تقدمها وزارة التجارة، تٌمكّن المنشآت التجارية من الإبلاغ عن حالات التستر التجاري في منشآت أخرى، للمساهمة في الارتقاء ببيئة الأعمال التجارية والحد من جريمة التستر، وتعزيز امتثال المنشآت بقواعد السوق المعتمدة من الجهات الحكومية, دون الحاجة إلى مراجعة فروع الوزارة.
وفي حال وجود أي استفسارات أو ملاحظات لديكم، يمكنكم التواصل معنا عبر البريد الإلكتروني التالي: cs@mc.gov.sa",,,- There is no,- لا يوجد,"- CR data
- National identity data for Saudis and citizens of the Gulf Cooperation Council, resident identity data for non-Saudis, or passport data
- Reported facility data.
- A copy of the documents supporting the report","- بيانات السجل التجاري
- بيانات الهوية الوطنية للسعوديين ومواطني مجلس التعاون لدول مجلس الخليج العربي، أو بيانات هوية مقيم لغير السعوديين أو بيانات جواز السفر
- بيانات المنشأة المُبلغ عنها.
- صورة من المستندات المؤيدة للبلاغ.","- Log in via the Ministry of Commerce system or the national unified login.
- Insert the information of the “affiliated with the facility” informant.
- Insert reported facility data.
- Submit the request.","- تسجيل الدخول عبر نظام وزارة التجارة أو النفاذ الوطني الموحد.
- إدراج بيانات المُبلغ ""المنتسب للمنشأة"".
- إدراج بيانات المنشأة المُبلغ عنها.
- إرسال الطلب.",Free,مجانية,20 working days,20 يوم عمل,Merchant,التاجر,Arabic,العربية,https://mc.gov.sa/en/eservices/Pages/ServiceDetails.aspx?sID=10,https://mc.gov.sa/ar/eservices/Pages/ServiceDetails.aspx?sID=10,16 Sep 2026,04 ربيع الثاني 1448,"{""page_tags"": {""ar"": [""التاجر"", ""قطاع الأعمال"", ""المنشآت""], ""en"": [""The merchant"", ""Business sector"", ""Installations""]}}"
mc-11,official_web_page,mc.gov.sa,verified_official_capture,2026-09-30T10:08:47.706Z,2026-09-30,"1900, cs@mc.gov.sa",Online (Ministry of Commerce / Saudi Business Center e-services),11,ar:fee702cfa62673e37f857fbda98984ca819cd2d5306710539d4b3d20e2f6db93;en:1b9197bed0851d9bdfbcdcb10383b421f67ace117b3fcaa03ba697424cb046c1,"Captured from the official Ministry of Commerce e-services catalogue (service-detail pages, English and Arabic). Text is stored verbatim apart from Unicode/whitespace normalisation.",The annual confirmation of the company's branch commercial registry data,التأكيد السنوي لبيانات السجل التجاري الفرعي لشركة,Ministry of Commerce,وزارة التجارة,Merchant · Commercial Register · Business sector,التاجر · السجل التجاري · قطاع الأعمال,"An electronic service provided by the Ministry of Commerce via the Saudi Business Center platform, allowing beneficiaries to verify the data of the subsidiary commercial register for companies annually, without the need to visit service centers.",خدمة إلكترونية تقدمها وزارة التجارة عبر منصة المركز السعودي للأعمال، تتيح للمستفيدين تأكيد بيانات السجل التجاري الفرعي سنويًا وذلك للشركات، دون الحاجة إلى زيارة مراكز الخدمة.,,,"- The commercial registration must be active.
- The requirements of the commercial registration data amendment service must be fulfilled, in case of any amendments.","- أن يكون السجل التجاري نشطًا.
- استيفاء اشتراطات خدمة تعديل بيانات السجل التجاري الفرعي لشركة في حال تعديل","- A valid investment license for the foreign company must be provided, with a duration of no less than 30 days.",- وجود ترخيص استثماري ساري المفعول للشركة الأجنبية، بمدة لا تقل عن (30) يومًا.,"- Access the platform: Via the National Unified Access or email via the Saudi Business Center platform.
- Select the service: From ""Electronic Services"" < ""Doing Business"" < ""Ministry of Commerce"" < ""Annual Verification of Company Sub-Commercial Registration Data"", then select the commercial registration or enter it manually when logging in via a direct link.
- Start the service: Agree to the terms of service, then click ""Apply for Service.""
- Specify the reason for confirmation: Select the reason ""Based on the merchant's request,"" approve the declaration, and then click ""Continue.""
- Update data: Commercial activities can be modified - Data on previous licenses or license cancellations (if applicable) - E-commerce business data (optional) - National address (brief or detailed search) - Contact information and verification of mobile number and email.
- Review and submit the application: View the application summary, approve the declaration, and then submit the application after confirming the message.
- Process the application: The application is sent to the Ministry of Commerce for verification. If there are any comments, the application is returned for modification.
- Party approval (if applicable): Approval from partners or representatives is requested as needed.
- Payment: Fees are calculated and paid by card or Sadad service.
- Order Completion: After payment, the invoice appears and the order status changes to ""Completed.""","- الدخول على المنصة: عبر النفاذ الوطني الموحد أو البريد الإلكتروني من خلال منصة المركز السعودي للأعمال.
- اختيار الخدمة: من ""الخدمات الإلكترونية"" < ""ممارسة الأعمال"" < ""وزارة التجارة"" < ""التأكيد السنوي لبيانات السجل التجاري الفرعي لشركة"" ، ثم اختيار السجل التجاري أو إدخاله يدويًا عند الدخول عبر رابط مباشر.
- بدء الخدمة: الموافقة على شروط الخدمة، ثم الضغط على ""التقديم على الخدمة""
- تحديد سبب التأكيد: اختيار السبب ""بناء على طلب التاجر""، والموافقة على الإقرار ثم الضغط على ""استمرار"".
- تحديث البيانات: الأنشطة التجارية يمكن تعديلها - بيانات التراخيص المسبقة أو إلغاء التراخيص (إن وجدت) - بيانات العمل بالتجارة الإلكترونية (اختياري) - العنوان الوطني (بحث مختصر أو تفصيلي) - بيانات الاتصال والتحقق من رقم الجوال والبريد الإلكتروني
- مراجعة وتقديم الطلب : عرض ملخص الطلب، والموافقة على الإقرار، ثم تقديم الطلب بعد تأكيد الرسالة.
- معالجة الطلب: يتم إرسال الطلب إلى وزارة التجارة للتحقق، وفي حال وجود ملاحظات يتم إعادة الطلب للتعديل.
- موافقة الأطراف (إن وُجدت) : يتم طلب موافقة الشركاء أو الممثلين حسب الحاجة.
- الدفع : يتم احتساب الرسوم، ودفعها عن طريق البطاقة أو خدمة سداد.
- إتمام الطلب: بعد الدفع تظهر الفاتورة ويتم تحويل حالة الطلب إلى ""مكتمل"".","1600 for a joint stock company or a simplified joint stock company
1200 for a limited liability company
1000 for a General Partnership or Limited Partnership","1600
لشركة مساهمة، مساهمة مبسطة
1200
لشركة ذات مسؤولية محدودة
1000
لشركة تضامنية، توصية بسيطة",immediately,فوري,Merchant,التاجر,Arabic and English,العربية والانجليزية,https://mc.gov.sa/en/eservices/Pages/ServiceDetails.aspx?sID=11,https://mc.gov.sa/ar/eservices/Pages/ServiceDetails.aspx?sID=11,16 Sep 2026,04 ربيع الثاني 1448,"{""page_tags"": {""ar"": [""التاجر"", ""السجل التجاري"", ""قطاع الأعمال""], ""en"": [""Merchant"", ""Commercial Register"", ""Business sector""]}}"
mc-12,official_web_page,mc.gov.sa,verified_official_capture,2026-09-30T10:10:14.406Z,2026-09-30,"1900, cs@mc.gov.sa",Online (Ministry of Commerce / Saudi Business Center e-services),12,ar:2fa8b7fab73c3a76042096a791c16c2dbdcc46f204e195ce18480bfd64f42dc8;en:7f3c84e9ba3a3543f41ee58294f80c2b1591cf25815c8089b0a5a235ba1ec3a4,"Captured from the official Ministry of Commerce e-services catalogue (service-detail pages, English and Arabic). Text is stored verbatim apart from Unicode/whitespace normalisation.",The cancelation of the company's branch commercial registry,شطب السجل التجاري الفرعي لشركة,Ministry of Commerce,وزارة التجارة,Merchant · Commercial Register · Business sector,التاجر · السجل التجاري · قطاع الأعمال,"An electronic service provided by the Ministry of Commerce through the Saudi Business Center platform that allows beneficiaries to cancel a company's subsidiary commercial registration upon completion of business activity, without the need to visit service centers.",خدمة إلكترونية تقدمها وزارة التجارة عبر منصة المركز السعودي للأعمال، تتيح للمستفيدين إلغاء السجل التجاري الفرعي لشركة عند الانتهاء من ممارسة النشاط التجاري، دون الحاجة إلى زيارة مراكز الخدمة.,,,"- A valid investment license for the foreign company must be provided, with a duration of no less than 30 days.
- Note: The applicant for cancellation may retain the trade name of the sub-commercial registration, provided that the trade name is not a personal name.","- وجود ترخيص استثماري ساري المفعول للشركة الأجنبية، بمدة لا تقل عن (30) يومًا.
- ملاحظة: يمكن لمقدم طلب الشطب الاحتفاظ بالاسم التجاري للسجل الفرعي بشرط ألا يكون الاسم التجاري اسما شخصيًا.","- A statement confirming the absence of licenses or the cancellation of licenses for activities that require a license prior to issuance must be submitted.
- A decision from the partners or management to cancel the sub-commercial registration must be provided.","- تقديم إفادة بعدم وجود تراخيص، أو إلغاء التراخيص للأنشطة التي تتطلب ترخيصًا قبل الإصدار.
- تقديم قرار الشركاء أو الإدارة بشطب السجل التجاري الفرعي.","- Click ""Start Service""
- Log in to your account via the National Unified Access or log in for investors who do not hold a Saudi ID or residency.
- Select the service: From ""Electronic Services"" > ""Closing Business"" > ""Ministry of Commerce"" > ""Deleting a Company's Sub-Commercial Register"" - or from ""Commercial Registers"" > Select the register > ""Registration Procedures"" > ""Deleting a Company's Sub-Commercial Register.""
- Start the application: Agree to the terms and conditions, then click ""Apply for Service.""
- Fill in the information: • Enter the commercial register information. • Upload proof of license cancellation, if applicable. • Complete the court ruling information if it was the reason for deletion.
- Submit the application: Enter the verification code and then click ""Submit Application.""
- Payment and Follow-up: Pay the fees, review the application, and print the invoice. - After payment, the record will be successfully deleted.","- الضغط على ابدأ الخدمة
- الدخول إلى الحساب عن طريق النفاذ الوطني الموحد او تسجيل الدخول للمستثمرين الذين لا يحملون هوية او إقامة سعودية
- اختيار الخدمة: من ""الخدمات الإلكترونية"" > ""إنهاء الأعمال"" > ""وزارة التجارة"" > ""شطب السجل التجاري الفرعي لشركة - أو من ""السجلات التجارية"" > تحديد السجل > ""إجراءات السجل"" > ""شطب السجل التجاري الفرعي لشركة .
- بدء الطلب: الموافقة على الشروط، ثم الضغط على ""التقديم على الخدمة"".
- تعبئة البيانات: • إدخال بيانات السجل التجاري. • رفع ما يثبت إلغاء الترخيص إن وُجد. • استكمال بيانات الحكم القضائي إذا كان سبب الشطب.
- تقديم الطلب: إدخال رمز التحقق ثم الضغط على ""تقديم الطلب"".
- الدفع والمتابعة: دفع الرسوم، استعراض الطلب، وطباعة الفاتورة. - بعد الدفع يتم شطب السجل بنجاح.",Free,مجانية,immediately,فوري,Merchant,التاجر,Arabic and English,العربية والانجليزية,https://mc.gov.sa/en/eservices/Pages/ServiceDetails.aspx?sID=12,https://mc.gov.sa/ar/eservices/Pages/ServiceDetails.aspx?sID=12,16 Sep 2026,04 ربيع الثاني 1448,"{""page_tags"": {""ar"": [""التاجر"", ""السجل التجاري"", ""قطاع الأعمال""], ""en"": [""Merchant"", ""Commercial Register"", ""Business sector""]}}"
mc-13,official_web_page,mc.gov.sa,verified_official_capture,2026-09-30T10:09:07.205Z,2026-09-30,"1900, cs@mc.gov.sa",Online (Ministry of Commerce / Saudi Business Center e-services),13,ar:6b20f17c5d4ba9520ea3acbe8346b6585be45f38079cf51a90831af9a8ddc7bf;en:6652a58c01c6d50d1deaa738c8dda0a6f4cfd8ce438c2bd6f4238620c4975490,"Captured from the official Ministry of Commerce e-services catalogue (service-detail pages, English and Arabic). Text is stored verbatim apart from Unicode/whitespace normalisation.",Updating Commercial Registration Owner's Data,تحديث بيانات مالك السجل التجاري,Ministry of Commerce,وزارة التجارة,Merchant · Commercial Register · Business sector,التاجر · السجل التجاري · قطاع الأعمال,"An electronic service provided by the Ministry of Commerce through the Saudi Business Center platform, allowing beneficiaries to update the data of the owner/manager of the commercial register without having to visit service centers.",خدمة إلكترونية تقدمها وزارة التجارة عبر منصة المركز السعودي للأعمال، تتيح للمستفيدين من تحديث بيانات مالك / مدير السجل التجاري، دون الحاجة إلى زيارة مراكز الخدمة.,,,"- The commercial registration must be for a sole proprietorship.
- The applicant must be at least 18 years old.","- أن يكون السجل التجاري لمؤسسة فردية.
- ألا يقل عمر مقدم الطلب عن 18 سنة.",- There is no,- لا يوجد,"- Access the platform: Via the National Unified Access through the Saudi Business Center platform.
- Select the service: From ""Doing Business"" > ""Ministry of Commerce"" > ""Update Commercial Register Owner Data"".
- Start the service: Review the terms and conditions, then accept them and click ""Apply for Service"".
- Add the commercial register: Enter the commercial register number and click ""Get Data"". - View the register and owner data.
- Update data: Update contact information (mobile, email) and confirm it with a verification code. - Enter or update the approved business address within the Kingdom.
- Review and submit the application: Review the application summary, approve the declaration, and submit the application.
- Processing: The data is verified by the Ministry of Commerce, and the application status is changed to ""Complete"". (The service is free and does not require payment.)","- الدخول على المنصة: عبر النفاذ الوطني الموحد من خلال منصة المركز السعودي للأعمال.
- اختيار الخدمة: من ""ممارسة الأعمال"" > ""وزارة التجارة"" > ""تحديث بيانات مالك السجل التجاري"".
- بدء الخدمة: الاطلاع على الشروط، ثم الموافقة عليها والضغط على ""التقديم على الخدمة"".
- إضافة السجل التجاري: إدخال رقم السجل التجاري والضغط على ""جلب البيانات"". - عرض بيانات السجل وبيانات المالك.
- تحديث البيانات: تحديث بيانات الاتصال (الجوال، البريد الإلكتروني) وتأكيدها عبر رمز التحقق. - إدخال أو تحديث عنوان الأعمال المعتمد داخل المملكة.
- مراجعة وتقديم الطلب: مراجعة ملخص الطلب، والموافقة على الإقرار، ثم تقديم الطلب.
- المعالجة: يتم التحقق من البيانات من قبل وزارة التجارة وتحويل حالة الطلب إلى ""مكتمل"". (الخدمة مجانية ولا تتطلب دفع رسوم).",Free,مجانية,Within 72 hours,خلال 72 ساعة,Merchant,التاجر,Arabic and English,العربية والانجليزية,https://mc.gov.sa/en/eservices/Pages/ServiceDetails.aspx?sID=13,https://mc.gov.sa/ar/eservices/Pages/ServiceDetails.aspx?sID=13,16 Sep 2026,04 ربيع الثاني 1448,"{""page_tags"": {""ar"": [""التاجر"", ""السجل التجاري"", ""قطاع الأعمال""], ""en"": [""Merchant"", ""Commercial Register"", ""Business sector""]}}"
mc-14,official_web_page,mc.gov.sa,verified_official_capture,2026-09-30T10:20:15.551Z,2026-09-30,"1900, cs@mc.gov.sa",Online (Ministry of Commerce / Saudi Business Center e-services),14,ar:1208f9adfc997c871d7df2edc70c102069dcbed3412fed9687bc1147a182b2b2;en:600de58d36b915e9478dbe3961c6316dc9cd68a30c9672447a1bcd488a045cba,"Captured from the official Ministry of Commerce e-services catalogue (service-detail pages, English and Arabic). Text is stored verbatim apart from Unicode/whitespace normalisation.",Franchise System Violations,مخالفات نظام الامتياز التجاري,Ministry of Commerce,وزارة التجارة,Merchant · companies · business sector,التاجر · الشركات · قطاع الأعمال,"An electronic service provided by the Ministry of Commerce that enables beneficiaries to report any practices that may constitute a violation of the Commercial Franchise Law and its implementing regulations. The Ministry values the role of whistleblowers in promoting compliance and appreciates their initiatives, which reflect integrity and national responsibility. Reports can be submitted through its electronic channels without the need to visit the Ministry's branches.",خدمة إلكترونية تقدمها وزارة التجارة، تتيح للمستفيدين من الإبلاغ عن أي ممارسات قد تشكل مخالفة لنظام الامتياز التجاري ولائحته التنفيذية. وتُثمّن الوزارة دور المبلغين في تعزيز الالتزام، وتقدّر مبادراتهم التي تعكس الأمانة والمسؤولية الوطنية، من خلال تقديم البلاغات عبر قنواتها إلكترونية دون الحاجة إلى مراجعة فروع الوزارة.,,,"- National ID data for Saudis and citizens of Gulf Cooperation Council countries - or resident ID data for non-Saudis - or passport data.
- A copy of the legal power of attorney and the legal representative's national ID data.
- The defendant's information.
- A copy of the documents supporting the report.","- بيانات الهوية الوطنية للسعوديين ومواطني دول الخليج العربي - أو بيانات هوية مقيم لغير السعوديين - أو بيانات جواز السفر.
- صورة من الوكالة الشرعية وبيانات الهوية الوطنية للوكيل الشرعي.
- بيانات المشتكى عليه.
- صورة من المستندات المؤيدة للبلاغ.",- Attach supporting documents for the violation.,- إرفاق المستندات الداعمة لوقوع المخالفة.,"- Click Start Service.
- Log in via National Access.
- Fill in the information indicated within the service.
- Submit the request.","- الضغط على إبدأ الخدمة.
- تسجيل الدخول عبر النفاذ الوطني.
- تعبئة البيانات المشار اليها داخل الخدمة.
- ارسال الطلب .",Free,مجانية,7 working days,7 أيام عمل,Merchant,التاجر,Arabic,العربية,https://mc.gov.sa/en/eservices/Pages/ServiceDetails.aspx?sID=14,https://mc.gov.sa/ar/eservices/Pages/ServiceDetails.aspx?sID=14,16 Sep 2026,04 ربيع الثاني 1448,"{""page_tags"": {""ar"": [""التاجر"", ""الشركات"", ""قطاع الأعمال""], ""en"": [""Merchant"", ""companies"", ""business sector""]}}"
mc-15,official_web_page,mc.gov.sa,verified_official_capture,2026-09-30T10:11:12.939Z,2026-09-30,"1900, cs@mc.gov.sa",Online (Ministry of Commerce / Saudi Business Center e-services),15,ar:0fb842c53c609ab893623a497e4fe14fe93b235d5d858e48750b05a75204e038;en:149f587293303446def93b849a3cfc8213b730b157ad5af6b50b265a0d8e727f,"Captured from the official Ministry of Commerce e-services catalogue (service-detail pages, English and Arabic). Text is stored verbatim apart from Unicode/whitespace normalisation.",The annual confirmation of the commercial registry data of an establishment,التأكيد السنوي لبيانات السجل التجاري لمؤسسة فردية,Ministry of Commerce,وزارة التجارة,Merchant · Commercial Register · Business sector,التاجر · السجل التجاري · قطاع الأعمال,"An electronic service provided by the Ministry of Commerce through the Saudi Business Center platform that allows beneficiaries to verify the commercial registry data annually for sole proprietorships, without the need to visit service centers.",خدمة إلكترونية تقدمها وزارة التجارة عبر منصة المركز السعودي للأعمال، تتيح للمستفيدين تأكيد بيانات السجل التجاري سنويًا، وذلك للمؤسسات الفردية، دون الحاجة إلى زيارة مراكز الخدمة.,,,"- The commercial registration must be active.
- The age must not be less than 18 years.
- The applicant must not hold a government position.
- The requirements of the commercial registration data amendment service must be fulfilled, in case of any amendments.","- أن يكون السجل التجاري نشطًا.
- ألا يقل العمر عن 18 سنة.
- ألا يكون موظفًا حكوميًا.
- استيفاء اشتراطات خدمة تعديل بيانات السجل التجاري في حال التعديل","- A valid investment license for the foreign establishment must be provided, with a duration of no less than 30 days.
- The following must be verified if the establishment is a cooperative or charitable association: A certificate of the association's registration with the Ministry of Human Resources and Social Development must be provided - The applicant must have a power of attorney or authorization from the association's board.
- The following must be verified if the establishment is an endowment: Endowment deed is required - A legal power of attorney must be provided by the endower, the endowment administrator, or the board of trustees.","- وجود ترخيص استثماري ساري المفعول للمؤسسة الأجنبية، بمدة لا تقل عن (30) يومًا.
- التحقق من الآتي في حال كانت المؤسسة جمعية تعاونية أو خيرية: - وجود شهادة تسجيل الجمعية لدى وزارة الموارد البشرية والتنمية الاجتماعية. - وجود وكالة أو تفويض من مجلس الجمعية لمقدم الطلب.
- التحقق من الآتي في حال كانت المؤسسة وقفية: - وجود صك الوقف. - وجود وكالة شرعية من الواقف أو ناظر الوقف أو مجلس النظارة.","- Access the platform: Via the National Unified Access or email via the Saudi Business Center platform.
- Select the service: From ""E-Services"" > ""Doing Business"" > ""Ministry of Commerce"" > ""Annual Verification of Commercial Register Data for a Sole Proprietorship,"" select the commercial register and click ""Continue.""
- Start the service: View the commercial register data, click ""Continue,"" agree to the terms, and click ""Apply for Service.""
- Update data: Add business activities. - Enter license data. - Amend capital and e-commerce data. - Amend trade name. - Amend national address and contact information. - Amend directors' data.
- Submit the application: Click ""Submit Application.""
- Pay and follow up: Pay fees, review the application, and print the invoice. - After payment, the annual verification is successfully completed.","- الدخول على المنصة: عبر النفاذ الوطني الموحد أو البريد الإلكتروني من خلال منصة المركز السعودي للأعمال.
- اختيار الخدمة: من ""الخدمات الإلكترونية"" > ""ممارسة الأعمال"" > ""وزارة التجارة"" > ""التأكيد السنوي لبيانات السجل التجاري لمؤسسة فردية""، ثم تحديد السجل التجاري والضغط على ""استمرار"".
- بدء الخدمة: عرض بيانات السجل التجاري، ثم الضغط على ""استمرار""، والموافقة على الشروط، ثم الضغط على ""التقديم على الخدمة"".
- تحديث البيانات: إضافة الأنشطة التجارية. - إدخال بيانات الترخيص. - تعديل رأس المال وبيانات التجارة الإلكترونية. - تعديل الاسم التجاري. - تعديل العنوان الوطني وبيانات الاتصال. - تعديل بيانات المديرين.
- تقديم الطلب: الضغط على ""تقديم الطلب"".
- الدفع والمتابعة: دفع الرسوم، استعراض الطلب، وطباعة الفاتورة. - بعد الدفع، يتم تنفيذ التأكيد السنوي بنجاح.",500 for annual confirmation,"500
للتأكيد السنوي",Immediate,فوري,Merchant,التاجر,Arabic and English,العربية والانجليزية,https://mc.gov.sa/en/eservices/Pages/ServiceDetails.aspx?sID=15,https://mc.gov.sa/ar/eservices/Pages/ServiceDetails.aspx?sID=15,16 Sep 2026,04 ربيع الثاني 1448,"{""page_tags"": {""ar"": [""التاجر"", ""السجل التجاري"", ""قطاع الأعمال""], ""en"": [""Merchant"", ""Commercial Register"", ""Business sector""]}}"
mc-16,official_web_page,mc.gov.sa,verified_official_capture,2026-09-30T10:09:42.444Z,2026-09-30,"1900, cs@mc.gov.sa",Online (Ministry of Commerce / Saudi Business Center e-services),16,ar:02183009d30f2b59e94aa265334eb37c767427d022042132b14654ca990bf018;en:29be0b2b7c05bbce8d07488064dfaf0f10b085687174bc3d8f3e986a6ce94088,"Captured from the official Ministry of Commerce e-services catalogue (service-detail pages, English and Arabic). Text is stored verbatim apart from Unicode/whitespace normalisation.",E-Authorization,التفويض الإلكتروني,Ministry of Commerce,وزارة التجارة,Merchant · Commercial Register · Business sector,التاجر · السجل التجاري · قطاع الأعمال,"An electronic service provided by the Ministry of Commerce, which enables beneficiaries, such as establishment owners or company managers, to add authorized individuals for certain services within selected entities. Additionally, they can manage and print authorizations electronically, eliminating the need to visit the Ministry branches.",خدمة إلكترونية تقدمها وزارة التجارة، تتيح للمستفيدين مالك المؤسسة أو مدير الشركة من إضافة مُفَوَّضِين لخدمات معينة ضمن جهات يتم اختيارها، كما يمكن له إدارة التفويض وطباعته، إلكترونيًا دون الحاجة إلى مراجعة فروع الوزارة.,,,- There is no,- لا يوجد,- There is no,- لا يوجد,"- Click on start service.
- Log in to the system using your username and password or log in with your national access account.
- Click on the icon “Add a Delegate”.","- الضغط على إبدأ الخدمة.
- تسجيل الدخول على النظام عبر اسم المسخدم وكلمة المرور او الدخول بحساب النفاذ الوطني.
- الضغط على أيقونة إضافة المفوض.",Free,مجانية,immediately,فوري,Merchant,التاجر,Arabic,العربية,https://mc.gov.sa/en/eservices/Pages/ServiceDetails.aspx?sID=16,https://mc.gov.sa/ar/eservices/Pages/ServiceDetails.aspx?sID=16,16 Sep 2026,04 ربيع الثاني 1448,"{""page_tags"": {""ar"": [""التاجر"", ""السجل التجاري"", ""قطاع الأعمال""], ""en"": [""Merchant"", ""Commercial Register"", ""Business sector""]}}"
mc-17,official_web_page,mc.gov.sa,verified_official_capture,2026-09-30T10:12:20.677Z,2026-09-30,"1900, cs@mc.gov.sa",Online (Ministry of Commerce / Saudi Business Center e-services),17,ar:866fa80b037ddf6cadf3393f2e0932f9834dd87b692b603e7c42629a4d3e42be;en:08af6c8ceb0fe8beb51edbebaffbb8964a096c389c25c7afa3ccdfa7b08d4538,"Captured from the official Ministry of Commerce e-services catalogue (service-detail pages, English and Arabic). Text is stored verbatim apart from Unicode/whitespace normalisation.",Complaints of violations of the companies system,شكاوى مخالفات نظام الشركات,Ministry of Commerce,وزارة التجارة,Merchant · companies · business sector,التاجر · الشركات · قطاع الأعمال,"An electronic service provided by the Ministry of Commerce, which allows beneficiaries to report any practices that may constitute a violation of the Companies Law and its Executive Regulations. The Ministry appreciates the sense of honesty and national responsibility of those who initiate reporting, which contributes to enhancing commitment and transparency, through electronic reporting channels without the need to visit the Ministry’s branches.",خدمة إلكترونية تقدمها وزارة التجارة، تتيح للمستفيدين من الإبلاغ عن أي ممارسات قد تشكل مخالفة لنظام الشركات ولائحته التنفيذية. وتُقدّر الوزارة حس الأمانة والمسؤولية الوطنية للمبادرين بالإبلاغ، مما يسهم في تعزيز الالتزام والشفافية، وذلك عبر قنوات الإبلاغ إلكترونيًا دون الحاجة إلى مراجعة فروع الوزارة.,,,"- National ID data for Saudis and citizens of the Gulf States - or resident ID data for non-Saudis - or passport data.
- A copy of the legal power of attorney and national ID data for the legal agent.
- The defendant's data - a copy of the documents supporting the report.","- بيانات الهوية الوطنية للسعوديين ومواطني دول الخليج العربي - أو بيانات هوية مقيم لغير السعوديين - أو بيانات جواز السفر.
- صورة من الوكالة الشرعية وبيانات الهوية الوطنية للوكيل الشرعي.
- بيانات المشتكى عليه - صورة من المستندات المؤيدة للبلاغ.",- Attach supporting documents for the violation.,- إرفاق المستندات الداعمة لوقوع المخالفة.,"- Click on Start Service.
- Log in via National Access.
- Fill in the data indicated within the service.
- Send the request.","- الضغط على إبدأ الخدمة.
- تسجيل الدخول عبر النفاذ الوطني.
- تعبئة البيانات المشار اليها داخل الخدمة.
- ارسال الطلب .",Free,مجانية,10 working days,10 أيام عمل,"Merchant
Business sector","التاجر
قطاع الأعمال",Arabic,العربية,https://mc.gov.sa/en/eservices/Pages/ServiceDetails.aspx?sID=17,https://mc.gov.sa/ar/eservices/Pages/ServiceDetails.aspx?sID=17,16 Sep 2026,04 ربيع الثاني 1448,"{""page_tags"": {""ar"": [""التاجر"", ""الشركات"", ""قطاع الأعمال""], ""en"": [""Merchant"", ""companies"", ""business sector""]}}"
mc-18,official_web_page,mc.gov.sa,verified_official_capture,2026-09-30T10:16:50.040Z,2026-09-30,"1900, cs@mc.gov.sa",Online (Ministry of Commerce / Saudi Business Center e-services),18,ar:d92a4167912c6121ecf7269e8e4e4fcd81c6a59a6c7138433820afbfd1b9ee22;en:4b23b4c20c4737b16303284e5f0e75da079a5a37b448f13ba838ff8c434dfa35,"Captured from the official Ministry of Commerce e-services catalogue (service-detail pages, English and Arabic). Text is stored verbatim apart from Unicode/whitespace normalisation.",Inquire about existing commercial agencies,الاستعلام عن الوكالات التجارية القائمة,Ministry of Commerce,وزارة التجارة,Merchant · commercial agencies · Business sector,التاجر · الوكالات التجارية · قطاع الأعمال,"An electronic service provided by the Ministry of Commerce, allowing beneficiaries to inquire about existing commercial agencies registered with the Ministry directly, electronically, without having to visit the Ministry's branches.",خدمة إلكترونية تقدمها وزارة التجارة، تتيح للمستفيدين الاستعلام عن قيود الوكالات التجارية القائمة المسجلة لدى الوزارة مباشرة، إلكترونيًا دون الحاجة إلى مراجعة فروع الوزارة.,,,- There is no,- لا يوجد,- There is no,- لا يوجد,"- Click the ""Start Service"" icon.
- Enter the search and inquiry information using one of the following options (agency number, agent name, agent's unified national number, principal's name in English, principal's name in Arabic).","- الضغط على أيقونة ""ابدأ الخدمة"".
- إدخال بيانات البحث والاستعلام باستخدام أحد الخيارات التالية (رقم الوكالة، اسم الوكيل، الرقم الوطني الموحد للوكيل، اسم الموكل باللغة الإنجليزية، اسم الموكل باللغة العربية).",Free,مجانية,immediately,فوري,Merchant,التاجر,Arabic,العربية,https://mc.gov.sa/en/eservices/Pages/ServiceDetails.aspx?sID=18,https://mc.gov.sa/ar/eservices/Pages/ServiceDetails.aspx?sID=18,16 Sep 2026,04 ربيع الثاني 1448,"{""page_tags"": {""ar"": [""التاجر"", ""الوكالات التجارية"", ""قطاع الأعمال""], ""en"": [""Merchant"", ""commercial agencies"", ""Business sector""]}}"
mc-19,official_web_page,mc.gov.sa,verified_official_capture,2026-09-30T10:10:53.593Z,2026-09-30,"1900, cs@mc.gov.sa",Online (Ministry of Commerce / Saudi Business Center e-services),19,ar:f6d8a7da31830a538c27c1f192d488a4ff0dbf9a1a6ca89b126d541bfab5df7c;en:6045a34a4dc6a0281f5a3ee71ccd4c791653e131fe21050be9778cd15c466c63,"Captured from the official Ministry of Commerce e-services catalogue (service-detail pages, English and Arabic). Text is stored verbatim apart from Unicode/whitespace normalisation.",Transaction Inquiry Service,خدمة الاستعلام عن المعاملات,Ministry of Commerce,وزارة التجارة,Business sector,قطاع الأعمال,"An electronic service provided by the Ministry of Commerce, which enables users to check the status of transactions recorded in the Ministry's system. This can be done by using the transaction number and the date of the Hijri year, facilitating inquiries for transactions made by individuals electronically, without the necessity of visiting the Ministry branches.",خدمة إلكترونية تقدمها وزارة التجارة، تتيح للمستفيدين من الاستعلام عن حالة المعاملات المقيدة في سجلات وزارة التجارة (نظام معاملات) من خلال رقم المعاملة وتاريخ السنة الهجرية، وهي للمعاملات المقدمة من الأفراد، إلكترونيًا دون الحاجة إلى مراجعة فروع الوزارة.,,,- There is no,- لا يوجد,- There is no,- لا يوجد,"- Click on Start Service
- Log in to your account (username and password or national access).
- Enter the required data to inquire about the status of the transaction (ID / residency number - transaction number - specify the Hijri year).
- View the results of the inquiry about the status of the transaction.","- الضغط على ابدأ الخدمة
- الدخول إلى الحساب (اسم المستخدم وكلمة المرور او النفاذ الوطني ).
- ادخال البيانات المطلوبة للاستعلام عن المعاملات (رقم الهوية / الإقامة - رقم المعاملة - تحديد السنة الهجرية)
- الاطلاع على نتائج الاستعلام عن المعاملات",Free,مجانية,immediately,فوري,"Consumer
Merchant
Citizens and residents","المستهلك
التاجر
المواطنين والمقيمين",Arabic,العربية,https://mc.gov.sa/en/eservices/Pages/ServiceDetails.aspx?sID=19,https://mc.gov.sa/ar/eservices/Pages/ServiceDetails.aspx?sID=19,16 Sep 2026,04 ربيع الثاني 1448,"{""page_tags"": {""ar"": [""قطاع الأعمال""], ""en"": [""Business sector""]}}"
mc-20,official_web_page,mc.gov.sa,verified_official_capture,2026-09-30T10:12:40.550Z,2026-09-30,"1900, cs@mc.gov.sa",Online (Ministry of Commerce / Saudi Business Center e-services),20,ar:38fa58b7833ae5b627203bb9098dc76c25708ca5de97509d7dbf86be69a501c5;en:7c485647cefc2248df1ca84adf075f23fa92e18a8ae0dca1b217f6c0d0391970,"Captured from the official Ministry of Commerce e-services catalogue (service-detail pages, English and Arabic). Text is stored verbatim apart from Unicode/whitespace normalisation.",Establishing a Company Under an Investment License,تأسيس شركة بموجب ترخيص استثماري,Ministry of Commerce,وزارة التجارة,Companies · Business Sector · Investor,الشركات · قطاع الأعمال · المستثمر,"An electronic service provided by the Ministry of Commerce through the Saudi Business Center platform, which allows beneficiaries to start practicing commercial activity and submit a request for a contract to establish foreign companies, pursuant to an investment license issued by the Ministry of Investment, without the need to visit service centers.",خدمة إلكترونية تقدمها وزارة التجارة عبر منصة المركز السعودي للأعمال، تتيح للمستفيدين من البدء في ممارسة النشاط التجاري وتقديم طلب عقد تأسيس الشركات الأجنبية وذلك بموجب رخصة استثمار صادرة من وزارة الاستثمار، دون الحاجة إلى زيارة مراكز الخدمة.,,,"- A valid investment certificate for at least 30 days must be available.
- A legal document must be available if one of the partners is a government entity, entitling them to establish a company or participate in one.
- A license from the Saudi Central Bank must be available if the activity requires it.
- The commercial registration must not be cancelled or suspended if one of the partners is a legal partner.
- The age must not be less than 18 years.
- The partners must not be government employees.
- Verify the following if the company is a professional company: - The partners must have a valid professional license. - The percentage of licensed Saudi partners in the joint venture must not be less than 25%. - The percentage of licensed partners must not be less than 70%.","- وجود شهادة استثمار سارية المفعول لمدة لا تقل عن 30 يومًا.
- وجود سند نظامي في حال كان أحد الشركاء جهة حكومية؛ يخوله الحق لتأسيس شركة أو المشاركة في شركة.
- وجود ترخيص من البنك المركزي السعودي في حال كان النشاط يتطلب ذلك.
- ألا يكون السجل التجاري مشطوبًا أو معلقًا، في حال كان أحد الشركاء شريكًا اعتباريًا.
- ألا يقل العمر عن 18 سنة.
- ألا يكون الشركاء موظفين حكوميين.
- التحقق من الآتي في حال كانت صفة الشركة (مهنية): - وجود رخصة مهنية سارية المفعول للشركاء. - ألا تقل نسبة الشريك السعودي المرخص في الشركة المختلطة عن 25%. - ألا تقل نسبة الشركاء المرخصين عن 70%.",- The existence of a valid investment license.,- وجود رخصة استثمار سارية المفعول,"- Log in to the Saudi Business Center platform
- Choose the service of establishing a company under an investment license
- Click on Start the service
- Specify the number of partners
- Specify the company’s status
- Apply for the service
- Duration of the record and the location of the company’s activities and purposes
- Partners’ data
- Commercial register data
- Company data
- Company management data
- Company contract data
- Request summary","- الدخول على منصة المركز السعودي للأعمال
- اختيار خدمة تأسيس شركة بموجب شهادة استثمار
- اضغط على ابدا الخدمة
- تحديد عدد الشركاء
- تحديد صفة الشركة
- التقديم على الخدمة
- مدة السجل و مقر أنشطة و أغراض الشركة
- بيانات الشركاء
- بيانات السجل التجاري
- بيانات الشركة
- بيانات إدارة الشركة
- بيانات عقد الشركة
- ملخص الطلب","1,600 for a joint-stock company or simplified joint-stock company
1,200 for a limited liability company
1,000 for a general partnership or limited partnership
500 for publication fees
15% VAT","1600
لشركة مساهمة، مساهمة مبسطة
1200
لشركة ذات مسؤولية محدودة
1000
لشركة تضامنية، توصية بسيطة
500
لرسوم النشر
15% ضريبة القيمة المضافة",Within 72 hours,خلال 72 ساعة,Merchant,التاجر,Arabic and English,العربية والانجليزية,https://mc.gov.sa/en/eservices/Pages/ServiceDetails.aspx?sID=20,https://mc.gov.sa/ar/eservices/Pages/ServiceDetails.aspx?sID=20,16 Sep 2026,04 ربيع الثاني 1448,"{""page_tags"": {""ar"": [""الشركات"", ""قطاع الأعمال"", ""المستثمر""], ""en"": [""Companies"", ""Business Sector"", ""Investor""]}}"
mc-21,official_web_page,mc.gov.sa,verified_official_capture,2026-09-30T10:20:05.597Z,2026-09-30,"1900, cs@mc.gov.sa",Online (Ministry of Commerce / Saudi Business Center e-services),21,ar:d52a47a6024f515b84609ce1194234db8c43edbc28791b09acea7bebd6e55c57;en:6165073518fe5f9d9ccceb4aecb6a735bf17a040f88b2a37673593c3c1005b13,"Captured from the official Ministry of Commerce e-services catalogue (service-detail pages, English and Arabic). Text is stored verbatim apart from Unicode/whitespace normalisation.",Assignment of Trade Name for Company Branch,التنازل عن الاسم التجاري لفرع شركة,Ministry of Commerce,وزارة التجارة,Merchant · Brand Names · Business sector,التاجر · الأسماء التجارية · قطاع الأعمال,"An electronic service provided by the Ministry of Commerce through the Saudi Business Center platform that allows beneficiaries to transfer a trade name registered in the commercial register to a company branch, acting independently of the store, without the need to visit service centers.",خدمة إلكترونية تقدمها وزارة التجارة عبر منصة المركز السعودي للأعمال، تتيح للمستفيدين التنازل عن الاسم التجاري المقيّد في السجل التجاري لفرع شركة، تصرفًا مستقلًا عن المتجر، دون الحاجة إلى زيارة مراكز الخدمة.,,,"- The applicant or beneficiary must be at least 18 years old.
- The applicant or beneficiary must not be a government employee.
- The name must not be a personal name.
- The branch name must not be identical to the main company name.
- The applicant must be a manager or authorized representative of the company through the Tafawed platform.
- The name must be registered in an active commercial register.
- The transferee must have the same family name, if the trade name is a family name.","- ألا يقل عمر مقدم الطلب أو المستفيد عن 18سنة.
- ألا يكون مقدم الطلب أو المستفيد موظفًا حكوميًا.
- ألا يكون الاسم اسمًا شخصيًا.
- ألا يكون اسم الفرع مطابقًا لاسم الشركة الرئيسي.
- أن يكون مقدم الطلب مديرًا أو مفوضًا عن الشركة عبر منصة تفاويض.
- أن يكون الاسم مقيدًا في سجل تجاري نشط.
- أن يكون المتنازل له يحمل ذات الاسم العائلي، في حال كان الاسم التجاري عائلي.",- There is no,- لا يوجد,"- Access the platform: Via the National Unified Access through the Saudi Business Center platform.
- Select the service: From ""Doing Business"" > ""Ministry of Commerce"" > ""Assigning a Trade Name to a Company Branch"".
- Start the service: View the commercial register data, agree to the terms, and click ""Apply for the service"".
- Enter the beneficiary's data: Select the beneficiary type of the trade name, then enter their data.
- Enter the alternative trade name: Select the name type (personal, existing, reserved) and enter its data.
- Review and submit the application: Review the application summary, approve the declaration, and submit the application.
- Process: After entering the verification code, the application is sent to the Ministry of Commerce and appears in the ""My Requests"" list.
- Payment (if applicable): If fees apply, the invoice is issued and paid through the payment system.
- Complete the application: After payment or Ministry approval (if the service is free), the status will be updated to ""Completed"".","- الدخول على المنصة: عبر النفاذ الوطني الموحد من خلال منصة المركز السعودي للأعمال.
- اختيار الخدمة: من ""ممارسة الأعمال"" > ""وزارة التجارة"" > ""التنازل عن اسم تجاري لفرع شركة"".
- بدء الخدمة: عرض بيانات السجل التجاري، ثم الموافقة على الشروط والضغط على ""التقديم على الخدمة"".
- إدخال بيانات المستفيد: اختيار نوع المستفيد من الاسم التجاري، ثم إدخال بياناته.
- إدخال الاسم التجاري البديل: تحديد نوع الاسم (شخصي، قائم، محجوز) وإدخال بياناته.
- مراجعة وتقديم الطلب: مراجعة ملخص الطلب، والموافقة على الإقرار، ثم تقديم الطلب.
- المعالجة: بعد إدخال رمز التحقق، يتم إرسال الطلب لوزارة التجارة، ويظهر في ""قائمة طلباتي"".
- الدفع (إن وُجد): في حال وجود رسوم، يتم إصدار الفاتورة ودفعها عبر نظام المدفوعات.
- إتمام الطلب: بعد الدفع أو موافقة الوزارة (إذا كانت الخدمة مجانية)، تُحدث الحالة إلى ""مكتمل"".",100,100,Within 72 hours,خلال 72 ساعة,Merchant,التاجر,Arabic and English,العربية والانجليزية,https://mc.gov.sa/en/eservices/Pages/ServiceDetails.aspx?sID=21,https://mc.gov.sa/ar/eservices/Pages/ServiceDetails.aspx?sID=21,16 Sep 2026,04 ربيع الثاني 1448,"{""page_tags"": {""ar"": [""التاجر"", ""الأسماء التجارية"", ""قطاع الأعمال""], ""en"": [""Merchant"", ""Brand Names"", ""Business sector""]}}"
mc-22,official_web_page,mc.gov.sa,verified_official_capture,2026-09-30T10:19:25.548Z,2026-09-30,"1900, cs@mc.gov.sa",Online (Ministry of Commerce / Saudi Business Center e-services),22,ar:2d65e8c9fc5f4498494321c7797d05dd8a2e5fb48d228f59ce615c5097bb7cfc;en:06a4d1a9188be1c5b846c1ae7416ae5bb86b0b54a2ab3d3a3d3da75813a3f6f0,"Captured from the official Ministry of Commerce e-services catalogue (service-detail pages, English and Arabic). Text is stored verbatim apart from Unicode/whitespace normalisation.",Canceling a commercial name reservation,إلغاء اسم تجاري محجوز,Ministry of Commerce,وزارة التجارة,Merchant · Brand Names · Business sector,التاجر · الأسماء التجارية · قطاع الأعمال,An electronic service provided by the Ministry of Commerce through the Saudi Business Center platform that allows beneficiaries to cancel a reserved trade name without having to visit service centers.,خدمة إلكترونية تقدمها وزارة التجارة عبر منصة المركز السعودي للأعمال، تتيح للمستفيدين إلغاء اسم تجاري محجوز، دون الحاجة إلى زيارة مراكز الخدمة.,,,"- The presence of an existing commercial name reservation.
- The applicant must be benefiting from the trade name or delegated with a valid authorization.","- وجود حجز اسم تجاري قائم.
- أن يكون مقدم الطلب المستفيد من الاسم التجاري أو مفوضًا عنه بتفويض ساري.",- There is no,- لا يوجد,"- Access the platform: Via the National Unified Access through the Saudi Business Center platform.
- Select the service: From ""Public Services"" > ""Manage Reserved Trade Names"" > ""Cancel a Trade Name.""
- Check the name status: The trade name must be ""Unused"" to be cancelled.
- Agree to the terms: Review and agree to the terms and conditions.
- Enter cancellation reason: Enter a clear reason for canceling the trade name.
- Review and submit the request: View the request summary, confirm the action, and then submit the request.
- Complete cancellation: The request is processed immediately, and the name status is updated in the ""My Requests"" list.","- الدخول على المنصة: عبر النفاذ الوطني الموحد من خلال منصة المركز السعودي للأعمال.
- اختيار الخدمة: من ""الخدمات العامة"" > ""إدارة الأسماء التجارية المحجوزة"" > ""إلغاء اسم تجاري"".
- التحقق من حالة الاسم: يجب أن تكون حالة الاسم التجاري ""غير مستخدم"" ليتم الإلغاء.
- الموافقة على الشروط: الاطلاع على الشروط والأحكام والموافقة عليها.
- إدخال سبب الإلغاء: إدخال سبب واضح لإلغاء الاسم التجاري.
- مراجعة وتقديم الطلب: عرض ملخص الطلب، وتأكيد الإجراء، ثم تقديم الطلب.
- إتمام الإلغاء: يتم تنفيذ الطلب مباشرة، وتحديث حالة الاسم في قائمة ""طلباتي"".",Free,مجانية,Immediate,فوري,Merchant,التاجر,Arabic and English,العربية والانجليزية,https://mc.gov.sa/en/eservices/Pages/ServiceDetails.aspx?sID=22,https://mc.gov.sa/ar/eservices/Pages/ServiceDetails.aspx?sID=22,16 Sep 2026,04 ربيع الثاني 1448,"{""page_tags"": {""ar"": [""التاجر"", ""الأسماء التجارية"", ""قطاع الأعمال""], ""en"": [""Merchant"", ""Brand Names"", ""Business sector""]}}"
mc-23,official_web_page,mc.gov.sa,verified_official_capture,2026-09-30T10:19:55.327Z,2026-09-30,"1900, cs@mc.gov.sa",Online (Ministry of Commerce / Saudi Business Center e-services),23,ar:ed401d280e51a8a18527660da73029ef808a9c2d4a986f01d52b8f14998f673f;en:a13561840c3d71d78ab22dbecdc7c48c278a42493c2f47c716c880c198f89a56,"Captured from the official Ministry of Commerce e-services catalogue (service-detail pages, English and Arabic). Text is stored verbatim apart from Unicode/whitespace normalisation.",Establishing a company by the Cities and Special Economic Zones Authority license,تأسيس شركة بموجب ترخيص هيئة المدن والمناطق الاقتصادية الخاصة,Ministry of Commerce,وزارة التجارة,Merchant · Companies · business sector,التاجر · الشركات · قطاع الأعمال,"An electronic service provided by the Ministry of Commerce through the Saudi Business Center platform that allows beneficiaries to submit a request for a foreign company incorporation contract, pursuant to a license from the Special Economic Cities and Zones Authority, without the need to visit service centers.",خدمة إلكترونية تقدمها وزارة التجارة عبر منصة المركز السعودي للأعمال، تتيح للمستفيدين تقديم طلب عقد تأسيس الشركات الأجنبية، وذلك بموجب ترخيص هيئة المدن والمناطق الاقتصادية الخاصة، دون الحاجة إلى زيارة مراكز الخدمة.,,,"- A license from the Economic Cities and Special Zones Authority is required.
- A legal document must be present if one of the partners is a government entity, granting them the right to incorporate or participate in a company.
- A license from the Saudi Central Bank, the Insurance Authority and Capital Market Authority must be provided if the nature of the business activity so requires.
- A bank certificate must be provided if the contribution is monetary, or a certified appraiser’s report if the contribution is in-kind.
- A draft of the bylaws must be submitted.
- In the event that one of the partners is a juridical party, the commercial registration must neither be written off, suspended or inactive.
- The age must not be less than 18 years.
- The partners must not be government employees.
- The following must be verified in case the type of the company is (Professional): The partners must hold a valid professional license - The percentage of the licensed Saudi partner in the mixed company must not be less than 25% - The percentage of licensed partners must not be less than 70% - A valid investment license is required for period of no less than 30 days.","- وجود سند نظامي في حال كان أحد الشركاء جهة حكومية؛ يخوله الحق لتأسيس شركة أو المشاركة في شركة.
- وجود ترخيص من هيئة المدن والمناطق الاقتصادية الخاصة.
- وجود ترخيص من البنك المركزي السعودي في حال كان النشاط يتطلب ذلك.
- وجود شهادة بنكية إذا كانت الحصة نقدية، أو تقرير مقيم معتمد إذا كانت الحصة عينية.
- تقديم مسودة النظام الأساس.
- ألا يكون السجل التجاري مشطوبًا أو معلقًا، في حال كان أحد الشركاء شريكًا اعتباريًا.
- ألا يقل العمر عن 18 سنة.
- ألا يكون الشركاء موظفين حكوميين.
- التحقق من الآتي في حال كانت صفة الشركة (مهنية): - وجود رخصة مهنية سارية المفعول للشركاء. - ألا تقل نسبة الشريك السعودي المرخص في الشركة المختلطة عن 25%. - ألا تقل نسبة الشركاء المرخصين عن 70%. - وجود شهادة تسجيل استثمار سارية المفعول لمدة لا تقل عن 30 يومًا.",- There is no,- لا يوجد,"- Log in to the Saudi Business Center platform.
- Select the service to establish a company under a license from the Special Economic Cities and Zones Authority.
- Click ""Start Service.""
- Specify the number of partners.
- Specify the company's status (optional).
- Apply for the service.
- Registration period, company headquarters, activities, and purposes.
- Partner information.
- Commercial registration information.
- Company information.
- Company management information.
- Company contract information.
- Application summary.","- الدخول على منصة المركز السعودي للأعمال.
- اختيار خدمة تأسيس شركة بموجب ترخيص هيئة المدن والمناطق الاقتصادية الخاصة
- اضغط على ابدا الخدمة
- تحديد عدد الشركاء
- تحديد صفة الشركة (اختياري)
- التقديم على الخدمة
- مدة السجل و مقر و أنشطة وأغراض الشركة
- بيانات الشركاء
- بيانات السجل التجاري
- بيانات الشركة
- بيانات إدارة الشركة
- بيانات عقد الشركة
- ملخص الطلب","1,600 for a joint-stock company or simplified joint-stock company
1,200 for a limited liability company
1,000 for a general partnership or limited partnership
500 for publication fees
15% VAT","1600
لشركة مساهمة، مساهمة مبسطة
1200
لشركة ذات مسؤولية محدودة
1000
لشركة تضامنية، توصية بسيطة
500
لرسوم النشر
15% ضريبة القيمة المضافة",Within 72 hours,خلال 72 ساعة,Merchant,التاجر,Arabic and English,العربية والانجليزية,https://mc.gov.sa/en/eservices/Pages/ServiceDetails.aspx?sID=23,https://mc.gov.sa/ar/eservices/Pages/ServiceDetails.aspx?sID=23,16 Sep 2026,04 ربيع الثاني 1448,"{""page_tags"": {""ar"": [""التاجر"", ""الشركات"", ""قطاع الأعمال""], ""en"": [""Merchant"", ""Companies"", ""business sector""]}}"
mc-24,official_web_page,mc.gov.sa,verified_official_capture,2026-09-30T10:14:01.033Z,2026-09-30,"1900, cs@mc.gov.sa",Online (Ministry of Commerce / Saudi Business Center e-services),24,ar:cb7a4882229e985581ad1cb2d7696cf8e3ac664fe212b52f7099beaca4b398e7;en:d85303745783e18e6ee060136009d5f0c3af9bc6c535de0716beda5069eb26df,"Captured from the official Ministry of Commerce e-services catalogue (service-detail pages, English and Arabic). Text is stored verbatim apart from Unicode/whitespace normalisation.",Franchise Registration (Registration - Modification - Cancellation),قيد الامتياز التجاري (تسجيل - تعديل - الغاء),Ministry of Commerce,وزارة التجارة,Merchant · Commercial Register · Business sector,التاجر · السجل التجاري · قطاع الأعمال,"An electronic service provided by the Commercial Franchise Center, which allows beneficiaries to register and manage the commercial franchise, which is provided in accordance with the Commercial Franchise System and its executive regulations, electronically without the need to visit the Commercial Franchise Center or the Ministry’s branches.",خدمة إلكترونية يقدمها مركز الامتياز التجاري، تتيح للمستفيدين تسجيل وإدارة قيد الامتياز التجاري، و التي تقدّم وفق نظام الامتياز التجاري ولائحته التنفيذية، إلكترونيًا دون الحاجة إلى مراجعة مركز الامتياز التجاري او فروع الوزارة.,,,"- Conditions for Granting a Franchise: 1- A franchise opportunity may not be offered, nor a franchise granted, unless the franchise activity has been operated according to the franchise activity model for a period of no less than one year by two individuals or in at least two different outlets. One of these individuals may be the Franchisor or any person within its group. 2- If the Franchisor does not operate the franchise activity within the Kingdom itself, a Franchisee who holds the right to grant sub-franchises may not offer a franchise opportunity or grant a franchise unless it, or other franchisees, have operated the franchise activity within the Kingdom for a period of no less than one year.
- Terms and Requirements for Franchise Registration: 1- Registration with the Ministry: The Franchisor shall register every signed Franchise Agreement and related disclosure document with the Ministry within (90) days from the date of signing the agreement. This is done by depositing a copy of the agreement and the disclosure document with the competent authority within the Ministry. 2- Amendment of the Franchise Agreement: In the event of amending the Franchise Agreement by changing any of its parties or its term, the Franchisor shall register the amendment of the Franchise Agreement with the Ministry within (90) days from the date of its execution, by depositing a signed copy of the amendment. Cancellation of Franchise Registration: The cancellation of a franchise registration occurs in the following cases: expiration of the term, its lapse, or the issuance of a court ruling invalidating or terminating the agreement.
- Contents of the Franchise Agreement: 1- The Franchise Agreement must be written and signed by both parties. If it is drafted in a language other than Arabic, it must be translated into Arabic by a certified translator. 2- In addition to what is agreed upon between the parties, the Franchise Agreement must include the following points: 1- The franchise activity and its description, the term of the agreement, the method of its amendment, and its geographical scope. 2- The financial consideration that the Franchisee must pay to the Franchisor, which includes the franchise fee, the fee for training the Franchisee's employees (if any), technical support, and the mechanism for calculating any amount paid as consideration for goods or services provided to the Franchisee by the Franchisor or any person within its group. 3- The obligations of both parties regarding the Franchisor's training of the Franchisee's employees. 4- The Franchisor's obligation to provide technical, marketing, and other expertise necessary for the nature of the franchise. The Franchisee's obligation to adhere to instructions related to marketing, presentation, and maintaining the franchise identity. 6- The Franchisor's obligations in supplying goods or services to the Franchisee, and the Franchisee's obligation to obtain those goods or services directly from the Franchisor or through a third party according to the Franchisor's instructions. 7- The Franchisee's rights to use trademarks and any other intellectual property rights related to the franchise activity, and the obligations of both parties in the event of infringement of intellectual property rights and the resulting compensation. 8- The mechanism for settling disputes related to the Franchise Agreement. 9- The Franchisee's right to grant sub-franchises to others and the provisions thereof. 10- The implications of a change in ownership of the Franchisee, the Franchisor, or the controlling person of either. 11- If there are any restrictions imposed on the franchisee regarding the transfer of any of their rights under the Franchise Agreement to a third party. 12- If the owner of the trademark, trade name, or any other intellectual property rights used in the franchise activity is specified, and the Franchisor's relationship with the owner if the Franchisor is not the owner. 13- The rights and obligations of both the Franchisor and the Franchisee regarding the termination of the Franchise Agreement. 14- The Franchisee's right to renew, not renew, or extend the Franchise Agreement, if any. 15- The rights and obligations of both the Franchisor and the Franchisee resulting from the termination or expiration of the Franchise Agreement. 16- If there are any restrictions imposed on either the Franchisor or the Franchisee regarding engaging in any business/ activity that competes with the franchise activity during the term of the Agreement or after its termination or expiration, without prejudice to the provisions of the Competition Law. 17- The Franchisee's obligation not to harm the reputation of the Franchisor and the franchise activity. 18- The Franchisee's obligations related to the location or premises of the franchise activity, if any, and its right to change that location or premises, if any. 19- The obligations of both the Franchisor and the Franchisee related to the confidentiality of information and data protection.
- Requirements for the Disclosure Document: 1- The Franchisor must provide the Franchisee with a copy of the disclosure document in accordance with what the regulations specify, at least (fourteen) days before the conclusion of the Franchise Agreement or from the date the Franchisee pays any consideration regarding the franchise, whichever is earlier. 2- It must be written in Arabic, and if it is written in a language other than Arabic, it must be translated into Arabic by a certified translator. 3- It must be clear and accurate. 4- If the Franchisor provides the Franchisee – with whom they intend to contract – with information related to the past or expected financial performance of the franchise activities owned by them or any person within their group; they must include this information in the disclosure document and ensure that it meets the provisions and conditions specified by the regulations.","- شروط منح الامتياز: 1- لا يجوز عرض فرصة الامتياز أو منح الامتياز إلا بعد أن يتم ممارسة أعمال الامتياز وفقاً لنموذج عمل الامتياز لمدة لا تقل عن سنة واحدة من قبل شخصين أو في منفذي بيع مختلفين على الأقل، ويجوز أن يكون أحد هذين الشخصين هو مانح الامتياز أو أي شخص ضمن مجموعته. 2- إذا كان مانح الامتياز لا يمارس أعمال الامتياز في المملكة بنفسه، فلا يجوز لصاحب الامتياز الذي يملك حق منح امتياز فرعي عرض فرصة الامتياز أو منح الامتياز إلا بعد ممارسته، أو ممارسة غيره من أصحاب الامتياز، لأعمال الامتياز في المملكة لمدة لا تقل عن سنة.
- شروط ومتطلبات قيد الامتياز: 1-التسجيل لدى الوزارة: يتعين على مانح الامتياز قيد كل اتفاقية امتياز موقعة ووثيقة الإفصاح ذات الصلة لدى الوزارة خلال (90) يومًا من تاريخ توقيع الاتفاقية، وذلك بإيداع نسخة من هذه الاتفاقية ووثيقة الإفصاح لدى الجهة المختصة في الوزارة.2- تعديل اتفاقية الامتياز: في حال تعديل اتفاقية الامتياز بتغيير أي من طرفيها أو مدتها، يلتزم مانح الامتياز بقيد تعديل اتفاقية الامتياز لدى الوزارة خلال (90) يومًا من تاريخ إجرائه، وذلك بإيداع نسخة من التعديل الموقع.3- إلغاء قيد امتياز تجاري : في حال الغاء قيد امتياز تجاري يتم ذلك في الحالات التالية : انتهاء المدة أو انقضائها أو صدور حكم قضائي ببطلان الاتفاقية أو إلغائها.
- محتويات اتفاقية الامتياز:-1يجب أن تكون اتفاقية الامتياز مكتوبة وموقعة من طرفيها. وإذا كانت محررة بغير اللغة العربية، يجب ترجمتها إلى اللغة العربية ترجمة معتمدة.-2 يجب أن تتضمن اتفاقية الامتياز بالإضافة إلى ما يتم الاتفاق عليه بين الطرفين، النقاط التالية: 1- أعمال الامتياز ووصفها، ومدة الاتفاقية، وطريقة تعديلها، ونطاقها الجغرافي، 2 -المقابل المالي الذي يتعين على صاحب الامتياز دفعه إلى مانح الامتياز، ويشمل المقابل المالي للامتياز، والمقابل المالي لتدريب موظفي صاحب الامتياز (إن وجد)، والدعم الفني، وآلية احتساب أي مبلغ يدفع كمقابل للسلع أو الخدمات المقدمة لصاحب الامتياز من مانح الامتياز أو أي شخص ضمن مجموعته.-3التزامات الطرفين فيما يتعلق بتدريب مانح الامتياز لموظفي صاحب الامتياز.-4التزام مانح الامتياز بتقديم الخبرات التقنية والتسويقية وغيرها من الخبرات اللازمة لطبيعة الامتياز. -5التزام صاحب الامتياز بالتقيد بالتعليمات الخاصة بالتسويق والعرض والمحافظة على هوية الامتياز. -6التزامات مانح الامتياز في توريد السلع أو الخدمات إلى صاحب الامتياز، والتزام صاحب الامتياز في الحصول على تلك السلع أو الخدمات مباشرة من مانح الامتياز أو عبر طرف آخر بناءً على تعليمات مانح الامتياز.-7حقوق صاحب الامتياز في استخدام العلامات التجارية وأي حقوق ملكية فكرية أخرى متعلقة بأعمال الامتياز، والتزامات الطرفين في حال الإخلال بحقوق الملكية الفكرية والتعويضات المترتبة على ذلك. -8آلية تسوية النزاعات المتعلقة باتفاقية الامتياز. -9حق صاحب الامتياز في منح امتياز فرعي للغير وأحكام ذلك.-10 الآثار المترتبة على تغيير ملكية صاحب الامتياز أو مانح الامتياز أو الشخص المسيطر عليهما. -11في حال وجود أي قيود مفروضة على صاحب الامتياز بشأن نقل أي من حقوقه بموجب اتفاقية الامتياز إلى الغير. -12في حال تم تحديد مالك العلامة التجارية أو الاسم التجاري أو أي حقوق ملكية فكرية أخرى مستخدمة في أعمال الامتياز، وعلاقة مانح الامتياز بالمالك إذا لم يكن هو مالكها. -13حقوق كل من مانح الامتياز وصاحب الامتياز والتزاماتهما بشأن إنهاء اتفاقية الامتياز . -14حق صاحب الامتياز في تجديد أو عدم تجديد اتفاقية الامتياز أو تمديدها، إن وجد. -15حقوق كل من مانح الامتياز وصاحب الامتياز والتزاماتهما المترتبة على إنهاء اتفاقية الامتياز أو انقضائها. -16في حال وجود أي قيود مفروضة على كل من مانح الامتياز وصاحب الامتياز بشأن ممارسة أي أعمال منافسة لأعمال الامتياز خلال مدة سريان الاتفاقية أو بعد إنهائها أو انقضائها، وذلك دون إخلال بأحكام نظام المنافسة. -17التزام صاحب الامتياز بعدم الإضرار بسمعة مانح الامتياز وأعمال الامتياز. -18التزامات صاحب الامتياز المتعلقة بموقع أو مقر أعمال الامتياز، إن وجدت، وحقه في تغيير ذلك الموقع أو المقر، إن وجد. -19التزامات كل من مانح الامتياز وصاحب الامتياز المتعلقة بسرية المعلومات وحماية البيانات.
- متطلبات وثيقة الإفصاح :1-على مانح الامتياز تزويد صاحب الامتياز بنسخة من وثيقة الإفصاح وفقاً لما تحدده اللائحة قبل (أربعة عشر) يوماً على الأقل من إبرام اتفاقية الامتياز أو من تاريخ دفع صاحب الامتياز أي مقابل في شأن الامتياز، أيهما أسبق.2-أن تحرر باللغة العربية، وإذا كانت محررة بغير اللغة العربية فيجب ترجمتها إلى اللغة العربية ترجمة معتمدة. 3-أن تكون واضحة ودقيقة. 4-في حال تقديم مانح الامتياز إلى صاحب الامتياز -الذي ينوي التعاقد معه- معلومات تتعلق بالأداء المالي السابق أو المتوقع لأعمال الامتياز المملوكة له أو لأي شخص ضمن مجموعته؛ فعليه تضمين هذه المعلومات في وثيقة الإفصاح ومراعاة استيفائها للأحكام والشروط التي تحددها اللائحة.","- (Franchise Registration): 1- Franchise Agreement. 2- Disclosure Document.
- (Amendment of Franchise Registration): 1- Amended Franchise Agreement. 2- Amended Disclosure Document.
- (Cancellation of Franchise Registration): 1- Expiration of the term or termination by a court ruling invalidating or terminating the Agreement. In case of a court ruling, the document should be attached.","- (تسجيل قيد امتياز تجاري): 1- اتفاقية امتياز. 2- وثيقة الإفصاح.
- (تعديل قيد امتياز تجاري) : 1- وثيقة الامتياز المعدلة. 2- وثيقة الإفصاح المعدلة.
- (الغاء قيد امتياز تجاري ) : 1- انتهاء المدة أو انقضائها بحكم قضائي ببطلان الاتفاقية أو إنهائها. 2- في حال وجود حكم قضائي يتم إضافة المستند.","- Click on Start Service.
- Choose the system login icon
- Log in to the account (username and password) or log in via National Access
- Fill in the data and attach documents
- Pay fees, review the registration and print the certificate
- In case of (modification, cancellation), the previous steps can be followed.","- الضغط على ابدأ الخدمة.
- اختيار ايقونة الدخول للنظام
- الدخول إلى الحساب (اسم المستخدم وكلمة المرور) او تسجيل الدخول عبر نفاذ الوطني
- تعبئة البيانات وارفاق المستندات
- دفع الرسوم واستعراض القيد وطباعة الشهادة
- في حال وجود (تعديل،الغاء) يمكن اتباع الخطوات السابقة.","500 for commercial franchise registration.
100 for commercial franchise registration modification.","500
لقيد الامتياز التجاري
100
لتعديل قيد الامتياز التجاري",Immediate,فوري,Merchant,التاجر,Arabic and English,العربية والانجليزية,https://mc.gov.sa/en/eservices/Pages/ServiceDetails.aspx?sID=24,https://mc.gov.sa/ar/eservices/Pages/ServiceDetails.aspx?sID=24,16 Sep 2026,04 ربيع الثاني 1448,"{""page_tags"": {""ar"": [""التاجر"", ""السجل التجاري"", ""قطاع الأعمال""], ""en"": [""Merchant"", ""Commercial Register"", ""Business sector""]}}"
mc-25,official_web_page,mc.gov.sa,verified_official_capture,2026-09-30T10:10:33.329Z,2026-09-30,"1900, cs@mc.gov.sa",Online (Ministry of Commerce / Saudi Business Center e-services),25,ar:cb172c254308c7f4e340f8f76ddd1966b72cfa479d1cda5a64f61eda2a831350;en:fb531039c51016274eaebcef9019cf52850fbfa903c4b7dcc10d96a810456709,"Captured from the official Ministry of Commerce e-services catalogue (service-detail pages, English and Arabic). Text is stored verbatim apart from Unicode/whitespace normalisation.",Document verification service,خدمة التحقق من الوثائق,Ministry of Commerce,وزارة التجارة,Merchant · Commercial Register · Business sector,التاجر · السجل التجاري · قطاع الأعمال,"An electronic service provided by the Ministry of Commerce, which enables beneficiaries to electronically submit requests for verifying documents associated with the commercial register, certificates of origin, and discount licenses, eliminating the necessity to visit the Ministry branches.",خدمة إلكترونية تقدمها وزارة التجارة، تتيح للمستفيدين تقديم طلب التحقق من الوثائق المتعلقة بالسجل التجاري وشهادة المنشأ وتراخيص التخفيضات، إلكترونيًا دون الحاجة إلى مراجعة فروع الوزارة.,,,- There is no,- لا يوجد,- There is no,- لا يوجد,"- Click on start service.
- Choose the type of verification required
- Enter the verification code","- الضغط على إبدأ الخدمة.
- إختيار نوع التحقق المطلوب
- إدخال رمز التحقق",Free,مجانية,immediately,فوري,"Consumer
Merchant","المستهلك
التاجر",Arabic,العربية,https://mc.gov.sa/en/eservices/Pages/ServiceDetails.aspx?sID=25,https://mc.gov.sa/ar/eservices/Pages/ServiceDetails.aspx?sID=25,16 Sep 2026,04 ربيع الثاني 1448,"{""page_tags"": {""ar"": [""التاجر"", ""السجل التجاري"", ""قطاع الأعمال""], ""en"": [""Merchant"", ""Commercial Register"", ""Business sector""]}}"
mc-26,official_web_page,mc.gov.sa,verified_official_capture,2026-09-30T10:17:20.850Z,2026-09-30,"1900, cs@mc.gov.sa",Online (Ministry of Commerce / Saudi Business Center e-services),26,ar:2bcd9f855120148589901bb57ace914f6072ae51fd288529e7582009dfeecbba;en:e9360f80b74aebd240d5d138d32a407bf4fb97c41e3d721e562d2f7ca5e7c7d0,"Captured from the official Ministry of Commerce e-services catalogue (service-detail pages, English and Arabic). Text is stored verbatim apart from Unicode/whitespace normalisation.",Assignment of Trade Name for Company,التنازل عن الاسم التجاري لشركة,Ministry of Commerce,وزارة التجارة,Merchant · Brand Names · Business sector,التاجر · الأسماء التجارية · قطاع الأعمال,"An electronic service provided by the Ministry of Commerce through the Saudi Business Center platform that allows beneficiaries to transfer a trade name registered in the company's commercial register, independently of the store, without the need to visit service centers.",خدمة إلكترونية تقدمها وزارة التجارة عبر منصة المركز السعودي للأعمال، تتيح للمستفيدين التنازل عن الاسم التجاري المقيد في السجل التجاري للشركة، تصرفًا مستقلًا عن المتجر، دون الحاجة إلى زيارة مراكز الخدمة.,,,"- The applicant or beneficiary must be at least 18 years old.
- The applicant or beneficiary must not be a government employee.
- The applicant must be a manager or authorized representative of the company through the Tafawud platform.
- The name must not be a personal name.
- The name must be registered in an active commercial register.
- The transferee must have the same family name, if the trade name is a family name.","- ألا يقل عمر مقدم الطلب أو المستفيد عن 18سنة.
- ألا يكون مقدم الطلب أو المستفيد موظفًا حكوميًا.
- أن يكون مقدم الطلب مديرًا أو مفوضًا عن الشركة عبر منصة تفاويض.
- ألا يكون الاسم اسمًا شخصيًا.
- أن يكون الاسم مقيدًا في سجل تجاري حالته نشط.
- أن يكون المتنازل له يحمل ذات الاسم العائلي، في حال كان الاسم التجاري عائلي.",- There is no,- لا يوجد,"- Access the platform: Via the National Unified Access through the Saudi Business Center platform.
- Select the service: From ""Doing Business"" > ""Ministry of Commerce"" > ""Assigning a Trade Name to a Company.""
- Start the service: View the commercial register data, agree to the terms, then click ""Apply for the service.""
- Enter the beneficiary's data: Select the beneficiary type, then fill in their details.
- Enter the alternative trade name: Select the name type (personal, existing, reserved) and enter the associated data.
- Review and submit the application: View the application summary, then approve the declaration and submit the application.
- Confirm assignment: A confirmation message is sent to the applicant. After entering the verification code, the application is sent to the Ministry of Commerce.
- Processing and payment (if applicable): After reviewing the application, the invoice is issued and the fees paid (if the service is not free).
- Complete the application: After payment, or if the service is free, the application status is changed to ""Complete.""","- الدخول على المنصة: عبر النفاذ الوطني الموحد من خلال منصة المركز السعودي للأعمال.
- اختيار الخدمة: من ""ممارسة الأعمال"" > ""وزارة التجارة"" > ""التنازل عن اسم تجاري لشركة"".
- بدء الخدمة: عرض بيانات السجل التجاري، الموافقة على الشروط، ثم الضغط على ""التقديم على الخدمة"".
- إدخال بيانات المستفيد: اختيار نوع المستفيد، ثم تعبئة بياناته.
- إدخال الاسم التجاري البديل: تحديد نوع الاسم (شخصي، قائم، محجوز) وإدخال البيانات المرتبطة به.
- مراجعة وتقديم الطلب: عرض ملخص الطلب، ثم الموافقة على الإقرار وتقديم الطلب.
- تأكيد التنازل: يتم إرسال رسالة تأكيد لمقدم الطلب، وبعد إدخال رمز التحقق، يُرسل الطلب لوزارة التجارة.
- المعالجة والدفع (إن وُجد): بعد مراجعة الطلب، يتم إصدار الفاتورة ودفع الرسوم (إذا كانت الخدمة غير مجانية).
- إتمام الطلب: بعد الدفع أو في حال كانت الخدمة مجانية، يتم تحويل حالة الطلب إلى ""مكتمل"".",100,100,Within 72 hours,خلال 72 ساعة,Merchant,التاجر,Arabic and English,العربية والانجليزية,https://mc.gov.sa/en/eservices/Pages/ServiceDetails.aspx?sID=26,https://mc.gov.sa/ar/eservices/Pages/ServiceDetails.aspx?sID=26,16 Sep 2026,04 ربيع الثاني 1448,"{""page_tags"": {""ar"": [""التاجر"", ""الأسماء التجارية"", ""قطاع الأعمال""], ""en"": [""Merchant"", ""Brand Names"", ""Business sector""]}}"
mc-27,official_web_page,mc.gov.sa,verified_official_capture,2026-09-30T10:19:45.497Z,2026-09-30,"1900, cs@mc.gov.sa",Online (Ministry of Commerce / Saudi Business Center e-services),27,ar:b62fc74ef51fc4a9267b6343f8d18f36e6fbfe9d705a620044d8ce9f72e1dd98;en:0e1ff3ddb6e4c8217fc480d1d5c6b6c44b19e81616e458956d61a59f98049b4e,"Captured from the official Ministry of Commerce e-services catalogue (service-detail pages, English and Arabic). Text is stored verbatim apart from Unicode/whitespace normalisation.",Publication of Extraordinary Assembly Resolutions,نشر قرارات الجمعية غير العادية,Ministry of Commerce,وزارة التجارة,Merchant · companies · business sector,التاجر · الشركات · قطاع الأعمال,"An electronic service provided by the Ministry of Commerce, which allows beneficiaries to submit the publication of the decisions of the extraordinary assembly related to merger, liquidation, division or acquisition. Electronically without the need to visit the Ministry branches",خدمة إلكترونية تقدمها وزارة التجارة، تتيح للمستفيدين تقديم نشر قرارات الجمعية غير العادية المتعلقة بالاندماج او التصفية او التقسيم او الإستحواذ. إلكترونيًا دون الحاجة إلى مراجعة فروع الوزارة.,,,"- Completing the procedures of the extraordinary general assembly.
- Paying the fees for publishing the amendment to the companies’ articles of association.","- استكمال إجراءات الجمعية العامة غير العادية.
- سداد رسوم نشر تعديل الأنظمة الأساسية للشركات.",- Completing the procedures of the Extraordinary General Assembly.,- استكمال إجراءات الجمعية العامة الغير العادية .,"- Click on start service
- Login to the account (username and password)
- Click on the (new request) icon.
- Submitting a request to notify the Ministry of holding an extraordinary general assembly.
- The assembly meeting was held at the specified time.
- Submit a request to publish the decision of the Extraordinary General Assembly on the Ministry's website","- الضغط على إبدأ الخدمة
- الدخول إلى الحساب (اسم المستخدم وكلمة المرور)
- الضغط على أيقونة (طلب جديد)
- تقديم طلب اخطار الوزارة بعقد الجمعية العامة الغير العادية.
- عقد اجتماع الجمعية في الموعد المحدد لها .
- التقدم بطلب نشر قرار الجمعية العامة الغير العادية على موقع الوزارة","1500
15% VAT is added to it..","1500
يضاف عليها ضريبة القيمة المضافة 15%",immediately,فوري,Merchant,التاجر,Arabic,العربية,https://mc.gov.sa/en/eservices/Pages/ServiceDetails.aspx?sID=27,https://mc.gov.sa/ar/eservices/Pages/ServiceDetails.aspx?sID=27,16 Sep 2026,04 ربيع الثاني 1448,"{""page_tags"": {""ar"": [""التاجر"", ""الشركات"", ""قطاع الأعمال""], ""en"": [""Merchant"", ""companies"", ""business sector""]}}"
mc-28,official_web_page,mc.gov.sa,verified_official_capture,2026-09-30T10:11:47.228Z,2026-09-30,"1900, cs@mc.gov.sa",Online (Ministry of Commerce / Saudi Business Center e-services),28,ar:61b7fbc5bdf529e627378a61b6d19e144a3e1b8a789dc6c823693d4bdcc54e96;en:5dc70debdaf2ce2459260519899c95834a60f5ad9eea2c6725dec56ce29be700,"Captured from the official Ministry of Commerce e-services catalogue (service-detail pages, English and Arabic). Text is stored verbatim apart from Unicode/whitespace normalisation.",Notifying the Ministry of the Assembly,إحاطة الوزارة بالجمعية,Ministry of Commerce,وزارة التجارة,Merchant · companies · business sector,التاجر · الشركات · قطاع الأعمال,"An electronic service provided by the Ministry of Commerce, which allows companies planning to conduct Assemblies, whether Ordinary or Extraordinary, to notify the Ministry about the Assembly's proceedings. This can be done by submitting an application online, along with the results of the Assembly and all necessary documents as stipulated by the Companies Law, thus eliminating the need for physical visits to the Ministry branches.",خدمة إلكترونية تقدمها وزارة التجارة، تتيح للمستفيدين هذه الخدمة الشركات الراغبة بعقد الجمعيات (العادية، غير العادية إحاطة الوزارة بعقد الجمعية وذلك بتقديم الطلب إلكترونيًا، على أن يتم تزويد الوزارة بنتائج عقد الجمعية والوثائق المطلوبة وفقاً لأحكام نظام الشركات.، إلكترونيًا دون الحاجة إلى مراجعة فروع الوزارة.,,,- nothing,- لا يوجد,"- Assembly call
- schedule of work","- دعوة الجمعية
- جدول الاعمال","- Click on Start Service.
- Log in to your account (username and password) or log in via National Access
- Click on the icon (Inform the Ministry of the Association)
- Results of the Association after its convening
- Click on the icon ""Send Request"".
- Provide the Ministry with the results of the Association and the required documents according to the provisions of companies through the option ""Inform the Ministry of the Association Documents""","- الضغط على إبدأ الخدمة.
- الدخول إلى الحساب (اسم المستخدم وكلمة المرور) او تسجيل الدخول عبر نفاذ الوطني
- الضغط على أيقونة (إحاطة الوزارة بالجمعية)
- نتائج الجمعية بعد انعقادها
- الضغط على أيقونة """"إرسال الطلب"""".
- تزويد الوزارة بنتائج الجمعية والوثائق المطلوبة وفقاً لأحكام الشركات عن طريق خيار """" إحاطة الوزارة بوثائق الجمعية""",Free,مجانية,immediately,فوري,Merchant,التاجر,Arabic,العربية,https://mc.gov.sa/en/eservices/Pages/ServiceDetails.aspx?sID=28,https://mc.gov.sa/ar/eservices/Pages/ServiceDetails.aspx?sID=28,16 Sep 2026,04 ربيع الثاني 1448,"{""page_tags"": {""ar"": [""التاجر"", ""الشركات"", ""قطاع الأعمال""], ""en"": [""Merchant"", ""companies"", ""business sector""]}}"
mc-30,official_web_page,mc.gov.sa,verified_official_capture,2026-09-30T10:22:00.798Z,2026-09-30,"1900, cs@mc.gov.sa",Online (Ministry of Commerce / Saudi Business Center e-services),30,ar:7557473c6ec957399537e12731bfe4e3692239f24b828d35dad4d9472fc63a58;en:cc9fbfbf7468ed3716447dbf582e34d4eca35aed94c9f72361127cd11f7a0c08,"Captured from the official Ministry of Commerce e-services catalogue (service-detail pages, English and Arabic). Text is stored verbatim apart from Unicode/whitespace normalisation.",Defective Products Inquiry,الاستعلام عن المنتجات المعيبة,Ministry of Commerce,وزارة التجارة,Consumer,المستهلك,"This online service, provided by the Ministry of Commerce through the Recalls.sa platform, enables consumers to check whether their products or vehicles are part of recall campaigns announced by the Ministry in coordination with manufacturers and local distributors. It ensures consumer safety and protects their rights without requiring a visit to service centers.",خدمة إلكترونية تقدمها وزارة التجارة عبر منصة استدعاء المنتجات المعيبة، تتيح للمستهلكين التحقق من شمول منتجاتهم أو مركباتهم في حملات الاستدعاء التي تُعلن عنها الوزارة بالتعاون مع الشركات المصنعة والوكلاء المحليين، وذلك لضمان سلامة المستهلك وحماية حقوقه، دون الحاجة إلى زيارة مراكز الخدمة.,,,"- Vehicle Identification Number (VIN) or product information (brand, model, year).
- Communicate with the manufacturer or agent if the product appears in a recall","- توفر رقم هيكل المركبة (VIN) أو بيانات المنتج (العلامة التجارية – الطراز – الموديل).
- الالتزام بالتواصل مع الوكيل أو الجهة المصنعة في حال ظهور المنتج ضمن حملة استدعاء.",- There is no,- لا يوجد,"- Accessing the platform for recalling defective products
- Enter the Vehicle Identification Number (VIN) or search using the product name or brand.
- Review the campaign details and follow the instructions provided for consumers.","- الدخول إلى منصة استدعاء المنتجات المعيبة
- إدخال رقم الهيكل للمركبة أو البحث باسم المنتج او العلامة التجارية
- متابعة تفاصيل الحملة والإجراءات المطلوبة من المستهلك.",Free,مجانية,immediately,فوري,Consumer,المستهلك,Arabic and English,العربية والانجليزية,https://mc.gov.sa/en/eservices/Pages/ServiceDetails.aspx?sID=30,https://mc.gov.sa/ar/eservices/Pages/ServiceDetails.aspx?sID=30,16 Sep 2026,04 ربيع الثاني 1448,"{""page_tags"": {""ar"": [""المستهلك""], ""en"": [""Consumer""]}}"
mc-31,official_web_page,mc.gov.sa,verified_official_capture,2026-09-30T10:21:51.965Z,2026-09-30,"1900, cs@mc.gov.sa",Online (Ministry of Commerce / Saudi Business Center e-services),31,ar:4f9f008d4bb64e457a091653d84e524d1d6358bd579cd99fd91745e5b70477cd;en:06dfe7ad4a8cbb2c25a529aa3533834ecf56cb8c87c92d7ddd1abfbf6709671d,"Captured from the official Ministry of Commerce e-services catalogue (service-detail pages, English and Arabic). Text is stored verbatim apart from Unicode/whitespace normalisation.",Request for permits to travel abroad for the purpose of investment,طلب تصاريح السفر خارجياً لغرض الاستثمار,Ministry of Commerce,وزارة التجارة,Merchant · Commercial Register · Business sector,التاجر · السجل التجاري · قطاع الأعمال,"Request for Permits to Travel Abroad for the Purpose of Investment An electronic service provided by the Ministry of Commerce, which enables beneficiaries to electronically apply for a travel permit for business purposes to countries with travel restrictions, eliminating the need to visit the Ministry branches.",خدمة إلكترونية تقدمها وزارة التجارة، تتيح للمستفيدين من تقديم طلب تصريح سفر لأغراض تجارية إلى الدول الممنوع السفر لها، إلكترونيًا دون الحاجة إلى مراجعة فروع الوزارة.,,,- There is no,- لا يوجد,"- Passport.
- Commercial registration.
- Proof of activity in the country for which a travel permit is sought.
- Attach a certified letter from the Chamber of Commerce detailing the applicant's capacity within the establishment, the reasons for submitting the application, and identifying investment opportunities that are compatible with the establishment's commercial activity.
- Any other documents required to support the permit application.","- جواز السفر.
- السجل التجاري.
- ما يثبت النشاط في الدولة الراغب بحصول تصريح للسفر إليها.
- ارفاق خطاب مصدق من الغرفة التجارية يتضمن صفة طالب التصريح في المنشاة وأسباب تقديمه للطلب، وتحديد الفرص الاستثمارية التي تتناسب مع النشاط التجاري للمنشأة.
- أي مستندات أخرى تطلب لدعم طلب التصريح.","- Login to the service.
- Fill in all the required fields.
- Submit the request.
- Within the specified period, a message will be sent to the applicant with the action taken.","- الدخول الى الخدمة.
- تعبئة جميع الخانات المطلوبة.
- رفع الطلب.
- خلال المدة المحددة سيتم إرسال رسالة لمقدم الطلب بالإجراء الذي تم اتخاذه.",Free,مجانية,Within ten working days,خلال عشرة أيام عمل,Saudi businessmen and women investors,المستثمرين السعوديين من رجال وسيدات الاعمال,Arabic,العربية,https://mc.gov.sa/en/eservices/Pages/ServiceDetails.aspx?sID=31,https://mc.gov.sa/ar/eservices/Pages/ServiceDetails.aspx?sID=31,16 Sep 2026,04 ربيع الثاني 1448,"{""page_tags"": {""ar"": [""التاجر"", ""السجل التجاري"", ""قطاع الأعمال""], ""en"": [""Merchant"", ""Commercial Register"", ""Business sector""]}}"
mc-32,official_web_page,mc.gov.sa,verified_official_capture,2026-09-30T10:17:50.777Z,2026-09-30,"1900, cs@mc.gov.sa",Online (Ministry of Commerce / Saudi Business Center e-services),32,ar:9b9be6616683a1ea0a1ba4ee01ac24f6c1a1e30cf55cdaef09a939a600596596;en:1c1cd15f12b2dc2f1c7008cd2f3b8a8b39481a6385548ac27b7b83c359342616,"Captured from the official Ministry of Commerce e-services catalogue (service-detail pages, English and Arabic). Text is stored verbatim apart from Unicode/whitespace normalisation.",E-voting for chambers of commerce,التصويت الإلكتروني للغرف التجارية,Ministry of Commerce,وزارة التجارة,Merchant · Commercial Register · Business sector,التاجر · السجل التجاري · قطاع الأعمال,"An electronic service provided by the Ministry of Commerce, which enables beneficiaries to elect board members for chambers of commerce electronically, eliminating the need to visit the chambers or the Ministry branches.",خدمة إلكترونية تقدمها وزارة التجارة، تتيح للمستفيدين من انتخاب أعضاء مجالس إدارات الغرف التجارية، إلكترونيًا دون الحاجة إلى مراجعة مقرّات الغرف التجارية او فرع الوزارة.,,,- Commercial registration to be in the same region,- سجل تجاري ان يكون بنفس النطاق الإداري للغرفة التجارية,- CR,- سجل تجاري,"- Click on Start Service.
- Enter the commercial registration number and ID number to verify voting eligibility.
- Agree to the declaration and pledge and then click on the “Start Voting” icon.
- Select one candidate from each category (traders category + manufacturers category) and then select the “Vote” icon.","- الضغط على إبدأ الخدمة.
- إدخال رقم السجل التجاري ورقم الهوية للتحقق من أحقية التصويت.
- الموافقة على الإقرار والتعهد ومن ثم الضغط على أيقونة """"بدء التصويت"""".
- تحديد مرشح واحد من كل فئة (فئة التجار + فئة الصناع) ومن ثم اختيار أيقونة """"تصويت"""".",free,مجانية,Immediate,فوري,Merchant,التاجر,Arabic,العربية,https://mc.gov.sa/en/eservices/Pages/ServiceDetails.aspx?sID=32,https://mc.gov.sa/ar/eservices/Pages/ServiceDetails.aspx?sID=32,16 Sep 2026,04 ربيع الثاني 1448,"{""page_tags"": {""ar"": [""التاجر"", ""السجل التجاري"", ""قطاع الأعمال""], ""en"": [""Merchant"", ""Commercial Register"", ""Business sector""]}}"
mc-33,official_web_page,mc.gov.sa,verified_official_capture,2026-09-30T10:08:57.403Z,2026-09-30,"1900, cs@mc.gov.sa",Online (Ministry of Commerce / Saudi Business Center e-services),33,ar:eed40767d487496128781a94e051dcf8d96cb3a2050213d4b954b12269051571;en:f9dbfd9c7eef2ba4782b332dc7ebef5d718e780bd1095f9f4d005b92738d82ea,"Captured from the official Ministry of Commerce e-services catalogue (service-detail pages, English and Arabic). Text is stored verbatim apart from Unicode/whitespace normalisation.",Extractor of a commercial registry / commercial letter,مستخرج سجل تجاري / الإفادة التجارية,Ministry of Commerce,وزارة التجارة,Merchant · Commercial Register · business sector,التاجر · السجل التجاري · قطاع الأعمال,"An electronic service provided by the Ministry of Commerce through the Saudi Business Center platform that allows beneficiaries to request an extract containing information from any commercial register. It also allows users to submit a request for information on a specific procedure, with the goal of obtaining a document containing confirmation from the ministry that the procedure has occurred, which they can then present to the concerned parties, without the need to visit service centers.",خدمة إلكترونية تقدمها وزارة التجارة عبر منصة المركز السعودي للأعمال، تتيح للمستفيدين طلب مستخرج يحتوي على معلومات أي سجل تجاري، كما تتيح له التقديم على طلب إفادة عن إجراء معين؛ بهدف الحصول على مستند يتضمن تأكيدًا من الوزارة بحدوث هذا الإجراء، لتقديمه إلى من يهمه الأمر، دون الحاجة إلى زيارة مراكز الخدمة.,,,"- Verify the following when requesting a commercial certificate: The applicant must have a valid commercial registration. If a certificate of non-existence is requested, there must be no commercial registration.
- Note: The beneficiary may request a commercial registration extract, even if they do not have a valid registration.","- التحقق من الآتي في حال طلب إفادة تجارية: أن يكون مقدم الطلب له صفة في السجل التجاري. ألا يكون هناك سجلًا تجاريًا في حال طلب إفادة بعدم وجود سجل.
- ملاحظة: يمكن للمستفيد طلب مستخرج سجل تجاري، وإن لم تكن له صفة في السجل.",- Depending on the type of certificate,- حسب نوع الإفادة,"- Access the platform: Through the unified national access via the Saudi Business Center platform.
- Select the service: Public Services > Ministry of Commerce > Commercial Register Extract / Commercial Statement.
- Start the service: Click Continue to agree to the terms and conditions - Click Submit Service.
- Select the type of extract / statement: Click Choose Extract Type / Statement - Click Continue.
- Complete the requirements: Enter the beneficiary's information - Choose the printing language - Click Continue.
- Submit the application: Review the information - Click Agree to the declaration.
- Click Submit Application.","- الدخول على المنصة: من خلال النفاذ الوطني الموحد عبر منصة المركز السعودي للأعمال.
- اختيار الخدمة: الخدمات العامة < وزارة التجارة < مُستخرج سجل تجاري / الإفادة التجارية.
- بدء الخدمة: ضغط على الاستمرار للموافقة على الشروط - الضغط على تقديم الخدمة.
- تحديد نوع المستخرج / إفادة: الضغط على اختيار نوع المستخرج \ إفادة - الضغظ على استمرار .
- استكمال المتطلبات: تسجيل بيانات المستفيد - اختيار لغة الطباعة - الضغط على استمرار .
- تقديم الطلب: مراجعة البيانات - الضغط على الموافقة على الإقرار.
- الضغط على تقديم الطلب.","100 for a commercial register extract.
Free for other statements","100
لمستخرج سجل تجاري
مجانًا لبقية الإفادات",Within 72 hours,خلال 72 ساعة,Merchant,التاجر,Arabic and English,العربية والانجليزية,https://mc.gov.sa/en/eservices/Pages/ServiceDetails.aspx?sID=33,https://mc.gov.sa/ar/eservices/Pages/ServiceDetails.aspx?sID=33,16 Sep 2026,04 ربيع الثاني 1448,"{""page_tags"": {""ar"": [""التاجر"", ""السجل التجاري"", ""قطاع الأعمال""], ""en"": [""Merchant"", ""Commercial Register"", ""business sector""]}}"
mc-34,official_web_page,mc.gov.sa,verified_official_capture,2026-09-30T10:17:40.741Z,2026-09-30,"1900, cs@mc.gov.sa",Online (Ministry of Commerce / Saudi Business Center e-services),34,ar:c6c6a8f0a6811066d469538e5f48dfbbe6b14883f301914915438cc1d705c190;en:cdcf1b11eddb166ff60d9f5852b8d7285382d97a7ab3c4957a8de2d8b8e7ef45,"Captured from the official Ministry of Commerce e-services catalogue (service-detail pages, English and Arabic). Text is stored verbatim apart from Unicode/whitespace normalisation.",Extension of a commercial name reservation,تمديد حجز اسم تجاري,Ministry of Commerce,وزارة التجارة,Merchant · Brand Names · Business sector,التاجر · الأسماء التجارية · قطاع الأعمال,"An electronic service provided by the Ministry of Commerce through the Saudi Business Center platform that allows beneficiaries to extend a trade name reservation before the expiration date, without having to visit service centers.",خدمة إلكترونية تقدمها وزارة التجارة عبر منصة المركز السعودي للأعمال، تتيح للمستفيدين تمديد حجز اسم تجاري قبل انتهاء مدة الحجز، دون الحاجة إلى زيارة مراكز الخدمة.,,,"- The presence of an existing commercial name reservation.
- The applicant must be benefiting from the trade name or delegated with a valid authorization.","- وجود حجز اسم تجاري قائم.
- أن يكون مقدم الطلب المستفيد من الاسم التجاري أو مفوضًا عنه بتفويض ساري.",- There is no,- لا يوجد,"- Access the platform: Via the National Unified Access through the Saudi Business Center platform.
- Select the service: From ""Public Services"" > ""Manage Reserved Trade Names"" > ""Extend a Trade Name.""
- Start the service: View the reserved trade names that are extendable - review and agree to the terms and conditions.
- Review and confirm the request: A summary of the request will be displayed to confirm the extension process.
- Submit the request: After confirmation, the request is processed immediately and its status is updated to ""Awaiting Processing.""
- Print the trade name: The trade name can be printed after a successful extension.","- الدخول على المنصة: عبر النفاذ الوطني الموحد من خلال منصة المركز السعودي للأعمال.
- اختيار الخدمة: من ""الخدمات العامة"" > ""إدارة الأسماء التجارية المحجوزة"" > ""تمديد اسم تجاري"".
- بدء الخدمة: عرض الأسماء التجارية المحجوزة القابلة للتمديد - الاطلاع على الشروط والأحكام والموافقة عليها.
- مراجعة وتأكيد الطلب: يتم عرض ملخص الطلب لتأكيد إجراء التمديد.
- تقديم الطلب: بعد التأكيد، يتم تنفيذ الطلب مباشرة وتحديث حالته إلى ""بانتظار المعالجة"".
- طباعة الاسم التجاري: يمكن طباعة الاسم التجاري بعد نجاح التمديد.",100,100,Immediate,فوري,Merchant,التاجر,Arabic and English,العربية والانجليزية,https://mc.gov.sa/en/eservices/Pages/ServiceDetails.aspx?sID=34,https://mc.gov.sa/ar/eservices/Pages/ServiceDetails.aspx?sID=34,16 Sep 2026,04 ربيع الثاني 1448,"{""page_tags"": {""ar"": [""التاجر"", ""الأسماء التجارية"", ""قطاع الأعمال""], ""en"": [""Merchant"", ""Brand Names"", ""Business sector""]}}"
mc-35,official_web_page,mc.gov.sa,verified_official_capture,2026-09-30T10:20:43.527Z,2026-09-30,"1900, cs@mc.gov.sa",Online (Ministry of Commerce / Saudi Business Center e-services),35,ar:5289656c430e94fae3ff71aa54509a96bea178b6aa6b0c0d74c283618861d708;en:2f083106a440704956013075cc113df703dfe3d13eb2a3c8fab7c3fcddf38c60,"Captured from the official Ministry of Commerce e-services catalogue (service-detail pages, English and Arabic). Text is stored verbatim apart from Unicode/whitespace normalisation.",Beneficial Owner Reporting Service,خدمة الإبلاغ عن بيانات المستفيد الحقيقي,Ministry of Commerce,وزارة التجارة,Merchant · companies,التاجر · الشركات · خدمة إلكترونية تقدمها وزارة التجارة,"A digital service on the Ministry of Commerce portal that enables authorized representatives of accredited financial entities to report beneficial owner data for establishments using the unified number, with Nafath login, representative validation, supporting attachments, and a reference number upon successful submission.","تُمكّن ممثلي الجهات المالية المعتمدة من الإبلاغ عن بيانات المستفيد الحقيقي للمنشآت باستخدام الرقم الموحد، مع تسجيل الدخول عبر نفاذ والتحقق من تمثيل الجهة، وإرفاق مستندات داعمة، والحصول على رقم مرجعي للبلاغ بعد الإرسال
ودون الحاجة إلى زيارة مراكز الخدمة.",,,"- Service is restricted to pre-registered representatives of accredited financial entities.
- Login via Nafath with representative validation; report is linked to the reporting entity.
- Unified number inquiry is required to retrieve establishment name (Arabic) and CR status.
- Provide required UBO data and select suspicion indicators from an approved list.
- Report text is mandatory (max 500 characters).
- Attachments: at least 1 (up to 5); allowed types PDF/XLS/XLSX; max 5MB per file.
- Duplicate prevention: block duplicates for (ReportingEntityId + CrNationalNumber + UboIdType/UboIdNumber); show message and previous reference number.
- On successful submission, generate a report reference number and send an email acknowledgement to the representative corporate email.","- الخدمة متاحة لممثلي الجهات المالية المعتمدة فقط (مسجلين مسبقًا في النظام).
- تسجيل الدخول يتم عبر نفاذ مع التحقق من تمثيل الجهة وربط البلاغ بالجهة المُبلِّغة.
- يجب إدخال الرقم الموحد للمنشأة وإجراء استعلام للتحقق واسترجاع اسم المنشأة (عربي) وحالة السجل التجاري.
- إدخال بيانات المستفيد الحقيقي المطلوبة واختيار مؤشرات الاشتباه من قائمة معتمدة.
- نص البلاغ إلزامي وبحد أقصى 500 حرف.
- المرفقات: مرفق واحد على الأقل (حتى 5 مرفقات)، الأنواع المسموحة: PDF / XLS / XLSX، حد 5MB لكل مرفق.
- منع التكرار: يمنع تكرار البلاغ لنفس (الجهة المُبلِّغة + الرقم الموحد + نوع/رقم إثبات المستفيد). عند التكرار تظهر رسالة ويُعرض رقم البلاغ السابق.
- بعد نجاح الإرسال يتم إنشاء رقم مرجعي للبلاغ وإرسال إشعار استلام إلى البريد المؤسسي للممثل.","- Establishment unified number.
- UBO data (full name, ID type/number, date of birth, nationality).
- Suspicion indicators (from an approved list).
- Report text (max 500 characters).
- At least 1 attachment (up to 5) per allowed types/size.","- الرقم الموحد للمنشأة.
- بيانات المستفيد الحقيقي (الاسم، نوع/رقم الإثبات، تاريخ الميلاد، الجنسية).
- مؤشرات الاشتباه (اختيار من قائمة معتمدة).
- نص البلاغ (حتى 500 حرف).
- مرفق واحد على الأقل (حتى 5) وفق الأنواع/الأحجام المعتمدة.","- Login via Nafath.
- Validate user as an authorized representative and display entity/representative data (read-only).
- Enter the establishment unified number and click “Inquire”.
- Upon successful inquiry, enter UBO details.
- Select suspicion indicators and enter report text.
- Upload required attachments.
- Submit and receive a reference number + email acknowledgement.","- تسجيل الدخول عبر نفاذ.
- التحقق من كون المستخدم ممثل جهة معتمدة وعرض بيانات الجهة/الممثل (قراءة فقط).
- إدخال الرقم الموحد للمنشأة والضغط على زر «استعلام».
- بعد نجاح الاستعلام: إدخال بيانات المستفيد الحقيقي.
- اختيار مؤشرات الاشتباه وإدخال نص البلاغ.
- رفع المرفقات المطلوبة.
- إرسال البلاغ واستلام رقم مرجعي + إشعار بريد للممثل.",Free,مجانية,immediately,فوري,Merchant,التاجر,Arabic,العربية,https://mc.gov.sa/en/eservices/Pages/ServiceDetails.aspx?sID=35,https://mc.gov.sa/ar/eservices/Pages/ServiceDetails.aspx?sID=35,16 Sep 2026,04 ربيع الثاني 1448,"{""page_tags"": {""ar"": [""التاجر"", ""الشركات"", ""خدمة إلكترونية تقدمها وزارة التجارة""], ""en"": [""Merchant"", ""companies""]}}"
mc-36,official_web_page,mc.gov.sa,verified_official_capture,2026-09-30T10:11:39.385Z,2026-09-30,"1900, cs@mc.gov.sa",Online (Ministry of Commerce / Saudi Business Center e-services),36,ar:8e0d0b059cec303ac6ec10096a82e3a21aee2f124fd77aa969669349423bcd20;en:5438ad572d4446f60e75dcceacac9019335e7acbee1b4b777a147075b61ad155,"Captured from the official Ministry of Commerce e-services catalogue (service-detail pages, English and Arabic). Text is stored verbatim apart from Unicode/whitespace normalisation.",Transfer ownership of a commercial registry of an establishment,نقل ملكية سجل تجاري لمؤسسة فردية,Ministry of Commerce,وزارة التجارة,Merchant · Commercial Register · business sector,التاجر · السجل التجاري · قطاع الأعمال,"An electronic service provided by the Ministry of Commerce through the Saudi Business Center platform that allows beneficiaries to submit a request to transfer ownership of a commercial registration to or from another person, without the need to visit service centers.",خدمة إلكترونية تقدمها وزارة التجارة عبر منصة المركز السعودي للأعمال، تتيح للمستفيدين تقديم طلب نقل ملكية السجل التجاري من أو إلى شخص آخر، دون الحاجة إلى زيارة مراكز الخدمة.,,,"- The commercial register must be active.
- The new owner must not have a commercial register for a sole proprietorship.
- The new owner must not be a government employee and must be at least 18 years old.
- The commercial register name must not be in the personal name of the transferor.","- أن يكون السجل التجاري نشطًا.
- ألا يكون المالك الجديد ممتلكًا سجلًا تجاريًا لمؤسسة فردية.
- ألا يكون المالك الجديد موظفًا حكوميًا، وألا يقل عمره عن 18 سنة.
- ألا يكون اسم السجل التجاري بالاسم الشخصي للمُتنازِل.",- The following must be verified if the person is deceased: Submission of a certificate of inheritance - Submission of a guardianship deed if there are minors among the heirs - A legal power of attorney from all heirs explicitly stating the transfer of the establishment - A sale and transfer contract from the heirs that includes the commercial registration details.,- التحقق من الآتي في حال كان شخص متوفى: تقديم صك حصر الورثة - تقديم صك الولاية في حال وجود قُصّر - وجود وكالة شرعية من جميع الورثة تنص على التنازل عن المؤسسة - وجود عقد مبايعة وتنازل من الورثة موضحًا فيه بيانات السجل.,"- Steps for transferring ownership of a commercial register to a sole proprietorship by the current owner: 1. Click Start Service. 2. Log in to the account via the unified national access or log in for investors who do not hold a Saudi ID or residency. 3. Select the service: From ""Doing Business"" > ""Ministry of Commerce"" > ""Transferring Ownership of a Commercial Register to a Sole Proprietorship."" 4. Select the register to be transferred and click Continue. 5. Start the service: Review the terms and requirements, then agree and click Apply for the service. 6. Select the status of retaining the trade name and click Continue. 7. Fill in the information of the new proprietor and click Save. Enter the mobile number and email, add the national address, attach a copy of the ID, and click Continue. 8. Review the application summary and confirm the accuracy of all entered data and click Submit Application. 9. Enter the verification code sent to your mobile phone and click Verify. A message will appear stating that the application was successfully submitted.
- Transferring Ownership of a Commercial Register to a Sole Proprietorship by the new owner: 1. Click Start Service. 2. Log in to the account via the unified national access or log in for investors who do not hold a Saudi ID. They hold a Saudi ID or residency 3- Click on the mailbox "">"" Click on procedures "">"" Undertaking to transfer all obligations related to the current owner's account "">"" 4- Click on accept the request 5- Modify the data of the old business owner "">"" Commercial activity (optional) "">"" Commercial licenses (optional) "">"" Add e-commerce business data (optional) "">"" Add capital details (optional) "">"" Keep the previous trade name or modify it (optional) "">"" Modify the national address (optional) "">"" Modify contact information "">"" Modify the manager's data (optional) 6- Review the application summary and approve the validity of all entered data 7- Click on (Submit application).","- خطوات نقل ملكية سجل تجاري لمؤسسة فردية من قبل (المالك الحالي: 1- الضغط على ابدأ الخدمة 2- الدخول إلى الحساب عن طريق النفاذ الوطني الموحد او تسجيل الدخول للمستثمرين الذين لا يحملون هوية او إقامة سعودية 3- اختيار الخدمة: من ""ممارسة الأعمال"" > ""وزارة التجارة"" > ""نقل ملكية سجل تجاري لمؤسسة فردية"" 4- اختيار السجل المراد نقلة والضغط على استمرار 5- بدء الخدمة: الاطلاع على الشروط والمتطلبات، ثم الموافقة والضغط على التقديم على الخدمة 6- تحديد حالة الاحتفاظ بالاسم التجاري والضغط على استمرار 7- تعبئة بيانات مالك المؤسسة الجديد والضغط على حفظ كتابة رقم الجوال والبريد الالكتروني واضافة العنوان الوطني وارفاق صورة الهوية والضغط على استمرار 8- مراجعة ملخص الطلب و الاقرار على صحة جميع البيانات المدخلة و الضغط على (تقديم الطلب) 9- ادخال رمز التحقق المرسل على جوالك و الضغط على (تحقق) و تظهر رسالة تفيد بتقديم الطلب بنجاح .
- نقل ملكية سجل تجاري لمؤسسة فردية من قبل (المالك الجديد: 1- الضغط على ابدأ الخدمة 2- الدخول إلى الحساب عن طريق النفاذ الوطني الموحد او تسجيل الدخول للمستثمرين الذين لا يحملون هوية او إقامة سعودية 3- الضغط على صندوق البريد "" > "" الضغط على الإجراءات "" > "" التعهد على نقل جميع الالتزامات المتعلقة بذمة المالك الحالي "" > "" 4- الضغط على قبول الطلب 5- التعديل على بيانات مالك المؤسسة القديم "" > "" النشاط التجاري (اختياري) "" > "" التراخيص التجارية في (اختياري ) "" > "" إضافة بيانات العمل بالتجارة الالكترونية (اختياري) "" > "" إضافة تفاصيل راس المال (اختياري) "" > "" الاحتفاظ بالاسم التجاري السابق او التعديل عليه (اختياري ) "" > "" التعديل على العنوان الوطني (اختياري) "" > "" التعديل على بيانات الاتصال "" > "" التعديل على بيانات المدير (اختياري) 6- مراجعة ملخص الطلب و الموافقة الاقرار على صحة جميع البيانات المدخلة 7- الضغط على (تقديم الطلب).",500,500,Within 72 hours,خلال 72 ساعة,Merchant,التاجر,Arabic and English,العربية والانجليزية,https://mc.gov.sa/en/eservices/Pages/ServiceDetails.aspx?sID=36,https://mc.gov.sa/ar/eservices/Pages/ServiceDetails.aspx?sID=36,16 Sep 2026,04 ربيع الثاني 1448,"{""page_tags"": {""ar"": [""التاجر"", ""السجل التجاري"", ""قطاع الأعمال""], ""en"": [""Merchant"", ""Commercial Register"", ""business sector""]}}"
mc-37,official_web_page,mc.gov.sa,verified_official_capture,2026-09-30T10:11:56.350Z,2026-09-30,"1900, cs@mc.gov.sa",Online (Ministry of Commerce / Saudi Business Center e-services),37,ar:a66d7b158f65fa7edf00e3c4e8af10d3d4c5aa8e8cbfce1914514b10e1247d70;en:d357cf98fd588b92265707a8a5970d9464cb68e6c396f591e58c2be7ebffc791,"Captured from the official Ministry of Commerce e-services catalogue (service-detail pages, English and Arabic). Text is stored verbatim apart from Unicode/whitespace normalisation.",Modifying the company's main commercial registry data,تعديل بيانات السجل التجاري الرئيسي لشركة,Ministry of Commerce,وزارة التجارة,Merchant · Commercial Register · business sector,التاجر · السجل التجاري · قطاع الأعمال,An electronic service provided by the Ministry of Commerce through the Saudi Business Center platform that allows beneficiaries to update their company's main commercial registry data without having to visit service centers.,خدمة إلكترونية تقدمها وزارة التجارة عبر منصة المركز السعودي للأعمال، تتيح للمستفيدين التحديث على بيانات السجل التجاري الرئيسي لشركة، دون الحاجة إلى زيارة مراكز الخدمة.,,,"- The commercial registration must be active.
- A valid license is required in case of adding an activity that requires a pre-issuance license.
- A statement of cancellation of licenses must be provided in case of removing an activity that requires a pre-issuance license.
- The activity must fall within the company's objectives.
- The practice of e-commerce must be determined if the applicant engages in it.","- أن يكون السجل التجاري نشطًا.
- أن يكون النشاط ضمن أغراض الشركة.
- وجود ترخيص ساري المفعول في حال إضافة نشاط يتطلب ترخيصًا قبل الإصدار.
- تقديم إفادة بإلغاء التراخيص في حال إزالة نشاط يتطلب ترخيصًا قبل الإصدار.
- تحديد ممارسة التجارة الإلكترونية في حال كان مقدم الطلب ممارسًا لها.","- The following must be verified if the company is foreign: A valid investment license for the facility must be provided, with a duration of no less than 30 days - The activities added to the application must be compatible with the investment license of the company.
- The following must be verified if the company is a joint-stock or simplified joint-stock company: The minutes of the general assembly must be available - A letter requesting the amendment of the company's prints must be submitted, certified by the Chamber of Commerce - The members of the board of directors must not be government employees.","- التحقق من الآتي في حال كانت الشركة أجنبية: - وجود ترخيص استثماري للمنشأة ساري المفعول بمدة لا تقل عن (30) يومًا - أن تكون الأنشطة المضافة في الطلب متوافقة مع الترخيص الاستثماري للشركة.
- التحقق من الآتي في حال كانت شركة مساهمة / مساهمة مبسطة: - وجود محضر الجمعية - تقديم خطاب بطلب التعديل على مطبوعات الشركة، مصادق عليه من الغرفة التجارية - ألا يكون أعضاء مجلس الإدارة موظفين حكوميين.","- Click ""Start Service""
- Log in to your account via the National Unified Access or log in for investors who do not hold a Saudi ID or residency.
- Select the service: From ""Doing Business"" > ""Ministry of Commerce"" > ""Modify the Company's Main Commercial Register Data""
- Start the service: View the commercial register data, then click ""Continue,"" agree to the terms, and then click ""Apply for Service.""
- Update data: Add business activities. - Enter license data. - Modify capital and e-commerce data. - Modify trade name. - Modify national address and contact information. - Modify directors' data.
- Submit the application: Click ""Submit Application.""
- Payment and follow-up: Pay fees, review the application, and print the invoice. - After payment, the annual confirmation is successfully completed.","- الضغط على ابدأ الخدمة
- الدخول إلى الحساب عن طريق النفاذ الوطني الموحد او تسجيل الدخول للمستثمرين الذين لا يحملون هوية او إقامة سعودية
- اختيار الخدمة: من ""ممارسة الأعمال"" > ""وزارة التجارة"" > ""تعديل بيانات السجل التجاري الرئيسي لشركة ""
- بدء الخدمة: عرض بيانات السجل التجاري، ثم الضغط على ""استمرار""، والموافقة على الشروط، ثم الضغط على ""التقديم على الخدمة"".
- تحديث البيانات: إضافة الأنشطة التجارية. - إدخال بيانات الترخيص. - تعديل رأس المال وبيانات التجارة الإلكترونية. - تعديل الاسم التجاري. - تعديل العنوان الوطني وبيانات الاتصال. - تعديل بيانات المديرين.
- تقديم الطلب: الضغط على ""تقديم الطلب"".
- الدفع والمتابعة: دفع الرسوم، استعراض الطلب، وطباعة الفاتورة. - بعد الدفع، يتم تنفيذ التأكيد السنوي بنجاح.",100,100,immediately,فوري,Merchant,التاجر,Arabic and English,العربية والانجليزية,https://mc.gov.sa/en/eservices/Pages/ServiceDetails.aspx?sID=37,https://mc.gov.sa/ar/eservices/Pages/ServiceDetails.aspx?sID=37,16 Sep 2026,04 ربيع الثاني 1448,"{""page_tags"": {""ar"": [""التاجر"", ""السجل التجاري"", ""قطاع الأعمال""], ""en"": [""Merchant"", ""Commercial Register"", ""business sector""]}}"
mc-38,official_web_page,mc.gov.sa,verified_official_capture,2026-09-30T10:09:35.367Z,2026-09-30,"1900, cs@mc.gov.sa",Online (Ministry of Commerce / Saudi Business Center e-services),38,ar:17061cd28506b23bb71a9b86ff102979bda5eaf4090b193a63d83fb5f47725f8;en:dd30292719aa232838cbf222346ab2adf86071c4e41d614d3d366f97fb509b25,"Captured from the official Ministry of Commerce e-services catalogue (service-detail pages, English and Arabic). Text is stored verbatim apart from Unicode/whitespace normalisation.",A commercial registration for an establishment,قيد سجل تجاري لمؤسسة فردية,Ministry of Commerce,وزارة التجارة,Merchant · Commercial Register · business sector,التاجر · السجل التجاري · قطاع الأعمال,"An electronic service provided by the Ministry of Commerce through the Saudi Business Center platform, allowing beneficiaries to start their businesses without having to visit service centers.",خدمة إلكترونية تقدمها وزارة التجارة عبر منصة المركز السعودي للأعمال، تتيح للمستفيدين البدء في مُمارسة النشاط التجاري، دون الحاجة إلى زيارة مراكز الخدمة.,,,"- Must be at least 18 years old.
- Not a government employee.
- The owner must not have an active commercial registration for a sole proprietorship.","- ألا يقل العمر عن 18سنة.
- ألا يكون موظفًا حكوميًا.
- ألا يكون المالك ممتلكًا سجلًا تجاريًا نشطًا لمؤسسة فردية.","- Attach the approval of the licensing authority if the activity being practiced is one that requires a license prior to issuance.
- Specify the practice of e-commerce if the applicant is practicing it.
- If the applicant is a cooperative or charitable association, the following documents must be submitted from the Ministry of Human Resources and Social Development or the National Center for Non-Profit Sector Development: - Attach a copy of the registration certificate. - Attach a copy of the letter approving the association's board of directors, along with a copy of the association's bylaws. - Attach a copy of the cooperative association's bylaws. - Attach a power of attorney from the association's board of directors to a Saudi person to complete the registration procedures in the commercial register.
- Verify the following if the applicant is an endowment institution: - Attach the endowment deed from the Personal Status Court. - Attach a legal power of attorney from the donor, the endowment supervisor, or the supervisory board to issue a commercial registration with the endowment deed.","- إرفاق موافقة الجهة المرخصة في حال كان النشاط الممارس من الأنشطة التي تتطلب ترخيصًا قبل الإصدار.
- تحديد ممارسة التجارة الإلكترونية في حال كان مقدم الطلب ممارسًا لها.
- في حال كان طالب القيد جمعية تعاونية أو خيرية يتطلب تقديم المستندات التالية من وزارة الموارد البشرية والتنمية الاجتماعية أو المركز الوطني لتنمية القطاع غير الربحي: - إرفاق صورة من شهادة التسجيل - إرفاق نسخة من الخطاب الذي يتضمن الموافقة على مجلس إدارة المؤسسة مع نسخة من نظام المؤسسة. - إرفاق نسخة من نظام الجمعية التعاونية. - إرفاق تفويض من مجلس المؤسسة لشخص سعودي لاستكمال إجراءات القيد في السجل التجاري.
- التحقق من الآتي في حال كان طالب القيد مؤسسة وقفية: - إرفاق صك الوقفية من محكمة الأحوال الشخصية. - إرفاق وكالة شرعية من الواقف أو ناظر الوقف أو مجلس النظارة لاستخراج سجل تجاري بصك الوقفية.","- Access the platform: Via the National Unified Access through the Saudi Business Center platform.
- Select the service: From ""Electronic Services"" > ""Commercial Registration"" > Select the registration type ""Establishment"", then start the service.
- Fill in the establishment information: Review and agree to the terms. - Fill in the owner's information and contact information. - Enter the approved business address.
- Add the required information: Select the business activities. - Enter the e-commerce information (if applicable). - Determine the capital. - Choose the trade name type and its composition.
- Complete the commercial registration information: Enter the establishment's address and contact information. - Appoint the establishment manager and enter their information.
- Review and submit the application: Review the application summary. - Approve the declaration and submit the application.
- Party approval: If required, approval will be obtained from the register owner or other managers.
- Payment: Issue the invoice and pay the fees via SADAD or card. - After payment, the commercial registration is officially issued.
- Automatic registration with relevant authorities: After issuing the record, registration is automatic with: the Ministry of Human Resources - the Zakat, Tax and Customs Authority - the General Organization for Social Insurance - Saudi Post (National Address) - the Chamber of Commerce.","- الدخول على المنصة: عبر النفاذ الوطني الموحد من خلال منصة المركز السعودي للأعمال.
- اختيار الخدمة: من ""الخدمات الإلكترونية"" > "" قيد سجل تجاري"" > تحديد نوع السجل ""مؤسسة""، ثم البدء بالخدمة.
- تعبئة بيانات المؤسسة: مراجعة الشروط والموافقة عليها. - تعبئة بيانات المالك وبيانات الاتصال. - إدخال عنوان الأعمال المعتمد.
- إضافة البيانات المطلوبة: إختيار الأنشطة التجارية. - إدخال بيانات التجارة الإلكترونية (إن وُجدت). - تحديد رأس المال. - اختيار نوع الإسم التجاري وتكوينه.
- استكمال بيانات السجل التجاري: إدخال عنوان المؤسسة وبيانات الاتصال. - تعيين مدير المؤسسة وإدخال بياناته.
- مراجعة وتقديم الطلب: استعراض ملخص الطلب. - الموافقة على الإقرار وتقديم الطلب.
- موافقة الأطراف: في حال تطلب الأمر، تتم الموافقة من مالك السجل أو المدراء الآخرين.
- الدفع: إصدار الفاتورة، ودفع الرسوم عبر خدمة سداد أو البطاقة. - بعد الدفع، يتم إصدار السجل التجاري رسميًا.
- التسجيل التلقائي في الجهات ذات العلاقة: بعد إصدار السجل، يتم التسجيل تلقائيًا في: وزارة الموارد البشرية - هيئة الزكاة والضريبة والجمارك - المؤسسة العامة للتأمينات الاجتماعية - البريد السعودي (العنوان الوطني) - الغرفة التجارية.",500,500,immediately,فوري,Merchant,التاجر,Arabic and English,العربية والانجليزية,https://mc.gov.sa/en/eservices/Pages/ServiceDetails.aspx?sID=38,https://mc.gov.sa/ar/eservices/Pages/ServiceDetails.aspx?sID=38,16 Sep 2026,04 ربيع الثاني 1448,"{""page_tags"": {""ar"": [""التاجر"", ""السجل التجاري"", ""قطاع الأعمال""], ""en"": [""Merchant"", ""Commercial Register"", ""business sector""]}}"
mc-40,official_web_page,mc.gov.sa,verified_official_capture,2026-09-30T10:18:41.845Z,2026-09-30,"1900, cs@mc.gov.sa",Online (Ministry of Commerce / Saudi Business Center e-services),40,ar:9462666de268fcd71cc50a644a26339a51bd7db34ddbc9137a8fe9e0021b552c;en:a06f577136bfdc9c5204adb466fd6050536b0b231c39cd33f447843e30a08cdb,"Captured from the official Ministry of Commerce e-services catalogue (service-detail pages, English and Arabic). Text is stored verbatim apart from Unicode/whitespace normalisation.",Modifying the company's branch commercial registry data,تعديل بيانات السجل التجاري الفرعي لشركة,Ministry of Commerce,وزارة التجارة,Merchant · Commercial Register · business sector,التاجر · السجل التجاري · قطاع الأعمال,"An electronic service provided by the Ministry of Commerce through the Saudi Business Center platform, allowing beneficiaries to update the data of a company's sub-commercial register without having to visit service centers.",خدمة إلكترونية تقدمها وزارة التجارة عبر منصة المركز السعودي للأعمال، تتيح للمستفيدين التحديث على بيانات السجل التجاري الفرعي لشركة، دون الحاجة إلى زيارة مراكز الخدمة.,,,"- The commercial registration must be active.
- A valid license is required in case of adding an activity that requires a pre-issuance license.
- A statement of cancellation of licenses must be provided in case of removing an activity that requires a pre-issuance license.
- The activity must fall within the company's objectives.
- The practice of e-commerce must be determined if the applicant engages in it.","- أن يكون السجل التجاري نشطًا.
- وجود ترخيص ساري المفعول في حال إضافة نشاط يتطلب ترخيصًا قبل الإصدار.
- تقديم إفادة بإلغاء التراخيص في حال إزالة نشاط يتطلب ترخيصًا قبل الإصدار.
- أن يكون النشاط ضمن أغراض الشركة.
- تحديد ممارسة التجارة الإلكترونية في حال كان مقدم الطلب ممارسًا لها.","- The following must be verified if the company is foreign: A valid investment license for the facility must be provided, with a duration of no less than 90 days - The activities added to the application must be compatible with the investment license of the company.
- The following must be verified if the company is a joint-stock or simplified joint-stock company: The minutes of the general assembly must be available - A letter requesting the amendment of the company's prints must be submitted, certified by the Chamber of Commerce - The members of the board of directors must not be government employees.","- التحقق من الآتي في حال كانت الشركة أجنبية: - وجود ترخيص استثماري للمنشأة ساري المفعول بمدة لا تقل عن (30) يومًا - أن تكون الأنشطة المضافة في الطلب متوافقة مع الترخيص الاستثماري للشركة.
- التحقق من الآتي في حال كانت شركة مساهمة / مساهمة مبسطة: - وجود محضر الجمعية - تقديم خطاب بطلب التعديل على مطبوعات الشركة، مصادق عليه من الغرفة التجارية - ألا يكون أعضاء مجلس الإدارة موظفين حكوميين.","- Click ""Start Service""
- Log in to your account via the National Unified Access or log in for investors who do not hold a Saudi ID or residency.
- Select the service: From ""Doing Business"" > ""Ministry of Commerce"" > ""Modify Company's Sub-Commercial Register Data""
- Start the service: View the commercial register data, then click ""Continue,"" agree to the terms, and then click ""Apply for Service.""
- Update data: Add business activities. - Enter license data. - Modify capital and e-commerce data. - Modify trade name. - Modify national address and contact information. - Modify directors' data.
- Submit the application: Click ""Submit Application.""
- Payment and follow-up: Pay fees, review the application, and print the invoice. - After payment, the annual confirmation is successfully completed.","- الضغط على ابدأ الخدمة
- الدخول إلى الحساب عن طريق النفاذ الوطني الموحد او تسجيل الدخول للمستثمرين الذين لا يحملون هوية او إقامة سعودية
- اختيار الخدمة: من ""ممارسة الأعمال"" > ""وزارة التجارة"" > ""تعديل بيانات السجل التجاري الفرعي لشركة ""
- بدء الخدمة: عرض بيانات السجل التجاري، ثم الضغط على ""استمرار""، والموافقة على الشروط، ثم الضغط على ""التقديم على الخدمة"".
- تحديث البيانات: إضافة الأنشطة التجارية. - إدخال بيانات الترخيص. - تعديل رأس المال وبيانات التجارة الإلكترونية. - تعديل الاسم التجاري. - تعديل العنوان الوطني وبيانات الاتصال. - تعديل بيانات المديرين.
- تقديم الطلب: الضغط على ""تقديم الطلب"".
- الدفع والمتابعة: دفع الرسوم، استعراض الطلب، وطباعة الفاتورة. - بعد الدفع، يتم تنفيذ التأكيد السنوي بنجاح.",100,100,immediately,فوري,Merchant,التاجر,Arabic and English,العربية والانجليزية,https://mc.gov.sa/en/eservices/Pages/ServiceDetails.aspx?sID=40,https://mc.gov.sa/ar/eservices/Pages/ServiceDetails.aspx?sID=40,16 Sep 2026,04 ربيع الثاني 1448,"{""page_tags"": {""ar"": [""التاجر"", ""السجل التجاري"", ""قطاع الأعمال""], ""en"": [""Merchant"", ""Commercial Register"", ""business sector""]}}"
mc-41,official_web_page,mc.gov.sa,verified_official_capture,2026-09-30T10:10:24.416Z,2026-09-30,"1900, cs@mc.gov.sa",Online (Ministry of Commerce / Saudi Business Center e-services),41,ar:eb3af1e445a92ec0aa73b635601ae96d014734f26e5b9fc0efdb01c0ca11d318;en:0dfb1c12b765e5063c54127be9d5e82f60b14f58269ef84e20aedfc14dd49573,"Captured from the official Ministry of Commerce e-services catalogue (service-detail pages, English and Arabic). Text is stored verbatim apart from Unicode/whitespace normalisation.",Application for registering a Commercial Agency,طلب تسجيل قيد وكالة تجارية,Ministry of Commerce,وزارة التجارة,Merchant · commercial agencies · Business sector,التاجر · الوكالات التجارية · قطاع الأعمال,"An electronic service provided by the Ministry of Commerce, which allows the beneficiaries of an agent or distributor the right to practice the activity of commercial agencies on behalf of Saudi companies or institutions or foreign companies contracted with them in the Kingdom under a commercial agency contract between the two parties, electronically without the need to visit the Ministry's branches.
For a guiding template of the commercial agency contract, please
click here
.","خدمة إلكترونية تقدمها وزارة التجارة، تتيح للمستفيدين من وكيل أو موزع حق مزاولة نشاط الوكالات التجارية عن الشركات أو المؤسسات السعودية أو الشركات الأجنبية المتعاقد معها في المملكة بموجب عقد وكالة تجارية بين الطرفين، إلكترونيًا دون الحاجة إلى مراجعة فروع الوزارة.
لتحميل نموذج عقد الوكالات التجارية الاسترشادي :
اضغط هنا
.",,,"- Non-Saudis, whether natural or legal persons, may not be commercial agents in the Kingdom of Saudi Arabia, provided that Saudi companies must have a fully Saudi capital and that their board members, managers, and those authorized to sign on their behalf must be Saudis.
- There must be a commercial register corresponding to the agency's activity.
- If both parties to the contract are Saudis, the contract must be authenticated by the Chamber of Commerce in the Kingdom for both parties.
- If the principal is a foreigner, the original contract must be authenticated by the following competent authorities: The Ministry of Foreign Affairs in the principal's country - The Chamber of Commerce in the principal's country ""if any"" The Saudi Embassy in the principal's country - The Saudi Ministry of Foreign Affairs - The Saudi Chamber of Commerce, or an Apostille.
- The contract must be concluded directly with the producing company (parent) or its representative in its country of origin without any intermediary outside its country.
- The commercial agency or distribution contract must include the following information: (the name of the commercial agent or distributor, whether an individual or a company, the main or sub-commercial registration number that gives the applicant the right to practice the agency, the address of the agent or distributor, the name of the person who has the right to manage the store or sign on his behalf, the types and names of the goods and services included in the contract, the name and nationality of the principal, the address of the principal's main office, the address of the industrial or agricultural center that produces the goods included in the contract, the agency or distribution area and its duration), and the obligations of the two parties towards each other and towards the consumer.
- The subject of the agency and its area must be clarified, as well as the work, services and goods it includes.
- The effective date of the contract, its duration, how to terminate it and how to renew it must be clarified.
- The contract must be translated into Arabic (by an accredited translation office) if the contract is not in Arabic.
- The official name of the foreign company must be clarified in the contract in both Arabic and English without any abbreviations or symbols
- Specifying the competent judicial authority or the country to which reference will be made in the event of disputes arising between the two parties (mentioned in the contract).
- The contract may include any other conditions that do not conflict with the regulations in force in the Kingdom of Saudi Arabia.
- Both parties sign the contract.","- لا يجوز لغير السعودييّن سواءً بصفة أشخاصٍ طبيعييّن أو معنوييّن أن يكونوا وكلاء تجاريين في المملكة العربيّة السعوديّة على أن الشركات السعوديّة يجب أن يكون رأسمالها بالكامل سعوديّاً وأن يكون أعضاء مجالس إدارتها ومُدّيروها ومن لهم حق التوقيع باسمها سعودييّن.
- وجود سجل تجاري مطابق لنشاط الوكالة.
- إذا كان طرفي العقد سعوديين يتم تصديق العقد من الغرفة التجارية بالمملكة لكل الطرفين.
- إذا كان الموكل أجنبي يتم تصديق العقد الأصلي من جهات الاختصاص التالية :وزارة الخارجية في بلد الموكل - الغرفة التجارية في بلد الموكل """"إن وجدت"""" السفارة السعودية في بلد الموكل - وزارة الخارجية السعودية - الغرفة التجارية السعودية، أو تصديق (ابوستيل).
- يجب التعاقد مع الشركة المنتجة (الأم) أو من يقوم مقامها في بلدها الأصلي مباشرة دون أي وسيط خارج دولتها.
- يجب ان يتضمن عقد الوكالة التجاريّة أو التوزيع البيانات التاليّة: (اسم الوكيل التجاري أو المُوزِّع فرداً كان أو شركة، رقم السجّل التجاري الرئيسي أو الفرعي الذي يُعطي مقدم الطلب حق مُزاولّة الوكالة ،عنوان الوكيل أو الموزع ،اسم من له حق إدارة المحلّ أو التوقيع عنه، أنواع ومُسميّات السلع والخدمات المُدّرجّة في العقد، اسم الموكل وجنسيته، عنوان المركز الرئيسي للموكل ،عنوان المركز الصناعي أو الزراعي المُنتِج للسلع المُدّرجّة في العقد، منطقة التوكيل أو التوزيع ومُدّته)، والتزامات الطرفين اتجاه بعضهم البعض وتجاه المستهلك .
- يجب توضيح موضوع الوكالة ومنطقتها وما تشتمل عليه من أعمال وخدمات وبضائع.
- يجب توضيح تاريخ سريان العقد ومدته وكيفية انهائه وكيفية تجديده.
- يجب ترجمة العقد الى اللغة العربية (من مكتب ترجمة معتمد) في حال أن العقد ليس باللغة العربية.
- يجب توضيح الاسم الرسمي للشركة الأجنبية في العقد باللغتين العربية والانجليزية دون أي اختصار او رموز
- تحديد الجهة القضائية المختصة أو الدولة التي سيتم الرجوع اليها في حال نشؤ نزاعات بين الطرفين (يذكر في العقد).
- يجوز تضمين العقد أيّة شُروطٍ أُخرى لا تتعارض مع الأنظمّة المعمول بها في المملكة العربيّة السعوديّة.
- توقيع الطرفين على العقد.","- Contract
- Contract attachments, if any","- العقد
- ملحقات العقد أن وجد","- Click on the Start Service icon.
- Log in to the account (username and password) or via national access.
- Choose to create a commercial agency and click on the (Create icon) shown below.
- Fill in the required data and attach the necessary documents.
- Acknowledgement and pledge and click on the ""Send"" icon
- The request is studied by the ministry employee.
- After the employee accepts the request, a notification is sent by text message including the acceptance of the request and the payment number.
- Print the commercial agency registration certificate electronically after paying the fees.","- الضغط على ايقونة أبدأ الخدمة.
- الدخول على الحساب (اسم المستخدم وكلمة المرور ) أو عبر النفاذ الوطني.
- اختيار إنشاء وكالة تجارية والضغط على (ايقونة إنشاء) الظاهرة بالأسفل.
- تعبئة البيانات المطلوبة وإرفاق المستندات اللازمة.
- الإقرار والتعهد والضغط على أيقونة """"إرسال""""
- يتم دراسة الطلب من قبل موظف الوزارة.
- بعد قبول الطلب من قبل الموظف يتم ارسال إشعار برسالة نصية متضمن قبول الطلب ورقم السداد.
- طباعة شهادة تسجيل قيد وكالة تجارية إلكترونياً بعد سداد الرسوم.",500 for commercial agency registration,"500
ريال لقيد الوكالة التجارية",1 days,يوم عمل,Merchant,التاجر,Arabic,العربية,https://mc.gov.sa/en/eservices/Pages/ServiceDetails.aspx?sID=41,https://mc.gov.sa/ar/eservices/Pages/ServiceDetails.aspx?sID=41,16 Sep 2026,04 ربيع الثاني 1448,"{""page_tags"": {""ar"": [""التاجر"", ""الوكالات التجارية"", ""قطاع الأعمال""], ""en"": [""Merchant"", ""commercial agencies"", ""Business sector""]}}"
mc-42,official_web_page,mc.gov.sa,verified_official_capture,2026-09-30T10:18:08.952Z,2026-09-30,"1900, cs@mc.gov.sa",Online (Ministry of Commerce / Saudi Business Center e-services),42,ar:4b0f1beaa61d5eb88c140ceef775fc2654ed5416179a8d87fe1ff008e2019b81;en:31afdfaeff47f14b1fc31f585456733570845899e2d44cefff73bfe94cbc52ae,"Captured from the official Ministry of Commerce e-services catalogue (service-detail pages, English and Arabic). Text is stored verbatim apart from Unicode/whitespace normalisation.",Application for amending a commercial agency,طلب تعديل قيد وكالة تجارية,Ministry of Commerce,وزارة التجارة,Merchant · commercial agencies · Business sector,التاجر · الوكالات التجارية · قطاع الأعمال,"An electronic service provided by the Ministry of Commerce, which allows beneficiaries to amend the data in the terms of the contract, whether from the agent or the principal by agreement of the two parties, electronically without the need to visit the branches of the ministry.",خدمة إلكترونية تقدمها وزارة التجارة، تتيح للمستفيدين من تعديل البيانات في بنود العقد سواء من الوكيل أو الموكل باتفاق الطرفين، إلكترونيًا دون الحاجة إلى مراجعة فروع الوزارة.,,,"- If the article “amending the basic contract” is not mentioned, the amendment shall be made according to the conclusion of a new contract between the two parties
- If both parties to the contract are Saudis, the contract shall be attested by the Chamber of Commerce and Industry in the Kingdom
- If the principal is a foreigner, the original contract shall be attested by the following competent authorities:
- Ministry of Foreign Affairs - Chamber of Commerce in the client's country """"if any"""" - Saudi Embassy in the client's country - Saudi Ministry of Foreign Affairs - Saudi Chamber of Commerce and Industry","- خطاب من الموكل الأجنبي يفيد بتعديل العقد بالإشارة إلى البند المُعدّل وإثبات التعديل الجديد أو بإثبات الإضافة فقط إذا كان الأمر مُجرّد إضافة.
- خطاب من الموكل السعودي على مطبوعاته يفيد بتعديل العقد بناء على ما ذكر في العقد المبرم بين الطرفين.
- اذا كان طرفي العقد سعوديين يتم تصديق العقد من الغرفة التجارية بالمملكة
- إذا كان الموكل أجنبي يتم تصديق العقد الأصلي من جهات الاختصاص التالية: وزارة الخارجية-الغرفة التجارية في بلد الموكل """"""""إن وجدت""""""""-السفارة السعودية في بلد الموكل- أو تصديق ابوستيل اذا كان (الموكل أجنبي).""","- A letter from the foreign client stating that the contract has been amended if (the client is a foreigner).
- A letter from the Saudi client stating that the contract has been amended if it is between (two Saudi parties).","- خطاب من الموكل الأجنبي يفيد بتعديل العقد اذا كان (الموكل أجنبي).
- خطاب من الموكل السعودي يفيد بتعديل العقد اذا كان بين (طرفيين سعوديين)","- Click on the Start Service icon.
- Log in to the account (username and password) or via national access.
- Select Edit Commercial Agency and click on (Edit icon) in Edit Commercial Agency shown below.
- Fill in the required data and attach the necessary documents.
- Acknowledgement and pledge and click on the ""Send"" icon.
- The request is studied by a ministry employee.
- After the employee accepts the request, a notification is sent by text message including the acceptance of the request.
- Print a commercial agency modification certificate electronically.","- الضغط على ايقونة أبدأ الخدمة.
- الدخول على الحساب (اسم المستخدم وكلمة المرور ) أو عبر النفاذ الوطني.
- اختيار تعديل وكالة تجارية والضغط على (ايقونة تعديل) في تعديل وكالة تجارية الظاهرة بالأسفل.
- تعبئة البيانات المطلوبة وإرفاق المستندات اللازمة.
- الإقرار والتعهد والضغط على أيقونة """"إرسال"""".
- يتم دراسة الطلب من قبل موظف الوزارة.
- بعد قبول الطلب من قبل الموظف يتم ارسال إشعار برسالة نصية متضمن قبول الطلب.
- طباعة شهادة تعديل وكالة تجارية إلكترونياً.",Free,مجانية,1 days,يوم عمل,Merchant,التاجر,Arabic,العربية,https://mc.gov.sa/en/eservices/Pages/ServiceDetails.aspx?sID=42,https://mc.gov.sa/ar/eservices/Pages/ServiceDetails.aspx?sID=42,16 Sep 2026,04 ربيع الثاني 1448,"{""page_tags"": {""ar"": [""التاجر"", ""الوكالات التجارية"", ""قطاع الأعمال""], ""en"": [""Merchant"", ""commercial agencies"", ""Business sector""]}}"
mc-43,official_web_page,mc.gov.sa,verified_official_capture,2026-09-30T10:14:09.465Z,2026-09-30,"1900, cs@mc.gov.sa",Online (Ministry of Commerce / Saudi Business Center e-services),43,ar:9037c902cc924d69d99b323fde80d47884f2541e294501475a4cd9511d74df47;en:f9a80c34631522eeb3123fe48919d7f54910a39a2af2930547b993dd1f8ca735,"Captured from the official Ministry of Commerce e-services catalogue (service-detail pages, English and Arabic). Text is stored verbatim apart from Unicode/whitespace normalisation.",Application for renewal of Commercial Agency,طلب تجديد قيد وكالة تجارية,Ministry of Commerce,وزارة التجارة,Merchant · commercial agencies · Business sector,التاجر · الوكالات التجارية · قطاع الأعمال,"An electronic service provided by the Ministry of Commerce, which allows the beneficiaries of the continuation of the agent or distributor in his tasks entrusted to him by foreign companies or Saudi companies, electronically without the need to visit the branches of the Ministry.",خدمة إلكترونية تقدمها وزارة التجارة، تتيح للمستفيدين من استمرار الوكيل أو الموزع في مهامه الموكلة إليه من الشركات الأجنبية أو الشركات السعودية، إلكترونيًا دون الحاجة إلى مراجعة فروع الوزارة.,,,"- A letter from the foreign principal stating the renewal of the contract based on what was mentioned in the contract concluded between the two parties. The letter is certified by the Ministry of Foreign Affairs in the client's country and the Saudi Embassy in the client's country.
- A letter from the Saudi principal stating the renewal of the contract based on what was mentioned in the contract concluded between the two parties, and the letter is endorsed by the Chamber of Commerce and Industry in the Kingdom.","- خطاب من الموكل الأجنبي يفيد بتجديد العقد بناءً على ما ذكر في العقد المبرم بين الطرفين و يتم تصديق الخطاب من وزارة الخارجية ببلد الموكل والسفارة السعودية في بلد الموكل أو تصديق ابوستيل.
- خطاب من الموكل السعودي يفيد بتجديد العقد بناء على ما ذكر في العقد المبرم بين الطرفين ويصادق على الخطاب من الغرفة التجارية الصناعية بالمملكة.","- A letter from the foreign principal stating the renewal of the contract if the (principal is a foreigner).
- A letter from the Saudi principal stating the renewal of the contract if it is between (two Saudi parties).","- خطاب من الموكل الأجنبي يفيد بتجديد العقد اذا كان (الموكل أجنبي).
- خطاب من الموكل السعودي يفيد بتجديد العقد اذا كان بين (طرفيين سعوديين).","- Click on the Start Service icon
- Log in to the account (username and password) or via national access.
- Select to renew a commercial agency and click on the (renew icon) in the commercial agency renewal shown below.
- Fill in the required data and attach the necessary documents.
- Acknowledgement and pledge and click on the ""Send"" icon
- The request is studied by the ministry employee.
- After the employee accepts the request, a notification is sent by text message including the acceptance of the request.
- Print the commercial agency renewal certificate electronically.","- الضغط على ايقونة أبدأ الخدمة
- الدخول على الحساب (اسم المستخدم وكلمة المرور ) أو عبر النفاذ الوطني.
- اختيار تجديد وكالة تجارية والضغط على (ايقونة تجديد) في تجديد وكالة تجارية الظاهرة بالأسفل.
- تعبئة البيانات المطلوبة وإرفاق المستندات اللازمة.
- الإقرار والتعهد والضغط على أيقونة ""إرسال""
- يتم دراسة الطلب من قبل موظف الوزارة.
- بعد قبول الطلب من قبل الموظف يتم ارسال إشعار برسالة نصية متضمن قبول الطلب.
- طباعة شهادة تجديد وكالة تجارية إلكترونياً.",Free,مجانية,1 days,يوم عمل,Merchant,التاجر,Arabic,العربية,https://mc.gov.sa/en/eservices/Pages/ServiceDetails.aspx?sID=43,https://mc.gov.sa/ar/eservices/Pages/ServiceDetails.aspx?sID=43,16 Sep 2026,04 ربيع الثاني 1448,"{""page_tags"": {""ar"": [""التاجر"", ""الوكالات التجارية"", ""قطاع الأعمال""], ""en"": [""Merchant"", ""commercial agencies"", ""Business sector""]}}"
mc-44,official_web_page,mc.gov.sa,verified_official_capture,2026-09-30T10:17:10.536Z,2026-09-30,"1900, cs@mc.gov.sa",Online (Ministry of Commerce / Saudi Business Center e-services),44,ar:ece5161b6c7e6900c85882b2412c021944eb2f61be5bd1a2794141893897c6de;en:1b5b0e69ab77bce071c13217188429862ca845148579d9e6447b76c909399746,"Captured from the official Ministry of Commerce e-services catalogue (service-detail pages, English and Arabic). Text is stored verbatim apart from Unicode/whitespace normalisation.",Application for writing off a commercial agency by the agent,طلب شطب قيد وكالة تجارية من قبل الوكيل,Ministry of Commerce,وزارة التجارة,Merchant · commercial agencies · Business sector,التاجر · الوكالات التجارية · قطاع الأعمال,"An electronic service provided by the Ministry of Commerce, which allows beneficiaries, whether you are an agent or a distributor, to submit a request to stop practicing the activity of commercial agencies for Saudi or foreign companies and delete the agency from the registration of commercial agencies, electronically without the need to visit the Ministry's branches.",خدمة إلكترونية تقدمها وزارة التجارة، تتيح للمستفيدين سواء كنت وكيل أو موزع من تقديم طلب التوقف عن ممارسة نشاط الوكالات التجارية عن الشركات السعودية أو الأجنبية وشطب الوكالة من قيد الوكالات التجارية، إلكترونيًا دون الحاجة إلى مراجعة فروع الوزارة.,,,"- Submission of a letter on the publications of the Saudi agent stating the cancellation of the commercial agency, approved by the Chamber of Commerce.",- تقديم خطاب على مطبوعات الوكيل السعودي يفيد فيه بشطب الوكالة التجارية مصادق عليه من الغرفة التجارية .,- Submitting a letter to the Saudi agent’s publications.,- تقديم خطاب على مطبوعات الوكيل السعودي.,"- Click on the Start Service icon
- Log in to the account (username and password) or via national access.
- Choose to cancel a commercial agency and click on (cancel icon) shown below.
- Fill in the required data and attach the necessary documents.
- Acknowledgement and pledge and click on the ""Send"" icon.
- The request is studied by a ministry employee.
- After the employee accepts the request, a notification is sent by text message including the acceptance of the request.
- Print a commercial agency cancellation certificate electronically.","- الضغط على ايقونة أبدأ الخدمة
- الدخول على الحساب (اسم المستخدم وكلمة المرور ) أو عبر النفاذ الوطني.
- اختيار شطب وكالة تجارية والضغط على (ايقونة شطب) الظاهرة بالأسفل.
- تعبئة البيانات المطلوبة وإرفاق المستندات اللازمة.
- الإقرار والتعهد والضغط على أيقونة """"إرسال"""".
- يتم دراسة الطلب من قبل موظف الوزارة.
- بعد قبول الطلب من قبل الموظف يتم ارسال إشعار برسالة نصية متضمن قبول الطلب.
- طباعة شهادة شطب وكالة تجارية إلكترونياً.",Free,مجانية,1 days,يوم عمل,Merchant,التاجر,Arabic,العربية,https://mc.gov.sa/en/eservices/Pages/ServiceDetails.aspx?sID=44,https://mc.gov.sa/ar/eservices/Pages/ServiceDetails.aspx?sID=44,16 Sep 2026,04 ربيع الثاني 1448,"{""page_tags"": {""ar"": [""التاجر"", ""الوكالات التجارية"", ""قطاع الأعمال""], ""en"": [""Merchant"", ""commercial agencies"", ""Business sector""]}}"
mc-46,official_web_page,mc.gov.sa,verified_official_capture,2026-09-30T10:09:51.507Z,2026-09-30,"1900, cs@mc.gov.sa",Online (Ministry of Commerce / Saudi Business Center e-services),46,ar:4381fdcfb7ce28cc1dd03960061780678c6ff66831f77567d55d4177199ae8b6;en:3b61151f5b9d175e76a3139ae449fa3e977bb90d90d39b2ff6210e1ef1083035,"Captured from the official Ministry of Commerce e-services catalogue (service-detail pages, English and Arabic). Text is stored verbatim apart from Unicode/whitespace normalisation.",Sales Licensing,تراخيص التخفيضات,Ministry of Commerce,وزارة التجارة,Merchant · Commercial Register · Business sector,التاجر · تراخيص التخفيضات · قطاع الأعمال,"An electronic service provided by the Ministry of Commerce, which enables beneficiaries to obtain a sales license, allowing them to lower the prices of goods in affiliated stores electronically, without visiting the Ministry branches.",خدمة إلكترونية تقدمها وزارة التجارة، تتيح للمستفيدين من اصدار ترخيص تخفيضات يتيح من خلاله تخفيض أسعار السلع المعروضة في المتاجر التابعة، إلكترونيًا دون الحاجة إلى مراجعة فروع الوزارة.,,,- The trader must own (commercial registry/commercial agency/trademark) and be registered with the Ministry.,- ان يمتلك التاجر (سجل تجاري/وكالة تجارية/علامة تجارية) وان تكون مسجلة بالوزارة.,"- Attach a list of discounted products
- Attach the price list before and after the sale
- The percentage of the discounted products shall not be less than (50%).","- إرفاق قائمة بالمنتجات المخفضة
- إرفاق قائمة الأسعار قبل وبعد التخفيض
- أن لا تقل نسبة المنتجات المخفضة عن (50%)","- Click on Start Service.
- Log in to the electronic discounts system
- Log in to the account (username and password) or log in via National Access
- Click on the ""Discounts and Promotions Service"" icon
- Click on the ""Discounts Service"" option and then ""Request a Discount""
- Fill in the required fields and click on the ""Submit Request"" icon
- The bill is paid through various payment channels. For more information about the Sadad service click here
- Click on the ""Search"" icon and then enter random invoices for the products selected from the system.
- Print the license electronically without the need to visit the ministry branches.","- الضغط على ابدأ الخدمة.
- الدخول الى نظام التخفيضات الإلكتروني
- الدخول إلى الحساب (اسم المستخدم وكلمة المرور) او تسجيل الدخول عبر نفاذ الوطني
- الضغط على أيقونة """"خدمة التخفيضات والعروض الترويجية""""
- الضغط على خيار """"خدمة التخفيضات"""" ومن ثم """"طلب تخفيض""""
- تعبئة الحقول المطلوبة والضغط على أيقونة """"إرسال الطلب""""
- يتم سداد الفاتورة عبر قنوات السداد المختلفة. ولمزيد من المعلومات عن خدمة سداد اضغط هنا
- الضغط على أيقونة """"بحث"""" ومن ثم إدخال الفواتير العشوائية للمنتجات المختارة من النظام.
- طباعة الترخيص إلكترونيًا دون الحاجة إلى مراجعة فروع الوزارة.",300 per shop,"300
لكل محل",Immediate,فوري,Merchant,التاجر,Arabic,العربية,https://mc.gov.sa/en/eservices/Pages/ServiceDetails.aspx?sID=46,https://mc.gov.sa/ar/eservices/Pages/ServiceDetails.aspx?sID=46,16 Sep 2026,04 ربيع الثاني 1448,"{""page_tags"": {""ar"": [""التاجر"", ""تراخيص التخفيضات"", ""قطاع الأعمال""], ""en"": [""Merchant"", ""Commercial Register"", ""Business sector""]}}"
mc-47,official_web_page,mc.gov.sa,verified_official_capture,2026-09-30T10:21:13.636Z,2026-09-30,"1900, cs@mc.gov.sa",Online (Ministry of Commerce / Saudi Business Center e-services),47,ar:9a50115a0cf8889e1ac2b479e505d6dd412523f35a40f1942a4e5fc32760a982;en:243b279b6b0beb34442033fa6f88366e689727b50f1015112d63b578ecd0367a,"Captured from the official Ministry of Commerce e-services catalogue (service-detail pages, English and Arabic). Text is stored verbatim apart from Unicode/whitespace normalisation.",Issuing a professional license,إصدار ترخيص مهنة استشارية,Ministry of Commerce,وزارة التجارة,Merchant · Consulting professions · Business sector,التاجر · المهن الإستشارية · قطاع الأعمال,"An electronic service provided by the Ministry of Commerce, which enables individuals to acquire a license for freelance consulting across various fields. The license category—practitioner, specialist, or expert—is determined by the applicant's academic qualifications and practical experience. This process can be completed electronically, eliminating the need to visit the Ministry branches.",خدمة إلكترونية تقدمها وزارة التجارة، تتيح للمستفيدين من الحصول على ترخيص لممارسة مهنة الاستشارات الحرة في عدة مجالات بحسب تصنيف فئة الترخيص (ممارس- أخصائي- خبير) وفق المؤهل العلمي والخبرة العملية للمتقدم، إلكترونيًا دون الحاجة إلى مراجعة فروع الوزارة.,,,"- The applicant must be a Saudi national, or a citizen of the Cooperation Council for the Arab States of the Gulf.
- To be unrelated to a job in the government sector.
- He must have at least a bachelor’s degree from a recognized university or college in the Kingdom, or any other certificate from outside the Kingdom equivalent to the Ministry of Education.
- That the academic qualification be related to the profession he wishes to obtain a license to practice.
- The practical experience must be documented in the Social Insurance or the Ministry of Human Resources and Social Development and compatible with the educational qualification and related to the profession he wishes to obtain a license to practice, with an experience certificate from the entity proving the practical experience and the job title in Arabic.
- To have the necessary number of points for professional licensing according to academic qualification and practical experience.
- The license is valid for 3 years and may be renewed for similar periods based on a request from the licensee, which he submits at least 60 days before the expiration of the license period.
- Licenses are classified into three categories: (practitioner - specialist - expert) according to the applicant's educational qualification and practical experience.
- To view the table of points and categories for professional licenses click here","- أن يكون صاحب الطلب سعودي الجنسية، أو من مواطني دول مجلس التعاون لدول الخليج العربية.
- ألا يكون موظفًا حكوميًا.
- أن يكون حاصلًا على درجة البكالوريوس -على الأقل- من جامعة أو كلية معترف بها في المملكة، أو أي شهادة أخرى من خارج المملكة معادلة من وزارة التعليم، وفي حال كانت شهادة المؤهل العلمي من داخل المملكة باللغة الإنجليزية فيتوجب ترجمتها من مكتب ترجمة معتمد.
- أن يكون المؤهل العلمي مرتبطًا بالمهنة التي يرغب في استخراج ترخيص مزاولتها.
- وجود خبرة عملية موثقة في التأمينات الاجتماعية أو وزارة الموارد البشرية والتنمية الاجتماعية، ومتوافقة مع المؤهل العلمي، ومرتبطة بالمهنة التي يرغب في استخراج ترخيص مزاولتها، مع شهادة خبرة من الجهة تثبت الخبرة العملية والمسمى الوظيفي باللغة العربية.
- توافر العدد اللازم من النقاط لإصدار الترخيص المهني، حسب المؤهل العلمي والخبرة العملية.
- ملاحظات: - تُصنف التراخيص إلى ثلاث فئات: (ممارس، أخصائي، خبير) وفق المؤهل العلمي والخبرة العملية للمتقدم
- - يسري الترخيص لمدة 3 سنوات.
- - قائمة المهن الحرة التي تصدر من قبل وزارة التجارة:
- 1. الاستشارات الكيميائية.
- 2. الاستشارات التعليمية والتربوية.","- (Certificate from Social Insurance or Masar Service (Ministry of Human Resources and Social Development)
- Copies of academic certificates
- Pictures of practical experiences","- (شهادة من التأمينات الاجتماعية أو من خدمة مسار (وزارة الموارد البشرية والتنمية الاجتماعية)
- صور من الشهادات العلمية
- صور من الخبرات العملية","- Click on start service.
- Login by username and password, and then enter the mobile number and verification code.
- Click on ""Create New Application"" icon
- Fill in the required information and attach the necessary documents (A certificate of social insurance - academic degrees - practical experience) click on ""Send"", then to be checked and approved by the concerned employee online.
- After the application is accepted by the employee, the license certificate is printed through the website by the customer.","- الدخول على موقع وزارة التجارة -الخدمات الإلكترونية - اختيار خدمة ""إصدار ترخيص مهنة استشارية"".
- الضغط على ابدأ الخدمة.
- تسجيل الدخول من خلال (الجنسية ورقم الجوال والرمز الظاهر في الصورة) أو من خلال الدخول الموحد اسم المستخدم وكلمه المرور.
- الضغط على أيقونة ""إنشاء طلب جديد"".
- تعبئة الحقول المطلوبة وإرفاق المستندات اللازمة (شهادة من التأمينات الاجتماعية أو خدمة مسار (وزارة الموارد البشرية والتنمية الاجتماعية) - الشهادات العلمية - الخبرات العملية).
- الضغط على أيقونة ""إرسال الطلب"".
- يتم التدقيق والموافقة عليه من قبل الموظف إلكترونيًا.
- بعد قبول الطلب من قبل الموظف بالإمكان طباعة شهادة الترخيص إلكترونيًا من قبل العميل من خلال الضغط على أيقونة التراخيص – اختيار أيقونة الإجراء طباعة من خلال الموقع الإلكتروني.",Free,مجانية,1 Working Day,يوم عمل,"Saudi
Gulf","سعودي
خليجي",Arabic,العربية,https://mc.gov.sa/en/eservices/Pages/ServiceDetails.aspx?sID=47,https://mc.gov.sa/ar/eservices/Pages/ServiceDetails.aspx?sID=47,16 Sep 2026,04 ربيع الثاني 1448,"{""page_tags"": {""ar"": [""التاجر"", ""المهن الإستشارية"", ""قطاع الأعمال""], ""en"": [""Merchant"", ""Consulting professions"", ""Business sector""]}}"
mc-48,official_web_page,mc.gov.sa,verified_official_capture,2026-09-30T10:19:01.640Z,2026-09-30,"1900, cs@mc.gov.sa",Online (Ministry of Commerce / Saudi Business Center e-services),48,ar:830c5a715630db097e3ca4b3f57163814fdaa6b1a5c244c11e23d68b764171d6;en:ace05d725e29a9c0ecb58cea5004024c5fe1ca8b530470060ce34b1a59279eca,"Captured from the official Ministry of Commerce e-services catalogue (service-detail pages, English and Arabic). Text is stored verbatim apart from Unicode/whitespace normalisation.",Issuing a branch of professional license,إصدار فرع ترخيص مهنة استشارية,Ministry of Commerce,وزارة التجارة,Merchant · Consulting professions · Business sector,التاجر · المهن الإستشارية · قطاع الأعمال,"An electronic service provided by the Ministry of Commerce, allowing beneficiaries to submit an application for a license to open a branch professional office electronically, without having to visit the Ministry's branches.",خدمة إلكترونية تقدمها وزارة التجارة، تتيح للمستفيدين من تقديم طلب الحصول على ترخيص فتح مكتب مهني فرعي، إلكترونيًا دون الحاجة إلى مراجعة فروع الوزارة.,,,"- The applicant must be a Saudi national, or a citizen of the Cooperation Council for the Arab States of the Gulf.
- Not related to a job in the government sector (civil service system).
- The license must be in a city different from the city of the main license.
- Submit the employment contract concluded between the license holder and the branch manager.
- Submit the academic certificate to the director, provided that the specialization is in the field of licensing.
- Submit an extract from the social insurance or from the Masar service (Ministry of Human Resources and Social Development).
- Submit the personal status card to the director.
- It should not be related to anything other than the work of the office.
- The sub-license category must be similar to the main license category.","- أن يكون صاحب الطلب سعودي الجنسية، أو من مواطني دول مجلس التعاون لدول الخليج العربية.
- أن يكون غيـر مرتبط بوظيفة في القطاع الحكومي (نظام الخدمة المدنية).
- أن يكون الترخيص في مدينة تختلف عن مدينة الترخيص الرئيسي.
- تقديم عقد العمل المُبرم بين صاحب الترخيص ومدير الفرع.
- تقديم الشهادة العلمية للمدير؛ على أن يكون التخصص في مجال الترخيص.
- تقديم مستخرج من التأمينات الاجتماعية أو من خدمة مسار (وزارة الموارد البشرية والتنمية الاجتماعية).
- تقديم بطاقة الأحوال الشخصية للمدير.
- ألا يرتبط بغير عمل المكتب.
- أن يكون فئة الترخيص الفرعي مماثله لفئة الترخيص الرئيسي.","- Attach a work contract between the license holder and the manager in the branch
- Attach an academic certificate for the director, and the specialization is in the field of licensing
- Attach an extract from the Social Insurance or Masar service (Ministry of Human Resources and Social Development)
- Attach the national identity of the director","- ارفاق عقد عمل بين صاحب الترخيص و المدير في الفرع
- ارفاق شهادة علمية للمدير ويكون التخصص في مجال الترخيص
- ارفاق مستخرج من التامينات الاجتماعية او خدمة مسار (وزارة الموارد البشرية والتنمية الاجتماعية)
- ارفاق الهوية الوطنية للمدير","- Click on Start Service.
- Log in to the account (username and password) and then enter the mobile number and verification code.
- Click on the ""Licenses"" icon and submit a request to issue a branch for the professional license.
- Fill in the required fields and attach the necessary documents (a copy of the university certificate - a certificate from social insurance and Masar service (Ministry of Human Resources and Social Development) - the employment contract between the main and branch license holder) and click on the ""Send Request"" icon to be reviewed and approved by the employee electronically.
- After the request is accepted by the employee, the license certificate is printed through the website by the customer.","- الضغط على إبدا الخدمة.
- الدخول إلى الحساب (أسم المستخدم وكلمة المرور) ومن ثم إدخال رقم الجوال ورمز التحقق.
- الضغط على أيقونة """"التراخيص"""" وتقديم طلب إصدار فرع للترخيص المهني.
- تعبئة الحقول المطلوبة وإرفاق المستندات اللازمة (صورة من الشهادة الجامعية - شهادة من التأمينات الاجتماعية و خدمة مسار (وزارة الموارد البشرية والتنمية الاجتماعية) -عقد العمل بين صاحب الترخيص الرئيسي والفرعي) والضغط على أيقونة """"إرسال الطلب"""" ليتم التدقيق و الموافقة عليه من قبل الموظف إلكترونيًا.
- بعد قبول الطلب من قبل الموظف يتم طباعة شهادة الترخيص من خلال الموقع الإلكتروني من قبل العميل",Free,مجانية,1 Working Day,يوم عمل,"Merchant
Professional","التاجر
المهني",Arabic,العربية,https://mc.gov.sa/en/eservices/Pages/ServiceDetails.aspx?sID=48,https://mc.gov.sa/ar/eservices/Pages/ServiceDetails.aspx?sID=48,16 Sep 2026,04 ربيع الثاني 1448,"{""page_tags"": {""ar"": [""التاجر"", ""المهن الإستشارية"", ""قطاع الأعمال""], ""en"": [""Merchant"", ""Consulting professions"", ""Business sector""]}}"
mc-49,official_web_page,mc.gov.sa,verified_official_capture,2026-09-30T10:21:30.223Z,2026-09-30,"1900, cs@mc.gov.sa",Online (Ministry of Commerce / Saudi Business Center e-services),49,ar:2959b46a68318f926cb433f7919af566f9a22b62ff336443844095a9a587b037;en:3418f4b1233d10952a96b142b997d39f332fd31195972713972b912f737cea9e,"Captured from the official Ministry of Commerce e-services catalogue (service-detail pages, English and Arabic). Text is stored verbatim apart from Unicode/whitespace normalisation.",Renew license,تجديد ترخيص مهنة استشارية,Ministry of Commerce,وزارة التجارة,Merchant · Consulting professions · Business sector,التاجر · المهن الإستشارية · قطاع الأعمال,"An electronic service provided by the Ministry of Commerce, allowing beneficiaries to renew their professional licenses to continue practicing their profession electronically without having to visit the Ministry's branches.
Note:
Licenses issued before 1435 must be updated through the digital branch or by visiting one of the branches of the Ministry of Commerce to update the professional office data and make it possible to submit a renewal request electronically.",خدمة إلكترونية تقدمها وزارة التجارة، تتيح للمستفيدين من تجديد الترخيص المهني للاستمرار في مزاولة مهنة حرة، إلكترونيًا دون الحاجة إلى مراجعة فروع الوزارة.,,,- Submit a renewal application at least 60 days before the expiry of the license if you wish to renew the license for a period of 3 years.,"- تقديم طلب تجديد قبل انتهاء مدة الترخيص بـ 60 يومًا على الأقل عند الرغبة بتجديد الترخيص لمدة 3 سنوات.
- أن يكون غيـر مرتبط بوظيفة في القطاع الحكومي (نظام الخدمة المدنية).
- أن تكون حالة الترخيص منتهي أو قبل انتهاء مدة الترخيص بـ 60 يومًا.
- التراخيص المصدرة قبل عام 1435 هـ يتم تحديث بيانات المكتب المهني عن طريق مراجعة أحد فروع الوزارة، وتمكين العميل من التجديد إلكترونيًا بعد ذلك.",- There is no,- لا يوجد,"- Click on start service.
- Login by username and password and then enter the mobile number and verification code.
- Click on ""Licenses"" icon and submit a renewal request for the expired license.
- Fill in the required information and click on ""Send"", then to be checked and approved by the concerned employee online.
- After the application is accepted by the employee, the renewed license certificate is printed through the website by the customer.","- الدخول على الموقع الإلكتروني لوزارة التجارة.
- اختيار خدمة تجديد ترخيص مهنة استشارية، والضغط على ابدأ الخدمة.
- تسجيل الدخول من خلال (الجنسية، ورقم الجوال، والرمز الظاهر في الصورة) أو من خلال الدخول الموحد (اسم المستخدم وكلمه المرور).
- الضغط على أيقونة ""التراخيص"" وتقديم طلب (تجديد للترخيص المنتهي).
- تعبئة الحقول المطلوبة.
- الضغط على أيقونة ""إرسال الطلب"" ليتم التدقيق والموافقة عليه من قبل الموظف إلكترونيًا.
- بعد قبول الطلب من قبل الموظف بالإمكان طباعة شهادة الترخيص إلكترونيًا من قبل العميل من خلال الضغط على أيقونة التراخيص – اختيار أيقونة إجراء ""طباعة"" من خلال الموقع الإلكتروني.
- ملاحظة: ""التراخيص المصدرة قبل عام 1435 هـ يتم تحديث بيانات المكتب المهني عن طريق مراجعة أحد فروع الوزارة، وتمكين العميل من التجديد أو التعديل أو الشطب إلكترونيًا بعد ذلك.""",Free,مجانية,1 Working Day,يوم عمل,"Saudi
Gulf","سعودي
خليجي",Arabic,العربية,https://mc.gov.sa/en/eservices/Pages/ServiceDetails.aspx?sID=49,https://mc.gov.sa/ar/eservices/Pages/ServiceDetails.aspx?sID=49,16 Sep 2026,04 ربيع الثاني 1448,"{""page_tags"": {""ar"": [""التاجر"", ""المهن الإستشارية"", ""قطاع الأعمال""], ""en"": [""Merchant"", ""Consulting professions"", ""Business sector""]}}"
mc-50,official_web_page,mc.gov.sa,verified_official_capture,2026-09-30T10:22:10.133Z,2026-09-30,"1900, cs@mc.gov.sa",Online (Ministry of Commerce / Saudi Business Center e-services),50,ar:2ecfd89ecfba2cd5ae0774f46eadfce6b708715d8731dd28010c62dbec1f5568;en:ac52fa27d8bdc8579d31682335e44963e4252b3744fbdaa7f4d464edce984114,"Captured from the official Ministry of Commerce e-services catalogue (service-detail pages, English and Arabic). Text is stored verbatim apart from Unicode/whitespace normalisation.",Amending the professional licenses,تعديل ترخيص مهنة استشارية,Ministry of Commerce,وزارة التجارة,Merchant · Consulting professions · Business sector,التاجر · المهن الإستشارية · قطاع الأعمال,"An electronic service provided by the Ministry of Commerce, allowing beneficiaries to amend data recorded in professional licenses issued after 1435 AH. Licenses issued before that date require visiting one of the Ministry's branches to update the professional office data and submit a request to amend it electronically.",خدمة إلكترونية تقدمها وزارة التجارة، تتيح للمستفيدين من تعديل البيانات المسجلة في الترخيص المهني للتراخيص المصدرة بعد عام 1435هـ، أما التراخيص المصدرة قبل ذلك فتتطلب مراجعة أحد فروع الوزارة لتحديث بيانات المكتب المهني وإمكانية تقديم طلب تعديلها إلكترونيًا بعد ذلك.,,,"- If the license status is valid
- The professional office data will be updated via the digital branch or by visiting one of the ministry's branches, enabling the customer to make the changes electronically.","- أن تكون حالة الترخيص (ساري).
- التراخيص المُصدرة قبل عام 1435 هـ يتم تحديث بيانات المكتب المهني عن طريق مراجعة أحد فروع الوزارة، وتمكين العميل من التعديل إلكترونيًا بعد ذلك.",- There is no,- لا يوجد,"- Login to the service.
- Login to by username and password, then enter the mobile number and verification code.
- Click on ""Licenses"" icon and submit an application for license amendment.
- Fill in the required information and click on “Send"", then to be checked and approved by the concerned employee online.
- After the application is accepted by the employee, the amended license certificate is printed through the website by the customer.","- الدخول إلى الموقع الإلكتروني لوزارة التجارة -الخدمات الإلكترونية - اختيار خدمة ""تعديل ترخيص مهنة استشارية"".
- الضغط على ابدأ الخدمة.
- تسجيل الدخول من خلال (الجنسية، ورقم الجوال، والرمز الظاهر في الصورة) أو من خلال الدخول الموحد (اسم المستخدم وكلمه المرور).
- الضغط على أيقونة ""التراخيص"" والضغط على إجراء ""تعديل"".
- تعبئة الحقول المطلوبة والضغط على أيقونة (إرسال الطلب) ليتم التدقيق والموافقة عليه من قبل الموظف إلكترونيًا.
- بعد قبول الطلب من قبل الموظف، بالإمكان طباعة شهادة الترخيص المعدلة إلكترونيًا من قبل العميل من خلال الضغط على أيقونة التراخيص – اختيار أيقونة الإجراء ""طباعة"" من خلال الموقع الإلكتروني.
- ملاحظة: التراخيص المصدرة قبل عام 1435 هـ يتم تحديثها عن طريق مراجعة أحد فروع الوزارة، وتمكين العميل من تعديل الترخيص إلكترونيًا بعد ذلك.",Free,مجانية,1 Working Day,يوم عمل,"Saudi
Gulf","سعودي
خليجي",Arabic,العربية,https://mc.gov.sa/en/eservices/Pages/ServiceDetails.aspx?sID=50,https://mc.gov.sa/ar/eservices/Pages/ServiceDetails.aspx?sID=50,16 Sep 2026,04 ربيع الثاني 1448,"{""page_tags"": {""ar"": [""التاجر"", ""المهن الإستشارية"", ""قطاع الأعمال""], ""en"": [""Merchant"", ""Consulting professions"", ""Business sector""]}}"
mc-51,official_web_page,mc.gov.sa,verified_official_capture,2026-09-30T10:22:20.313Z,2026-09-30,"1900, cs@mc.gov.sa",Online (Ministry of Commerce / Saudi Business Center e-services),51,ar:c72c4da633aa47c9cb0107580f357480802cd535e0de4f012bb47aabd0c042fb;en:5080ce5a05895f574aaca944e38970a38a019185d62946856b68ed35de14ad78,"Captured from the official Ministry of Commerce e-services catalogue (service-detail pages, English and Arabic). Text is stored verbatim apart from Unicode/whitespace normalisation.",Cancellation of professional licenses,إلغاء ترخيص مهنة استشارية,Ministry of Commerce,وزارة التجارة,Consulting professions,المهن الإستشارية,"An electronic service provided by the Ministry of Commerce, allowing beneficiaries to cancel or revoke professional licenses electronically, without having to visit the Ministry's branches.",خدمة إلكترونية تقدمها وزارة التجارة، تتيح للمستفيدين من شطب وإلغاء الترخيص المهني، إلكترونيًا دون الحاجة إلى مراجعة فروع الوزارة.,,,"- The license must not be suspended by the Ministry.
- If the main license is cancelled, the sub-license will also be cancelled.","- ألا يكون الترخيص موقوف من قبل الوزارة.
- في حال تم شطب الترخيص الرئيسي سيتم تبعًا لذلك شطب الترخيص الفرعي.",- There is no,- لا يوجد,"- Log in to the Ministry of Commerce website
- Electronic services - choose the service of canceling a freelance license
- Click on Start service.
- Log in to the account (username and password) and then enter the mobile number and verification code.
- Click on the ""Licenses"" icon and click on the procedure to cancel the license.
- Fill in the required fields and click on the ""Submit request"" icon
- It is reviewed and approved by the employee electronically
- The ability to print the license cancellation certificate electronically - Click on the licenses icon - Choose the procedure icon Choose to print through the website.","- الدخول إلى موقع وزارة التجارة الإلكتروني- الخدمات الإلكترونية - اختيار خدمة ""إلغاء ترخيص مهنة استشارية"".
- الضغط على ابدأ الخدمة.
- تسجيل الدخول من خلال (الجنسية، ورقم الجوال، والرمز الظاهر في الصورة) أو من خلال الدخول الموحد (اسم المستخدم وكلمه المرور).
- الضغط على أيقونة"" تراخيص"" والضغط على إجراء ""شطب"".
- تعبئة الحقول المطلوبة والضغط على أيقونة ""موافق"".
- يتم التدقيق والموافقة عليه من قبل الموظف إلكترونيًا.
- بعد قبول الطلب من قبل الموظف بالإمكان طباعة شهادة شطب الترخيص إلكترونيًا من خلال الضغط على أيقونة التراخيص – اختيار أيقونة إجراء ""طباعة "" من خلال الموقع الإلكتروني من قبل العميل.
- ملاحظة: التراخيص المصدرة قبل عام 1435 هـ يتم تحديثها عن طريق مراجعة أحد فروع الوزارة، وتمكين العميل من إلغاء الترخيص إلكترونيًا بعد ذلك.",Free,مجانية,1 Working Day,يوم عمل,"Saudi
Gulf","سعودي
خليجي",Arabic,العربية,https://mc.gov.sa/en/eservices/Pages/ServiceDetails.aspx?sID=51,https://mc.gov.sa/ar/eservices/Pages/ServiceDetails.aspx?sID=51,16 Sep 2026,04 ربيع الثاني 1448,"{""page_tags"": {""ar"": [""المهن الإستشارية""], ""en"": [""Consulting professions""]}}"
mc-52,official_web_page,mc.gov.sa,verified_official_capture,2026-09-30T10:14:38.488Z,2026-09-30,"1900, cs@mc.gov.sa",Online (Ministry of Commerce / Saudi Business Center e-services),52,ar:95aa33c529eda9cfe52b003b2db2c73b1e649af68cccc94b9490a9994e5e1955;en:e8c740d2be771bea7c519ac67c49521f20ee783702c8a34c441a512338a80b8b,"Captured from the official Ministry of Commerce e-services catalogue (service-detail pages, English and Arabic). Text is stored verbatim apart from Unicode/whitespace normalisation.",Transformation from an establishment to a company,التحول من مؤسسة فردية إلى شركة,Ministry of Commerce,وزارة التجارة,Merchant · Companies · business sector,التاجر · الشركات · قطاع الأعمال,An electronic service provided by the Ministry of Commerce through the Saudi Business Center platform that allows beneficiaries to convert an establishment into a company without having to visit service centers.,خدمة إلكترونية تقدمها وزارة التجارة عبر منصة المركز السعودي للأعمال، تتيح للمستفيدين تحويل المؤسسة إلى شركة، دون الحاجة إلى زيارة مراكز الخدمة.,,,"- The existence of a legal document, if one of the partners is a government entity, entitling them to establish a company or participate in one.
- The existence of a license or preliminary approval from the Saudi Central Bank, if the activity requires it.
- The commercial registration must be active.
- The commercial registration must not be cancelled or suspended, if one of the partners is a legal partner.
- The applicant must be at least 18 years old. If the partner is a minor, a guardianship deed must be submitted.
- The applicant must not be a government employee.
- The existence of a waiver decision from the owner of the establishment, if the applicant is not a partner in the establishment.
- The applicant must be the owner of the establishment or have an electronic authorization from him.
- The following must be verified if the establishment is a professional establishment: - The partners must have a valid professional license. - The percentage of licensed Saudi partners in the joint-stock establishment must not be less than 25%. - The percentage of licensed partners must not be less than 70%.""
- In the event of a foreign partner, a valid investment registration certificate from the Ministry of Investment must be attached.","- وجود سند نظامي في حال كان أحد الشركاء جهة حكومية؛ يخوله الحق لتأسيس شركة أو المشاركة في شركة.
- وجود ترخيص أو موافقة مبدئية من البنك المركزي السعودي في حال كان النشاط يتطلب ذلك.
- أن يكون السجل التجاري نشطًا.
- ألا يكون السجل التجاري مشطوبًا أو معلقًا، في حال كان أحد الشركاء شريكًا اعتباريًا.
- ألا يقل العمر عن 18 سنة، وإذا كان الشريك قاصرًا دون سن البلوغ يتم تقديم صك الولاية.
- ألا يكون موظفًا حكوميًا.
- وجود قرار تنازل من مالك المؤسسة في حال لم يكن شريكًا في الشركة.
- أن يكون مقدم الطلب مالكًا للمؤسسة أو مفوضًا عنه تفويضًا إلكترونيًا.
- التحقق من الآتي في حال كانت صفة الشركة (مهنية): - وجود رخصة مهنية سارية المفعول للشركاء. - ألا تقل نسبة الشريك السعودي المرخص في الشركة المختلطة عن 25%. - ألا تقل نسبة الشركاء المرخصين عن 70%.
- في حال وجود شريك أجنبي يتم ارفاق شهادة استثمار سارية المفعول من وزارة الاستثمار","- Existence of a legal document in the event that one of the partners is a government agency, a civil institution, a charitable association, or an endowment; To give him the right to establish a company or participate in a company.
- The existence of a license from the Central Bank of Saudi Arabia, if the activity requires it.
- Having a professional license if the company is professional.
- A valid investment registration certificate is required if there is a foreign partner.","- وجود سند نظامي في حال كان أحد الشركاء جهة حكومية، أو مؤسسة أهلية، أو جمعية خيرية، أو وقفًا؛ ليخوله حق تأسيس شركة أو المشاركة في شركة.
- وجود ترخيص من البنك المركزي السعودي في حال كان النشاط يتطلب ذلك.
- وجود ترخص مهني في حال كانت الشركة مهنية.
- وجود شهادة تسجيل استثمار سارية المفعول في حال وجود شريك أجنبي","- Log in to the Saudi Business Center platform.
- Select the service to convert from a sole proprietorship to a company.
- Click ""Start Service.""
- Specify the number of partners.
- Specify the company's status (optional).
- Apply for the service.
- Registration period, company headquarters, activities, and purposes.
- Partner information.
- Commercial registration information.
- Company information.
- Company management information.
- Company contract information.
- Request summary.","- الدخول على منصة المركز السعودي للأعمال.
- اختيار خدمة تحول من مؤسسة فردية إلى شركة
- اضغط على ابدا الخدمة
- تحديد عدد الشركاء
- تحديد صفة الشركة (اختياري)
- التقديم على الخدمة
- مدة السجل و مقر و أنشطة وأغراض الشركة
- بيانات الشركاء
- بيانات السجل التجاري
- بيانات الشركة
- بيانات إدارة الشركة
- بيانات عقد الشركة
- ملخص الطلب","1,600 for a joint-stock company or simplified joint-stock company
1,200 for a limited liability company
1,000 for a general partnership or limited partnership
500 for publication fees
15% VAT","1600
لشركة مساهمة، مساهمة مبسطة
1200
لشركة ذات مسؤولية محدودة
1000
لشركة تضامنية، توصية بسيطة
500
لرسوم النشر
15% ضريبة القيمة المضافة",Within 72 hours,خلال 72 ساعة,Merchant,التاجر,Arabic and English,العربية والانجليزية,https://mc.gov.sa/en/eservices/Pages/ServiceDetails.aspx?sID=52,https://mc.gov.sa/ar/eservices/Pages/ServiceDetails.aspx?sID=52,16 Sep 2026,04 ربيع الثاني 1448,"{""page_tags"": {""ar"": [""التاجر"", ""الشركات"", ""قطاع الأعمال""], ""en"": [""Merchant"", ""Companies"", ""business sector""]}}"
mc-55,official_web_page,mc.gov.sa,verified_official_capture,2026-09-30T10:21:03.303Z,2026-09-30,"1900, cs@mc.gov.sa",Online (Ministry of Commerce / Saudi Business Center e-services),55,ar:1c444f3d0679b09350d98b0ca1bf2b9c487a98015f11b1a9cdfc4b5fbd83a663;en:7d45fdc4d4f0d88415067e91b2c6a9950c64bebacebad15c84a44d74263cfebc,"Captured from the official Ministry of Commerce e-services catalogue (service-detail pages, English and Arabic). Text is stored verbatim apart from Unicode/whitespace normalisation.",Receiving a Commercial Complaint,إستقبال بلاغ تجاري,Ministry of Commerce,وزارة التجارة,consumer · Commercial Fraud · commercial report,المستهلك · الغش التجاري · بلاغ تجاري,"An electronic service provided by the Ministry of Commerce, which enables beneficiaries to submit a commercial report, inquire about it, and track its status online, eliminating the need to visit the Ministry branches.",خدمة إلكترونية تقدمها وزارة التجارة، تتيح للمستفيدين تقديم بلاغ تجاري - والاستعلام - ومتابعة حالة البلاغ . إلكترونيًا دون الحاجة إلى مراجعة فروع الوزارة.,,,- Attach the documents required for the report,- ارفاق المسنتدات المطلوبة للبلاغ,- There is no,- لا يوجد,"- Click on start the service.
- Download the commercial report application.
- Log in via National Access.
- Choose a new report.
- Determine the type of report if it is an online store or a commercial store.
- If the report is on an online store, it will be determined whether it is reliable on the Saudi Business Center platform or if the store has a commercial register.
- Determine the type of violation.
- Fill in the establishment data.
- Fill out the description of the report and the name of the item.
- Attach the required documents according to the type of report.
- Approval and acknowledgment.
- Choose to submit a report.","- الضغط على إبدأ الخدمة.
- تحميل تطبيق بلاغ تجاري.
- تسجيل الدخول عبر نفاذ الوطني.
- اختيار بلاغ جديد .
- تحديد نوع البلاغ اذا كان متجر الكتروني او محل تجاري.
- في حال كان البلاغ على متجر الكتروني يتم تحديد اذا كان موثوق في منصة المركز السعودي للاعمال او لدى المتجر سجل تجاري.
- تحديد نوع المخالفة.
- تعبئة بيانات المنشأة.
- تعبئة وصف البلاغ واسم السلعة .
- ارفاق المستندات المطلوبة حسب نوع البلاغ.
- الموافقة والاقرار.
- اختيار تقديم بلاغ.",Free,مجانية,7 working days,7 أيام عمل,Consumer,المستهلك,Arabic and English,العربية والانجليزية,https://mc.gov.sa/en/eservices/Pages/ServiceDetails.aspx?sID=55,https://mc.gov.sa/ar/eservices/Pages/ServiceDetails.aspx?sID=55,16 Sep 2026,04 ربيع الثاني 1448,"{""page_tags"": {""ar"": [""المستهلك"", ""الغش التجاري"", ""بلاغ تجاري""], ""en"": [""consumer"", ""Commercial Fraud"", ""commercial report""]}}"
mc-60,official_web_page,mc.gov.sa,verified_official_capture,2026-09-30T10:13:22.118Z,2026-09-30,"1900, cs@mc.gov.sa",Online (Ministry of Commerce / Saudi Business Center e-services),60,ar:a0c7d5f465d458f5c4b2ccc2713e19ffa230758c5a2d13c7466a399a626251f6;en:3230de01c3fd3c11c328e39f48a3dceba5b037b0384d855e20ec5c52eee6663f,"Captured from the official Ministry of Commerce e-services catalogue (service-detail pages, English and Arabic). Text is stored verbatim apart from Unicode/whitespace normalisation.",Issuing Precious Metals and Gemstones Licenses,إصدار تراخيص الأحجار الكريمة والمعادن الثمينة,Ministry of Commerce,وزارة التجارة,Merchant · Precious metals · Business sector,التاجر · المعادن الثمينة · قطاع الأعمال,"An electronic service provided by the Ministry of Commerce, which enables beneficiaries to acquire a license for manufacturing precious metals and gemstones activities electronically, eliminating the need to visit the Ministry branches.",خدمة إلكترونية تقدمها وزارة التجارة، تتيح للمستفيدين من الحصول على ترخيص لمزاولة نشاط صناعة المعادن الثمينة والأحجار الكريمة، إلكترونيًا دون الحاجة إلى مراجعة فروع الوزارة.,,,- A trademark must be registered with the Intellectual Property Authority.,- يجب تسجيل علامة تجارية عن طريق هيئة الفكرية,"- Attach a copy of the owner's national ID
- Attach a copy of the lease contract or a copy of the title deed for the shop
- The one who approved a pledge not to practice the activity (sale - import - manufacturing) of precious metals and precious stones except after obtaining the approval of the competent municipality and the security authority","- ارفاق صورة من الهوية الوطنية للمالك
- ارفاق صورة من عقد الايجار او صورة صك الملكية للمحل
- الموفقة على تعهد عدم ممارسة نشاط ( بيع - استيراد - تصنيع ) المعادن الثمينه والاحجار الكريمة الا بعد الحصول على موافقة البلدية المختصة والجهة الأمنية","- Click on start the service.
- Login to the account (username and password or national access)
- Click on the (Procedures) icon, then (Request a new license)
- Fill in the applicant and establishment data fields.
- Click on the icon to send the request for processing by the competent auditor.
- In the case of the request when (approval of the request), it can be printed by clicking on the options (Print License)
- In the case of a request when (re-ordering to the customer), a response can be made by clicking on the options (order details).","- الضغط على ابدأ الخدمة.
- الدخول الى الحساب (اسم المستخدم و كلمة المرور أو النفاذ الوطني )
- الضغط على أيقونة (الاجراءات) من ثم ( طلب ترخيص جديد )
- تعبئة حقول بيانات مقدم الطلب و بيانات المنشأة .
- الضغط على ايقونة إرسال الطلب لمعالجته من قبل المدقق المختص.
- في حالة الطلب عند ( الموافقة على الطلب ) يمكن طباعته بالضغط على خيارات (طباعة الترخيص)
- في حالة الطلب عند ( إعادة الطلب للعميل ) يمكن الرد بالضغط على خيارات (تفاصيل الطلب)",Free,مجانية,1 Working Day,يوم عمل,Merchant,التاجر,Arabic,العربية,https://mc.gov.sa/en/eservices/Pages/ServiceDetails.aspx?sID=60,https://mc.gov.sa/ar/eservices/Pages/ServiceDetails.aspx?sID=60,16 Sep 2026,04 ربيع الثاني 1448,"{""page_tags"": {""ar"": [""التاجر"", ""المعادن الثمينة"", ""قطاع الأعمال""], ""en"": [""Merchant"", ""Precious metals"", ""Business sector""]}}"
mc-61,official_web_page,mc.gov.sa,verified_official_capture,2026-09-30T10:12:30.727Z,2026-09-30,"1900, cs@mc.gov.sa",Online (Ministry of Commerce / Saudi Business Center e-services),61,ar:64de44c066907747d36b94c16caefcbbc3ea93c68589038464fc5a89789ced7e;en:3e42ea18efd7d31f1782585c9eed07ca7b3d338476a0d9498af814fa57c9317a,"Captured from the official Ministry of Commerce e-services catalogue (service-detail pages, English and Arabic). Text is stored verbatim apart from Unicode/whitespace normalisation.",Updating Beneficiary's Data for Commercial Registration,تحديث بيانات المستفيد للسجل التجاري,Ministry of Commerce,وزارة التجارة,Merchant · Commercial Register · business sector,التاجر · السجل التجاري · قطاع الأعمال,"An electronic service provided by the Ministry of Commerce through the Saudi Business Center platform that enables beneficiaries to identify the natural person who exercises actual and ultimate control over a company, with the aim of achieving transparency in economic and financial transactions, without the need to visit service centers.",خدمة إلكترونية تقدمها وزارة التجارة عبر منصة المركز السعودي للأعمال، تتيح للمستفيدين تحديد هوية الشخص الطبيعي الذي يمارس سيطرة فعلية ونهائية على الشركة، بهدف تحقيق الشفافية في المعاملات الاقتصادية والمالية، دون الحاجة إلى زيارة مراكز الخدمة.,,,"- The age must not be less than 18 years.
- The company must not be in the process of liquidation according to the Bankruptcy Law.
- The applicant must be among the parties registered in the main commercial registration or their representative according to the form of the company's description.
- At least one beneficiary must be registered in the real beneficiary registration if no exemption is added.
- Note: The data of the individual retrieved from the National Information Center cannot be modified, but specific modifications to the beneficiary's data are allowed. The editable data includes: personal data, contact data, and address.","- ألا يقل العمر عن 18 سنة.
- ألا تكون الشركة في طور التصفية وفقًا لنظام الإفلاس.
- أن يكون مقدم الطلب من ضمن الأطراف المسجلين بالسجل التجاري الرئيسي أو من ينوب عنهم حسب شكل وصفة الشركة.
- وجود مستفيد واحد - على الأقل- مسجلًا بسجل المستفيد الحقيقي في حالة عدم إضافة إعفاء.
- ملاحظة: لا يمكن التعديل على بيانات الفرد المسترجعة من مركز المعلومات الوطني، ويُسمح بإجراء تعديلات محددة على بيانات المستفيد، تشمل البيانات القابلة للتعديل: البيانات الشخصية، بيانات الاتصال، العنوان.",- There is no,- لا يوجد,"- Enter the Saudi Business Center platform
- Log in using the website account or the national access","- الدخول إلى منصة المركز السعودي للأعمال
- تسجيل الدخول عن طريق حساب الموقع الإلكتروني أو النفاذ الوطني",Free,مجانية,immediately,فوري,Merchant,التاجر,Arabic and English,العربية والانجليزية,https://mc.gov.sa/en/eservices/Pages/ServiceDetails.aspx?sID=61,https://mc.gov.sa/ar/eservices/Pages/ServiceDetails.aspx?sID=61,16 Sep 2026,04 ربيع الثاني 1448,"{""page_tags"": {""ar"": [""التاجر"", ""السجل التجاري"", ""قطاع الأعمال""], ""en"": [""Merchant"", ""Commercial Register"", ""business sector""]}}"
mc-62,official_web_page,mc.gov.sa,verified_official_capture,2026-09-30T10:15:26.927Z,2026-09-30,"1900, cs@mc.gov.sa",Online (Ministry of Commerce / Saudi Business Center e-services),62,ar:6e96cd90cb02ca1d96802be403472906422446ada46c49c0160a9241aafe8e6c;en:5bca6f2e6eadab31c3c69fe644c27b34b64d394a469320cefd0d33fa3f7b0942,"Captured from the official Ministry of Commerce e-services catalogue (service-detail pages, English and Arabic). Text is stored verbatim apart from Unicode/whitespace normalisation.",unlock the suspension of the commercial register of a sole proprietorship,رفع تعليق السجل التجاري لمؤسسة فردية,Ministry of Commerce,وزارة التجارة,Merchant · Commercial Register · business sector,التاجر · السجل التجاري · قطاع الأعمال,"An electronic service provided by the Ministry of Commerce through the Saudi Business Center platform, which allows beneficiaries to lift the suspension of commercial register of a sole proprietorship, after the expiry of a period of (90) days from the date of the annual confirmation due, without the need to visit service centers.",خدمة إلكترونية تقدمها وزارة التجارة عبر منصة المركز السعودي للأعمال، تتيح للمستفيدين من رفع تعليق السجل التجاري لمؤسسة فردية، بعد انتهاء مهلة (90) يومًا من تاريخ استحقاق التأكيد السنوي، دون الحاجة إلى زيارة مراكز الخدمة.,,,"- The status of the commercial registration must be suspended.
- The applicant must be the owner of the establishment or electronically authorised on their behalf.
- The requirements of the commercial registration data amendment service must be fulfilled, in case of any amendments.","- أن تكون حالة السجل التجاري معلق.
- أن يكون مقدم الطلب مالكًا للمؤسسة أو مفوضًا عنه تفويضًا إلكترونيًا.
- استيفاء اشتراطات خدمة تعديل بيانات السجل التجاري في حال التعديل.","- A valid license is required if the establishment is an association or an endowment.
- A valid investment license for the foreign establishment must be provided, with a duration of no less than 30 days.","- وجود ترخيص ساري المفعول في حال كانت المؤسسة جمعية أو وقفًا.
- وجود ترخيص استثماري ساري المفعول للمؤسسة الأجنبية، بمدة لا تقل عن (30) يومًا.","- Access the platform: Through the National Unified Access or email via the Saudi Business Center platform.
- Select the service: From ""Electronic Services"" > ""Doing Business"" > ""Ministry of Commerce"" > ""Lift the Suspension of the Commercial Register of a Sole Proprietorship,"" then select the commercial register and click ""Continue.""
- Start the application: Review the data, click ""Continue,"" agree to the terms, and then click ""Apply for Service.""
- Update data: Add business activities. - Enter license data. - Amend capital and e-commerce data. - Amend trade name. - Amend national address and contact information. - Amend directors' data.
- Submit the application: Click ""Submit Application.""
- Pay and follow up: Pay the fees, review the application, and print the invoice. - After payment, the suspension of the registration will be successfully lifted.","- الدخول على المنصة: من خلال النفاذ الوطني الموحد أو البريد الإلكتروني عبر منصة المركز السعودي للأعمال.
- اختيار الخدمة: من ""الخدمات الإلكترونية"" > ""ممارسة الأعمال"" > ""وزارة التجارة"" > ""رفع تعليق السجل التجاري لمؤسسة فردية""، ثم تحديد السجل التجاري والضغط على ""استمرار"".
- بدء الطلب: مراجعة البيانات، ثم الضغط على ""استمرار""، والموافقة على الشروط، ثم الضغط على ""التقديم على الخدمة"".
- تحديث البيانات: إضافة الأنشطة التجارية. - إدخال بيانات الترخيص. - تعديل رأس المال وبيانات التجارة الإلكترونية. - تعديل الاسم التجاري. - تعديل العنوان الوطني وبيانات الاتصال. - تعديل بيانات المديرين.
- تقديم الطلب: الضغط على ""تقديم الطلب"".
- الدفع والمتابعة: دفع الرسوم، استعراض الطلب، وطباعة الفاتورة. - بعد الدفع، يتم رفع تعليق السجل بنجاح.",Free,مجانية,immediately,فوري,Merchant,التاجر,Arabic and English,العربية والانجليزية,https://mc.gov.sa/en/eservices/Pages/ServiceDetails.aspx?sID=62,https://mc.gov.sa/ar/eservices/Pages/ServiceDetails.aspx?sID=62,16 Sep 2026,04 ربيع الثاني 1448,"{""page_tags"": {""ar"": [""التاجر"", ""السجل التجاري"", ""قطاع الأعمال""], ""en"": [""Merchant"", ""Commercial Register"", ""business sector""]}}"
mc-63,official_web_page,mc.gov.sa,verified_official_capture,2026-09-30T10:14:47.497Z,2026-09-30,"1900, cs@mc.gov.sa",Online (Ministry of Commerce / Saudi Business Center e-services),63,ar:9845684dc8b3403c476eb567dcd053ba8f54ee09e6668c6f0e49d2e238870233;en:eb6f2d83aba0553111104182a7002a52640bed7326bf7bc33b30531767020b72,"Captured from the official Ministry of Commerce e-services catalogue (service-detail pages, English and Arabic). Text is stored verbatim apart from Unicode/whitespace normalisation.",Issuing import permit for non-hazardous chemicals,إصدار إذن استيراد للمواد الكيميائية الغير خطرة,Ministry of Commerce,وزارة التجارة,Merchant · laboratories · Business sector,التاجر · المختبرات · قطاع الأعمال,"An electronic service provided by the Ministry of Commerce, which allows beneficiaries to electronically obtain an import permit for non-hazardous chemical materials, eliminating the need to visit the Ministry branches.",خدمة إلكترونية تقدمها وزارة التجارة، تتيح للمستفيدين من الحصول على إذن استيراد للمواد الكيميائية الغير خطرة، إلكترونيًا دون الحاجة إلى مراجعة فروع الوزارة.,,,- Updating the commercial register in the new system of CR,- تحديث السجل التجاري في النظام الجديد للسجلات,"- A warehouse license issued by the Civil Defense
- The warehouse keeper is a Saudi national and a specialized chemist
- Attach the technical safety bulletin of the material","- ترخيص مستودع صادر من الدفاع المدني
- تعهد امين المستودع سعودي الجنسية وكيميائي التخصص
- ارفاق نشرة السلامة الفنية للمادة","- Click on Start Service.
- Log in to the system using your username and password or log in with your national access account
- Submit a request to issue an import permit for non-hazardous chemicals via the Fasah platform.
- Fill out the electronic form for the request and then click on the “Send Request” icon to be reviewed and approved by the employee electronically to the General Authority of Customs.","- الضغط على إبدأ الخدمة.
- تسجيل الدخول على النظام عبر اسم المسخدم وكلمة المرور او الدخول بحساب النفاذ الوطني
- تقديم طلب إصدار إذن استيراد للمواد الكيميائية الغير الخطرة عبر منصة فسح.
- تعبئة النموذج الإلكتروني للطلب ومن ثم الضغط على أيقونة """"إرسال الطلب"""" ليتم التدقيق وإرسال الموافقة عليه من قبل الموظف إلكترونيًا إلى الهيئة العامة للجمارك.",Free,مجانية,5 days,5 أيام,Merchant,التاجر,Arabic and English,العربية والانجليزية,https://mc.gov.sa/en/eservices/Pages/ServiceDetails.aspx?sID=63,https://mc.gov.sa/ar/eservices/Pages/ServiceDetails.aspx?sID=63,16 Sep 2026,04 ربيع الثاني 1448,"{""page_tags"": {""ar"": [""التاجر"", ""المختبرات"", ""قطاع الأعمال""], ""en"": [""Merchant"", ""laboratories"", ""Business sector""]}}"
mc-65,official_web_page,mc.gov.sa,verified_official_capture,2026-09-30T10:13:03.391Z,2026-09-30,"1900, cs@mc.gov.sa",Online (Ministry of Commerce / Saudi Business Center e-services),65,ar:edce60a1752af59b9d046ef5d409de14666e8e333e624249cc67fcaaac4cc550;en:1625f7137e956c19405f36daad50b0ed5ffe73415076ad2472fecc37d2f0bc5d,"Captured from the official Ministry of Commerce e-services catalogue (service-detail pages, English and Arabic). Text is stored verbatim apart from Unicode/whitespace normalisation.",Searching the Database for those Licensed to Practice Consulting Professions,بحث في قاعدة معلومات المرخصين للمهن الاستشارية,Ministry of Commerce,وزارة التجارة,Consulting professions,المهن الإستشارية,"An electronic service provided by the Ministry of Commerce that allows beneficiaries to search the database of those licensed to practice consulting professions and view information about the licensee, such as: license type, name of professional office, name of licensee, qualifications, license number, city, region, etc. This helps facilitate access to licensee data electronically without the need to visit the Ministry's branches.",خدمة إلكترونية تقدمها وزارة التجارة، تتيح للمستفيدين البحث في قاعدة بيانات المرخصين لمزاولة المهن الاستشارية، واستعراض معلومات المرخص مثل: نوع الترخيص، اسم المكتب المهني، اسم المرخص، مؤهلاته، رقم الترخيص، المدينة، المنطقة،... مما يساعد في تسهيل الحصول على بيانات المرخصين إلكترونيًا دون الحاجة إلى مراجعة فروع الوزارة.,,,- There is no,- لا يوجد,- There is no,- لا يوجد,"- Log on to the Ministry of Commerce website
- Electronic Services
- Select the search service in the database of licensees for consulting professions
- Click on Start Service.
- Fill in the required fields and click on the “Search” icon
- Results appear according to the entered search criteria","- الدخول على موقع وزارة التجارة الإلكتروني
- الخدمات الإلكترونية
- اختيار خدمة البحث في قاعدة معلومات المرخصين للمهن الاستشارية
- الضغط على إبدا الخدمة.
- تعبئة الحقول المطلوبة والضغط على أيقونة """"بحث""""
- ظهور النتائج وفقًا لمعايير البحث المدخلة",free,مجانية,immediately,فوري,"Consumer
Merchant","المستهلك
التاجر",Arabic,العربية,https://mc.gov.sa/en/eservices/Pages/ServiceDetails.aspx?sID=65,https://mc.gov.sa/ar/eservices/Pages/ServiceDetails.aspx?sID=65,16 Sep 2026,04 ربيع الثاني 1448,"{""page_tags"": {""ar"": [""المهن الإستشارية""], ""en"": [""Consulting professions""]}}"
mc-66,official_web_page,mc.gov.sa,verified_official_capture,2026-09-30T10:11:22.510Z,2026-09-30,"1900, cs@mc.gov.sa",Online (Ministry of Commerce / Saudi Business Center e-services),66,ar:f95e371535529f3436b666607f50eae1e0036a28c70aafb8ca5943ee6e1c5bae;en:779aece3ea7587e1a67197e5501f52d7386222bb31ab0b3a3d8ca8a94a12918f,"Captured from the official Ministry of Commerce e-services catalogue (service-detail pages, English and Arabic). Text is stored verbatim apart from Unicode/whitespace normalisation.",Updating Shareholders Register,تحديث سجل المساهمين,Ministry of Commerce,وزارة التجارة,Merchant · companies · business sector,التاجر · الشركات · قطاع الأعمال,"An electronic service by the Ministry of Commerce, which enables beneficiaries of this service, joint-stock or simplified joint-stock companies, to add, modify, and update the shareholders’ register, electronically, in order to preserve their rights, without the need to visit the Ministry branches.",خدمة إلكترونية تقدمها وزارة التجارة، تتيح للمستفيدين هذه الخدمة الشركات المساهمة أو المساهمة المبسطة من إضافة وتعديل وتحديث سجل المساهمين وذلك لحفظ حقوقهم، إلكترونيًا دون الحاجة إلى مراجعة فروع الوزارة.,,,- There is no,- لا يوجد,- Attach the current shareholder register.,- إرفاق سجل المساهمين الحالي.,"- Click on start service.
- Click on “Shareholders’ Register ”
- Choose ""My Stock"", then you can print ""Shareholder Data"", or contact the company in case the shares are not displayed, so that the register could be updated and the shares could be confirmed.
- Select ""Applications"", so that to follow up on previous applications awaiting the approval before updating the service. Attendance is no longer needed.
- Select ""Registers Awaiting Approval"". These are registers whose data have been provided by the Ministry, and which need updating or approval by the company.
- Enter the Commercial Registration number, and click on ""Tahakkouk"" (Verify), so that to start updating the company's shareholder register.","- الضغط على إبدأ الخدمة.
- الضغط إلى أيقونة """"سجل المساهمين""""
- أختيار اسهمي مع امكانية طباعة بيانات مساهم أو مراجعة الشركة في حال عدم ظهور الاسهم وذلك لتحديث السجل وإثبات الاسهم.
- أختيار الطلبات (وذلك لمتابعة طلبات سابقة تنتظر الموافقة قبل تحديث الخدمة والغاء خطوة المراجعة).
- أختيار سجلات بأنتظار الاعتماد وهي سجلات تم توفير بياناتها من الوزارة وتحتاج تحديث أو اعتماد من قبل الشركة.
- إدخال رقم السجل التجاري و الضغط على أيقونة """" تحقق"""" وذلك للبدء بتحديث سجل مساهمين للشركة.",free,مجانية,immediately,فوري,Merchant,التاجر,Arabic,العربية,https://mc.gov.sa/en/eservices/Pages/ServiceDetails.aspx?sID=66,https://mc.gov.sa/ar/eservices/Pages/ServiceDetails.aspx?sID=66,16 Sep 2026,04 ربيع الثاني 1448,"{""page_tags"": {""ar"": [""التاجر"", ""الشركات"", ""قطاع الأعمال""], ""en"": [""Merchant"", ""companies"", ""business sector""]}}"
mc-67,official_web_page,mc.gov.sa,verified_official_capture,2026-09-30T10:09:26.447Z,2026-09-30,"1900, cs@mc.gov.sa",Online (Ministry of Commerce / Saudi Business Center e-services),67,ar:c40a16488d2ef50fac642694a5eaa7a78843e02bd54fd7f8cb466990916043af;en:3936685ee419798694dab7332e5ee411ad4e2bfff5b1bc37bcd65f190c3754b7,"Captured from the official Ministry of Commerce e-services catalogue (service-detail pages, English and Arabic). Text is stored verbatim apart from Unicode/whitespace normalisation.",unlock the branch commercial registry suspension of company,رفع تعليق السجل التجاري الفرعي لشركة,Ministry of Commerce,وزارة التجارة,Merchant · Commercial Register · Business sector,التاجر · السجل التجاري · قطاع الأعمال,"An electronic service provided by the Ministry of Commerce through the Saudi Business Center platform, which allows beneficiaries to lift the suspension of the company’s subsidiary commercial register after the expiry of a period of (90) days from the date of the annual confirmation due, without the need to visit service centers.",خدمة إلكترونية تقدمها وزارة التجارة عبر منصة المركز السعودي للأعمال، تتيح للمستفيدين رفع تعليق السجل التجاري الفرعي للشركة بعد انتهاء مهلة (90) يومًا من تاريخ استحقاق التأكيد السنوي، دون الحاجة إلى زيارة مراكز الخدمة.,,,"- The status of the commercial registration must be suspended.
- The requirements of the commercial registration data amendment service must be fulfilled, in case of any amendments.","- أن تكون حالة السجل التجاري معلق.
- استيفاء اشتراطات خدمة تعديل بيانات السجل التجاري الفرعي لشركة في حال التعديل.","- A valid investment license for the foreign company must be provided, with a duration of no less than 30 days.",- وجود ترخيص استثماري ساري المفعول للشركة الأجنبية، بمدة لا تقل عن (30) يومًا.,"- Access the platform: Via the National Unified Access through the Saudi Business Center platform.
- Select the service: From ""Doing Business"" > ""Ministry of Commerce"" > ""Removing the Suspension of the Sub-Commercial Register (Companies)"". - If you are authorized, select ""Login as an authorized person"" and then select the account.
- Start the service: Select the required register, read and agree to the terms and conditions, then click ""Submit Request"".
- Edit and update data: - Specify the reason for the amendment. - Enter court ruling details (if applicable). - Edit business activities. - Upload proof of license cancellation (if required). - Enter e-commerce data (optional). - Select the trade name. - Edit the business address. - Confirm contact information. - Update manager information (add/edit/delete). At least one manager must be added.
- Submit the request: Review the data, approve the declaration, and then click ""Submit Request"".","- الدخول على المنصة: عبر النفاذ الوطني الموحد من خلال منصة المركز السعودي للأعمال.
- اختيار الخدمة: من ""ممارسة الأعمال"" > ""وزارة التجارة"" > ""رفع تعليق السجل التجاري الفرعي (الشركات)"". - إذا كنت مفوضًا، اختر ""الدخول كمفوض"" ثم حدد الحساب.
- بدء الخدمة: اختيار السجل المطلوب، قراءة الشروط، والموافقة عليها، ثم الضغط على ""تقديم الطلب"".
- تعديل وتحديث البيانات: - تحديد سبب التعديل. - إدخال بيانات الحكم القضائي (إن وجد). - تعديل الأنشطة التجارية. - رفع ما يثبت إلغاء الترخيص (إن طُلب). - إدخال بيانات التجارة الإلكترونية (اختياري). - اختيار الاسم التجاري. - تعديل عنوان الأعمال. - تأكيد بيانات الاتصال. - تحديث بيانات المديرين (إضافة/تعديل/حذف)، ويجب إضافة مدير واحد على الأقل.
- تقديم الطلب: مراجعة البيانات، الموافقة على الإقرار، ثم الضغط على ""تقديم الطلب"".",Free,مجانية,immediately,فوري,Merchant,التاجر,Arabic and English,العربية والانجليزية,https://mc.gov.sa/en/eservices/Pages/ServiceDetails.aspx?sID=67,https://mc.gov.sa/ar/eservices/Pages/ServiceDetails.aspx?sID=67,16 Sep 2026,04 ربيع الثاني 1448,"{""page_tags"": {""ar"": [""التاجر"", ""السجل التجاري"", ""قطاع الأعمال""], ""en"": [""Merchant"", ""Commercial Register"", ""Business sector""]}}"
mc-68,official_web_page,mc.gov.sa,verified_official_capture,2026-09-30T10:11:31.151Z,2026-09-30,"1900, cs@mc.gov.sa",Online (Ministry of Commerce / Saudi Business Center e-services),68,ar:d197256d1dc16be35c7cae6bb91cb15041c00b4f94610a4334ef3518ff81203b;en:c82f1b9b810c1057d90f0fd1fabdbf27ba677ca76581cebe06c64f0b5a09d45b,"Captured from the official Ministry of Commerce e-services catalogue (service-detail pages, English and Arabic). Text is stored verbatim apart from Unicode/whitespace normalisation.",deleting a commercial registry for an establishment,شطب سجل تجاري لمؤسسة فردية,Ministry of Commerce,وزارة التجارة,Merchant · Commercial Register · business sector,التاجر · السجل التجاري · قطاع الأعمال,"An electronic service provided by the Ministry of Commerce through the Saudi Business Center platform that allows beneficiaries to cancel commercial registration of a sole proprietorship upon completion of business activity, without the need to visit service centers.",خدمة إلكترونية تقدمها وزارة التجارة عبر منصة المركز السعودي للأعمال، تتيح للمستفيدين إلغاء السجل التجاري لمؤسسة فردية عند الانتهاء من ممارسة النشاط التجارية، دون الحاجة إلى زيارة مراكز الخدمة.,,,"- The applicant must be the owner of the establishment or an electronically authorized representative.
- Submit a power of attorney from the association's board of directors, if the establishment is a cooperative or charitable association.","- أن يكون مقدم الطلب مالكًا للمؤسسة أو مفوضًا عنه تفويضًا إلكترونيًا.
- تقديم تفويض من مجلس الجمعية لمقدم الطلب، في حال كانت جمعية تعاونية أو خيرية.","- Submit a waqf deed and a legal power of attorney from the donor, the waqf supervisor, or the supervisory board, if the establishment is a waqf institution.
- Submit a deed of inventory of heirs, a guardianship deed if there are minors, and a legal power of attorney from all heirs stipulating the cancellation of the commercial register, if the owner is deceased.","- تقديم صك الوقف ووكالة شرعية من الواقف أو ناظر الوقف أو مجلس النظارة، في حال كانت مؤسسة وقفية.
- تقديم صك حصر الورثة، وصك الولاية في حال وجود قُصّر، ووكالة شرعية من جميع الورثة تنص على شطب السجل التجاري، في حال كان المالك متوفى.","- Access the platform: Through the National Unified Access or email via the Saudi Business Center platform.
- Select the service: From ""Electronic Services"" > ""Business Termination"" > ""Ministry of Commerce"" > ""Delete a Commercial Register for a Sole Proprietorship - New."" - Or from ""Commercial Registers"" > Select the Register > ""Register Procedures"" > ""Delete a Commercial Register for a Sole Proprietorship - New.""
- Start the application: Agree to the terms and conditions, then click ""Apply for Service.""
- Fill in the information: • Enter the commercial register details. • If the main register is being deleted, select an alternative register, if one exists. • Determine the status of retaining the trade name. • Upload proof of license cancellation, if applicable. • Complete the court judgment details if this was the reason for deletion.
- Submit the application: Enter the verification code and then click ""Submit Application.""
- Payment and Follow-up: Pay the fees, review the application, and print the invoice. - After payment, the register will be successfully deleted.","- الدخول على المنصة: من خلال النفاذ الوطني الموحد أو البريد الإلكتروني عبر منصة المركز السعودي للأعمال.
- اختيار الخدمة: من ""الخدمات الإلكترونية"" > ""إنهاء الأعمال"" > ""وزارة التجارة"" > ""شطب سجل تجاري لمؤسسة فردية - جديد"". - أو من ""السجلات التجارية"" > تحديد السجل > ""إجراءات السجل"" > ""شطب سجل تجاري لمؤسسة فردية - جديد"".
- بدء الطلب: الموافقة على الشروط، ثم الضغط على ""التقديم على الخدمة"".
- تعبئة البيانات: • إدخال بيانات السجل التجاري. • في حال شطب سجل رئيسي، تحديد سجل بديل إذا وُجد. • تحديد حالة الاحتفاظ بالاسم التجاري. • رفع ما يثبت إلغاء الترخيص إن وُجد. • استكمال بيانات الحكم القضائي إذا كان سبب الشطب.
- تقديم الطلب: إدخال رمز التحقق ثم الضغط على ""تقديم الطلب"".
- الدفع والمتابعة: دفع الرسوم، استعراض الطلب، وطباعة الفاتورة. - بعد الدفع يتم شطب السجل بنجاح.",Free,مجانية,immediately,فوري,Merchant,التاجر,Arabic and English,العربية والانجليزية,https://mc.gov.sa/en/eservices/Pages/ServiceDetails.aspx?sID=68,https://mc.gov.sa/ar/eservices/Pages/ServiceDetails.aspx?sID=68,16 Sep 2026,04 ربيع الثاني 1448,"{""page_tags"": {""ar"": [""التاجر"", ""السجل التجاري"", ""قطاع الأعمال""], ""en"": [""Merchant"", ""Commercial Register"", ""business sector""]}}"
mc-70,official_web_page,mc.gov.sa,verified_official_capture,2026-09-30T10:11:03.328Z,2026-09-30,"1900, cs@mc.gov.sa",Online (Ministry of Commerce / Saudi Business Center e-services),70,ar:ea30ef159f359de217748f14ebdd7e649825d98066898c18725727264934b6dd;en:579a412149f4bcf14bb8c7b47ff87e82625170e2d245a5efcc5f1e5747a20620,"Captured from the official Ministry of Commerce e-services catalogue (service-detail pages, English and Arabic). Text is stored verbatim apart from Unicode/whitespace normalisation.",Modify the commercial registry data for an establishment,تعديل بيانات السجل التجاري لمؤسسة فردية,Ministry of Commerce,وزارة التجارة,Merchant · Commercial Register · business sector,التاجر · السجل التجاري · قطاع الأعمال,"An electronic service provided by the Ministry of Commerce through the Saudi Business Center platform, allowing beneficiaries to update the commercial registration data of a sole proprietorship without having to visit service centers.",خدمة إلكترونية تقدمها وزارة التجارة عبر منصة المركز السعودي للأعمال، تتيح للمستفيدين التحديث على بيانات السجل التجاري لمؤسسة فردية، دون الحاجة إلى زيارة مراكز الخدمة.,,,"- The commercial registration must be active.
- The branch manager must not be a government employee and must be at least 18 years old.
- A valid license is required in case of adding an activity that requires a pre-issuance license.
- A statement of cancellation of licenses must be provided in case of removing an activity that requires a pre-issuance license.
- A valid investment license for the foreign establishment must be provided, with a duration of no less than 90 days.","- أن يكون السجل التجاري نشطًا.
- ألا يكون مدير الفرع موظفًا حكوميًا، وألا يقل عمره عن 18 سنة.
- وجود ترخيص ساري المفعول في حال إضافة نشاط يتطلب ترخيصًا قبل الإصدار .
- تقديم إفادة بإلغاء التراخيص في حال إزالة نشاط يتطلب ترخيصًا قبل الإصدار .
- وجود ترخيص استثماري ساري المفعول للمؤسسة الأجنبية، بمدة لا تقل عن (90) يومًا.","- The following must be verified if the entity is a cooperative or charitable association: A certificate of the association's registration with the Ministry of Human Resources and Social Development must be provided - The applicant must have a power of attorney or authorization from the association's board.
- The following must be verified if the entity is an endowment institution: Endowment deed is required - A legal power of attorney must be provided by the endower, the endowment administrator, or the board of trustees.","- التحقق من الآتي في حال كانت المؤسسة جمعية تعاونية أو خيرية: - وجود شهادة تسجيل الجمعية لدى وزارة الموارد البشرية والتنمية الاجتماعية - وجود وكالة أو تفويض من مجلس الجمعية لمقدم الطلب.
- التحقق من الآتي في حال كانت مؤسسة وقفية: - وجود صك الوقف. وجود وكالة شرعية من الواقف أو ناظر الوقف أو مجلس النظارة.","- Access the platform: Via the National Unified Access through the Saudi Business Center platform.
- Select the service: From ""Doing Business"" > ""Ministry of Commerce"" > ""Amend Commercial Register for Establishments."" Or from ""Registration Procedures"" > ""Amend Commercial Register"" if the user is authorized.
- Start the service: Select the required register, read and agree to the terms and conditions, then click ""Submit Application.""
- Edit data: Commercial activities and licenses (previous, professional, or revoked). - Capital. - E-commerce data. - Trade name (new, existing, reserved). - Approved business address. - Contact information and national address. - Manager information.
- Submit the application: Review the data, approve the declaration, then click ""Submit Application.""","- الدخول على المنصة: عبر النفاذ الوطني الموحد من خلال منصة المركز السعودي للأعمال.
- اختيار الخدمة: من ""ممارسة الأعمال"" > ""وزارة التجارة"" > ""تعديل سجل تجاري للمؤسسات"". أو من ""إجراءات السجل"" > ""تعديل سجل تجاري"" إذا كان المستخدم مفوضًا.
- بدء الخدمة: اختيار السجل المطلوب، قراءة الشروط والموافقة عليها، ثم الضغط على ""تقديم الطلب"".
- تعديل البيانات: الأنشطة التجارية والتراخيص (المسبقة أو المهنية أو إلغاء الرخص). - رأس المال. - بيانات التجارة الإلكترونية. - الاسم التجاري (جديد، قائم، محجوز). - عنوان الأعمال المعتمد. - بيانات الاتصال والعنوان الوطني. - بيانات المديرين.
- تقديم الطلب: مراجعة البيانات، الموافقة على الإقرار، ثم الضغط على ""تقديم الطلب"".",100,100,immediately,فوري,Merchant,التاجر,Arabic and English,العربية والانجليزية,https://mc.gov.sa/en/eservices/Pages/ServiceDetails.aspx?sID=70,https://mc.gov.sa/ar/eservices/Pages/ServiceDetails.aspx?sID=70,16 Sep 2026,04 ربيع الثاني 1448,"{""page_tags"": {""ar"": [""التاجر"", ""السجل التجاري"", ""قطاع الأعمال""], ""en"": [""Merchant"", ""Commercial Register"", ""business sector""]}}"
mc-73,official_web_page,mc.gov.sa,verified_official_capture,2026-09-30T10:13:49.899Z,2026-09-30,"1900, cs@mc.gov.sa",Online (Ministry of Commerce / Saudi Business Center e-services),73,ar:ea23e636d7e4ab548b72222d290fab04ae32405e81c4bd22a9798114d01f9368;en:45a8584eb27e250d3a7704ad8a7e06fdf03859c3568a08b235040c80498c0c82,"Captured from the official Ministry of Commerce e-services catalogue (service-detail pages, English and Arabic). Text is stored verbatim apart from Unicode/whitespace normalisation.",Assigning a trade name to a sole proprietorship,التنازل عن الاسم التجاري لمؤسسة فردية,Ministry of Commerce,وزارة التجارة,Merchant · Commercial Register · Business sector,التاجر · السجل التجاري · قطاع الأعمال,"An electronic service provided by the Ministry of Commerce through the Saudi Business Center platform that allows beneficiaries to transfer a trade name registered in the commercial register to an establishment, acting independently of the store, without the need to visit service centers.",خدمة إلكترونية تقدمها وزارة التجارة عبر منصة المركز السعودي للأعمال، تتيح للمستفيدين التنازل عن الاسم التجاري المقيّد في السجل التجاري لمؤسسة، تصرفًا مستقلًا عن المتجر دون الحاجة إلى زيارة مراكز الخدمة.,,,"- The applicant or the beneficiary must not be less than 18 years old.
- The applicant or the beneficiary should not be a government employee.
- The name is not a personal name.
- The applicant must be the owner of the institution or delegate him through the Tawafafi platform.
- That the name be restricted in an active commercial record.
- The assignment has the same family name, if the trade name is a family.","- ألا يقل عمر مقدم الطلب أو المستفيد عن 18سنة.
- ألا يكون مقدم الطلب أو المستفيد موظفًا حكوميًا.
- ألا يكون الاسم اسمًا شخصيًا.
- أن يكون مقدم الطلب مالكًا للمؤسسة أو مفوضًا عنه عبر منصة تفاويض.
- أن يكون الاسم مقيدًا في سجل تجاري نشط.
- أن يكون المتنازل له يحمل ذات الاسم العائلي، في حال كان الاسم التجاري عائلي.",- There is no,- لا يوجد,"- Access the platform: Via the National Unified Access through the Saudi Business Center platform.
- Select the service: From ""Doing Business"" > ""Ministry of Commerce"" > ""Assigning a Trade Name to a Sole Proprietorship"".
- Start the service: Review and agree to the terms of service, then click ""Apply for Service"".
- Enter beneficiary information: Select the type of beneficiary of the trade name, then enter their details.
- Enter an alternative trade name: Select the name type (personal, existing, reserved) and enter its details as desired.
- Review and submit the application: Review the application summary, approve the declaration, then submit the application.
- Process: The application is sent to the Ministry of Commerce for review, and the application status is updated according to the procedure (approval, rejection, or re-amendment).
- Payment (if applicable): If fees apply, the invoice is issued and paid through the central payment system.
- Complete the application: After payment or approval (in the case of a free service), the trade name is published and the application status is changed to ""Complete"".","- الدخول على المنصة: عبر النفاذ الوطني الموحد من خلال منصة المركز السعودي للأعمال.
- اختيار الخدمة: من ""ممارسة الأعمال"" > ""وزارة التجارة"" > ""التنازل عن اسم تجاري لمؤسسة فردية"".
- بدء الخدمة: الاطلاع على شروط الخدمة والموافقة عليها، ثم الضغط على ""التقديم على الخدمة"".
- إدخال بيانات المستفيد: اختيار نوع المستفيد من الاسم التجاري، ثم إدخال بياناته.
- إدخال الاسم التجاري البديل: تحديد نوع الاسم (شخصي، قائم، محجوز) وإدخال بياناته حسب الاختيار.
- مراجعة وتقديم الطلب: مراجعة ملخص الطلب، والموافقة على الإقرار، ثم تقديم الطلب.
- المعالجة: يتم إرسال الطلب إلى وزارة التجارة للمراجعة، وتحديث حالة الطلب حسب الإجراء (موافقة، رفض، أو إعادة للتعديل).
- الدفع (إن وجد): في حال وجود رسوم، يتم إصدار الفاتورة ودفعها عبر نظام المدفوعات المركزي.
- إتمام الطلب: بعد الدفع أو الموافقة (في حالة مجانية الخدمة)، يتم نشر الاسم التجاري وتحويل حالة الطلب إلى ""مكتمل"".",100,100,Within 72 hours,خلال 72 ساعة,Merchant,التاجر,Arabic and English,العربية والانجليزية,https://mc.gov.sa/en/eservices/Pages/ServiceDetails.aspx?sID=73,https://mc.gov.sa/ar/eservices/Pages/ServiceDetails.aspx?sID=73,16 Sep 2026,04 ربيع الثاني 1448,"{""page_tags"": {""ar"": [""التاجر"", ""السجل التجاري"", ""قطاع الأعمال""], ""en"": [""Merchant"", ""Commercial Register"", ""Business sector""]}}"
mc-75,official_web_page,mc.gov.sa,verified_official_capture,2026-09-30T10:20:52.948Z,2026-09-30,"1900, cs@mc.gov.sa",Online (Ministry of Commerce / Saudi Business Center e-services),75,ar:dbfe41750134d0bfbe05d9467ce4e68ef40d81d40154569e22d1f37fd090a0c0;en:6e5ccfb27d2c679f30cfc25cefd1808b169b71a5537baeaa2d11105ab86f3d5d,"Captured from the official Ministry of Commerce e-services catalogue (service-detail pages, English and Arabic). Text is stored verbatim apart from Unicode/whitespace normalisation.",Suspension of professional license,إيقاف ترخيص مهني,Ministry of Commerce,وزارة التجارة,Merchant · Consulting professions · Business sector,التاجر · المهن الإستشارية · قطاع الأعمال,"An electronic service provided by the Ministry of Commerce, allowing beneficiaries to apply to suspend their professional license for a specific period, electronically, without having to visit the Ministry's branches.",خدمة إلكترونية تقدمها وزارة التجارة، تتيح للمستفيدين من التقديم على طلب لإيقاف الترخيص المهني لفترة معينة، إلكترونيًا دون الحاجة إلى مراجعة فروع الوزارة.,,,- The license status must be valid.,- أن تكون حالة الترخيص ساري.,- There is no,- لا يوجد,"- log in the service.
- Log in by using username and password and then enter the mobile number and verification code.
- Click on the ""licenses"" icon and apply for the suspension of license.
- Fill out the required columns and click on ""Send"", the request to be checked and approved by the employee online.","- الضغط على ابدأ الخدمة.
- الدخول إلى الحساب (أسم المستخدم وكلمة المرور) ومن ثم إدخال رقم الجوال ورمز التحقق او عبرر النفاذ الوطني
- الضغط على أيقونة """"التراخيص""""والضغط على اجراء إيقاف للترخيص.
- تعبئة الحقول المطلوبة والضغط على أيقونة """"إرسال الطلب"""" ليتم التدقيق والموافقة عليه من قبل الموظف إلكترونيًا.",Free,مجانية,1 days,يوم عمل,"Merchant
Professional","التاجر
المهني",Arabic,العربية,https://mc.gov.sa/en/eservices/Pages/ServiceDetails.aspx?sID=75,https://mc.gov.sa/ar/eservices/Pages/ServiceDetails.aspx?sID=75,16 Sep 2026,04 ربيع الثاني 1448,"{""page_tags"": {""ar"": [""التاجر"", ""المهن الإستشارية"", ""قطاع الأعمال""], ""en"": [""Merchant"", ""Consulting professions"", ""Business sector""]}}"
mc-76,official_web_page,mc.gov.sa,verified_official_capture,2026-09-30T10:20:34.468Z,2026-09-30,"1900, cs@mc.gov.sa",Online (Ministry of Commerce / Saudi Business Center e-services),76,ar:e0b6a2e62b619945f630103c127572375e8b580ef2739a9b97ff7e673e32116e;en:20cd0174a1f3dcf6bbab3fd306cc211052e06f1e3ec77fd1db1f6ccdf750ecb8,"Captured from the official Ministry of Commerce e-services catalogue (service-detail pages, English and Arabic). Text is stored verbatim apart from Unicode/whitespace normalisation.",Re-validation of a professional license,إعادة سريان ترخيص مهني,Ministry of Commerce,وزارة التجارة,career · Consulting professions · Business sector,المهني · المهن الإستشارية · قطاع الأعمال,"An electronic service provided by the Ministry of Commerce, allowing beneficiaries to apply for the reinstatement of a professional license after a request to suspend it, electronically, without the need to visit the Ministry's branches.",خدمة إلكترونية تقدمها وزارة التجارة، تتيح للمستفيدين من التقديم على طلب لإعادة سريان الترخيص المهني بعد طلب إيقافه، إلكترونيًا دون الحاجة إلى مراجعة فروع الوزارة.,,,"- The license status must be suspended.
- The suspended license must not be issued by the Ministry.","- أن تكون حالة الترخيص موقوف.
- أن لا يكون الترخيص الموقوف من قبل الوزارة.",- There is no,- لا يوجد,"- log in the service.
- Log in to the account by using username and password and then enter the mobile number and verification code.
- Click on the ""licenses"" icon and submit a request to re-validate the professional license.
- Fill out the required columns and click on ""Send"" icon, to be checked and approved by the concerned employee online.","- الضغط على ابدأ الخدمة.
- الدخول إلى الحساب (أسم المستخدم وكلمة المرور) ومن ثم إدخال رقم الجوال ورمز التحقق.
- الضغط على أيقونة """"التراخيص"""" والضغط على اجراء إعادة سريان الترخيص المهني.
- الضغط على تعبئة الحقول المطلوبة والضغط على أيقونة """"إرسال الطلب"""" ليتم التدقيق والموافقة عليه من قبل الموظف إلكترونيًا",Free,مجانية,1 days,يوم عمل,"Merchant
Professional","التاجر
المهني",Arabic,العربية,https://mc.gov.sa/en/eservices/Pages/ServiceDetails.aspx?sID=76,https://mc.gov.sa/ar/eservices/Pages/ServiceDetails.aspx?sID=76,16 Sep 2026,04 ربيع الثاني 1448,"{""page_tags"": {""ar"": [""المهني"", ""المهن الإستشارية"", ""قطاع الأعمال""], ""en"": [""career"", ""Consulting professions"", ""Business sector""]}}"
mc-77,official_web_page,mc.gov.sa,verified_official_capture,2026-09-30T10:20:25.820Z,2026-09-30,"1900, cs@mc.gov.sa",Online (Ministry of Commerce / Saudi Business Center e-services),77,ar:f6580b673eeca7c5e7eebbff03144b3b786df8467392eae710be133edea32b0d;en:44b8e213ac5b1a223a1c22e3423f536692759d8e95fa2d36cb6064907691ecc5,"Captured from the official Ministry of Commerce e-services catalogue (service-detail pages, English and Arabic). Text is stored verbatim apart from Unicode/whitespace normalisation.",Cancellation of professional license branch,شطب فرع ترخيص مهني,Ministry of Commerce,وزارة التجارة,vocational,المهني,"An electronic service provided by the Ministry of Commerce, allowing beneficiaries to apply for the cancellation of a professional license branch electronically, without the need to visit the Ministry's branches.",خدمة إلكترونية تقدمها وزارة التجارة، تتيح للمستفيدين من التقديم على طلب شطب فرع الترخيص المهني. إلكترونيًا دون الحاجة إلى مراجعة فروع الوزارة.,,,"- Licenses issued before 1435 AH: The professional office data is updated through the digital branch or by visiting one of the Ministry’s branches, enabling the customer to cancel the professional license branch electronically.
- The license must not be suspended by the Ministry.","- التراخيص المصدرة قبل عام 1435 هـ فيتم تحديث بيانات المكتب المهني عن طريق الفرع الرقمي او مراجعة أحد فروع الوزارة وتمكين العميل من شطب فرع ترخيص مهني الكترونياً.
- ألا يكون الترخيص موقوف من قبل الوزارة.",- There is no,- لا يوجد,"- Click on Start Service
- Log in to the account (username and password) and then enter the mobile number and verification code or log in using the unified entry system
- Click on the ""Licenses"" icon and click on the procedure to cancel the sub-professional license
- Fill in the required fields and click on the ""Send Request"" icon to be reviewed and approved by the employee electronically.
- After the employee accepts the request, the license cancellation certificate is printed through the website by the customer.","- الضغط على ابدأ الخدمة
- الدخول إلى الحساب (أسم المستخدم وكلمة المرور) ومن ثم إدخال رقم الجوال ورمز التحقق او الدخول بنظام الدخول الموحد
- الضغط على أيقونة """"التراخيص"""" والضغط على اجراء إلغاء الترخيص المهني الفرعي
- تعبئة الحقول المطلوبة والضغط على أيقونة """"""""إرسال الطلب"""""""" ليتم التدقيق و الموافقة عليه من قبل الموظف إلكترونيًا.
- بعد قبول الطلب من قبل الموظف يتم طباعة شهادة شطب الترخيص من خلال الموقع الإلكتروني من قبل العميل",Free,مجانية,1 days,يوم عمل,"Merchant
Professional","التاجر
المهني",Arabic,العربية,https://mc.gov.sa/en/eservices/Pages/ServiceDetails.aspx?sID=77,https://mc.gov.sa/ar/eservices/Pages/ServiceDetails.aspx?sID=77,16 Sep 2026,04 ربيع الثاني 1448,"{""page_tags"": {""ar"": [""المهني""], ""en"": [""vocational""]}}"
mc-82,official_web_page,mc.gov.sa,verified_official_capture,2026-09-30T10:10:44.709Z,2026-09-30,"1900, cs@mc.gov.sa",Online (Ministry of Commerce / Saudi Business Center e-services),82,ar:aa0dfd8f5cb76acde5c1f309efbd55571956883f449d6168cd133e0a7dedb81e;en:cdfa1b42739ccc48dee4c7861b4ded62e1102b3e9e67df6299242b5081565315,"Captured from the official Ministry of Commerce e-services catalogue (service-detail pages, English and Arabic). Text is stored verbatim apart from Unicode/whitespace normalisation.",Amendments to Articles of Association,تعديل عقد التأسيس / نظام أساس,Ministry of Commerce,وزارة التجارة,Merchant · companies · Business sector,التاجر · الشركات · قطاع الأعمال,"An electronic service provided by the Ministry of Commerce through the Saudi Business Center platform, which enables beneficiaries to electronically amend their company's Articles of Association. This can be done by amending any article of the contract or updating it to comply with the new legislative system for companies, as stipulated by Royal Decree No. (M/132), dated 01/12/1443 AH, without the necessity of visiting the Saudi Business Center or Ministry branches.",خدمة إلكترونية تقدمها وزارة التجارة عبر منصة المركز السعودي للأعمال، تتيح للمستفيدين من تعديل عقد تأسيس الشركة من خلال تغيير أي مادة من مواد العقد أو تعديله بما يتناسب مع النظام التشريعي الجديد للشركات. الصادر بالمرسوم الملكي رقم (م/132) وتاريخ 1443/12/01هـ، إلكترونيًا دون الحاجة إلى مراجعة فرع المركز السعودي للاعمال او فرع الوزارة .,,,"- A valid and active commercial registration is required.
- In the event that the company is foreign or mixed, the investment license must be submitted.
- An extraordinary general assembly resolution or a shareholders' resolution must be provided if the company is a joint-stock company or a simplified joint-stock company.","- وجود سجل تجاري نشط وغير معلق.
- وجود شهادة استثمار، في حال كانت الشركة أجنبية أو مختلطة.
- وجود قرار جمعية غير عادية أو قرار مساهمين، في حال كانت الشركة مساهمة أو مساهمة مبسطة.","- The following must be verified in case the type of the company is (Professional): Ensure the quorum is maintained in the event of amending the board of managers or management - The partner must be licensed if the amendment involves adding a professional partner.
- The following must be verified in case the type of company is a limited partnership or a general partnership: A license or initial approval from the Saudi Central Bank must be obtained if the nature of the business activity so requires - The investment license must be amended, if required - The managers must not be government employees - The applicant must be a manager of the company or electronically authorized by the company.","- التحقق من الآتي في حال كانت صفة الشركة (مهنية): - مراعاة النصاب القانوني، في حال تعديل مجلس المديرين أو الإدارة. - أن يكون الشريك مرخصًا، في حال كان التعديل هو إضافة شريك مهني.
- التحقق من الآتي في حال كانت الشركة (ذات مسؤولية محدودة، أو توصية بسيطة، أو تضامنية): - وجود ترخيص أو موافقة مبدئية من البنك المركزي السعودي في حال كان النشاط يتطلب ذلك - تعديل الرخصة الاستثمارية في حال تطلب ذلك - ألا يكون المديرين موظفين حكوميين - ألا يكون الشريك أو المدير الجديد موقوفًا - أن يكون مقدم الطلب مدير الشركة أو مفوض يتم تفويضه من الشركة تفويضًا إلكترونيًا.","- Access the platform: Via the unified national access or the investor account through the Saudi Business Center platform.
- Select the service: From ""Electronic Services"" > ""Amendment to the Articles of Association/Bylaws"".
- Start the service: Agree to the terms of service, then click ""Apply for the service"".
- Amendment to the Articles of Association/Bylaws: Enter the establishment's unified national number.","- الدخول على المنصة: عبر النفاذ الوطني الموحد أو حساب المستثمر من خلال منصة المركز السعودي للأعمال.
- اختيار الخدمة: من ""الخدمات الإلكترونية"" > ""تعديل عقد التأسيس / نظام أساس"" .
- بدء الخدمة: الموافقة على شروط الخدمة، ثم الضغط على ""التقديم على الخدمة"".
- تعديل عقد التأسيس / نظام أساس: كتابة الرقم الوطني الموحد للمنشأة.","1500 for amending the articles of association / bylaws
100 to amend the commercial register
15% VAT.","1500
لتعديل عقد التأسيس/ نظام الأساس
100
لتعديل السجل التجاري
15% ضريبة القيمة المضافة",immediately,فوري,Merchant,التاجر,Arabic and English,العربية والانجليزية,https://mc.gov.sa/en/eservices/Pages/ServiceDetails.aspx?sID=82,https://mc.gov.sa/ar/eservices/Pages/ServiceDetails.aspx?sID=82,16 Sep 2026,04 ربيع الثاني 1448,"{""page_tags"": {""ar"": [""التاجر"", ""الشركات"", ""قطاع الأعمال""], ""en"": [""Merchant"", ""companies"", ""Business sector""]}}"
mc-91,official_web_page,mc.gov.sa,verified_official_capture,2026-09-30T10:07:55.474Z,2026-09-30,"1900, cs@mc.gov.sa",Online (Ministry of Commerce / Saudi Business Center e-services),91,ar:0f7dfd7568259610187fcfcffdd57e60b25c7c2cf0ce0ab81bfc2800e75ce08c;en:4f99f3c645c3f577c00bcfc27866d893b78392c2928e778b31a875aa5ead889b,"Captured from the official Ministry of Commerce e-services catalogue (service-detail pages, English and Arabic). Text is stored verbatim apart from Unicode/whitespace normalisation.",Query about commercial registration data,الاستعلام عن بيانات السجل التجاري,Ministry of Commerce,وزارة التجارة,consumer · Merchant · Commercial Registration Data,المستهلك · التاجر · بيانات السجل التجاري,"An electronic service provided by the Ministry of Commerce, allowing beneficiaries to view commercial registry data electronically without having to visit the Ministry's branches.",خدمة إلكترونية تقدمها وزارة التجارة، تتيح للمستفيدين من الاطلاع على بيانات السجل التجاري، إلكترونيًا دون الحاجة إلى مراجعة فروع الوزارة.,,,- There is no,- لا يوجد,- There is no,- لا يوجد,"- Click ""Start Service.""
- Fill in the required information: Search by establishment name or establishment's unified national number, enter a verification code, and click ""Search.""
- The commercial registration data query will appear.","- الضغط على ابدأ الخدمة.
- تعبئة البيانات المطلوبة : البحث باسم المنشأة او الرقم الوطني الموحد للمنشأة - كتابة رمز تحقق - الضغط على بحث.
- يظهر لك الاستعلام عن بيانات السجل تجاري.",Free,مجانية,Immediate,فوري,"Consumer
Merchant","المستهلك
التاجر",Arabic,العربية,https://mc.gov.sa/en/eservices/Pages/ServiceDetails.aspx?sID=91,https://mc.gov.sa/ar/eservices/Pages/ServiceDetails.aspx?sID=91,16 Sep 2026,04 ربيع الثاني 1448,"{""page_tags"": {""ar"": [""المستهلك"", ""التاجر"", ""بيانات السجل التجاري""], ""en"": [""consumer"", ""Merchant"", ""Commercial Registration Data""]}}"
mc-92,official_web_page,mc.gov.sa,verified_official_capture,2026-09-30T10:13:30.574Z,2026-09-30,"1900, cs@mc.gov.sa",Online (Ministry of Commerce / Saudi Business Center e-services),92,ar:9778608a8c8a93a01c6fcd41270d9face2cec3560b7b059018398849533a9d46;en:285f87ae086c815f764ccf16a09b29141c09e20e018cfe9ea92ea756f5091eba,"Captured from the official Ministry of Commerce e-services catalogue (service-detail pages, English and Arabic). Text is stored verbatim apart from Unicode/whitespace normalisation.",Establish a joint stock company,تأسيس شركة مساهمة,Ministry of Commerce,وزارة التجارة,Companies · Business sector · Proactive,الشركات · قطاع الأعمال · استباقية,"An electronic service provided by the Ministry of Commerce through the Saudi Business Center platform, which enables beneficiaries to commence commercial activities and establish a joint-stock company. This type of company can be founded by one or more individuals or legal entities, with its capital segmented into tradable shares. The company is solely liable for its debts and obligations resulting from its operations, while the shareholder's liability is confined to the value of the shares they have subscribed to. The service facilitates the following processes:
Recording of the commercial registration and the articles of association / bylaws.
Publication of the contract in ""A'mali"" newspaper.
Opening a business file with the Ministry of Human Resources and Social Development.
Registration with the Zakat, Tax, and Customs Authority.
Registration with Social Insurance.
Subscription to the Official Business Address with Saudi Post | SPL.
Subscription to the Chamber of Commerce by location.
Electronically, without the need to visit the branch of the Saudi Business Center or the Ministry branches.
Note: When performing the service and printing the CR, an identification number for the facility is obtained from the partner government agencies mentioned above, which you will need in the future automatically,","خدمة إلكترونية تقدمها وزارة التجارة عبر منصة المركز السعودي للأعمال، تتيح للمستفيدين من البدء في ممارسة النشاط التجاري وتأسيس شركة مساهمة، يؤسسها شخص واحد أو أكثر من ذوي الصفة الطبيعية أو الاعتبارية، ويكون رأس مالها مقسمًا إلى أسهم قابلة للتداول، وتكون الشركة وحدها مسؤولة عن الديون والالتزامات المترتبة عليها أو الناشئة عن نشاطها، وتقتصر مسؤولية المساهم على أداء قيمة الأسهم التي اكتتب فيها، ومن خلال الخدمة يتم ما يلي:
قيد سجل التجاري وعقد التأسيس/ نظام الأساس.
نشر العقد في صحيفة أعمالي.
فتح ملف منشأة لدى وزارة الموارد البشرية والتنمية الاجتماعية.
التسجيل في هيئة الزكاة والضريبة والجمارك.
التسجيل في التأمينات الاجتماعية.
الاشتراك في عنوان الأعمال المعتمد لدى البريد السعودي سُبل.
الاشتراك في الغرف التجارية حسب الموقع.
إلكترونيًا دون الحاجة إلى مراجعة فرع المركز السعودي للاعمال او فرع الوزارة.
ملاحظة: عند تنفيذ الخدمة وطباعة السجل يتم الحصول على رقم تعريفي للمنشأة لدى الجهات الحكومية الشريكة المذكورة أعلاه، التي ستحتاجها مستقبلاً بشكل تلقائي",,,"- The age shall not be less than 18 years, and in the event that the applicant is a minor under the age of puberty, the guardianship deed shall be submitted.
- The partners should not be government employees.
- The commercial registration shall not be canceled, suspended or terminated, if one of the partners is a legal partner.
- The issued capital shall not be less than 500,000 SAR, and the paid-up capital shall not be less than a quarter.","- ألا يقل العمر عن 18 سنة، وفي حال كان مقدم الطلب قاصرًا دون سن البلوغ يتم تقديم صك الولاية.
- ألا يكون الشركاء موظفين حكوميين.
- ألا يكون السجل التجاري مشطوبًا أو موقوفًا أو منتهيًا، في حال كان أحد الشركاء شريكًا اعتباريًا.
- ألا يقل رأس المال المصدّر عن 500,000 ر.س، ولا يقل رأس المال المدفوع عن الربع.","- A legal document must be present if a partner is a government entity, a non-governmental organization, a charitable committee, or a waqf, granting them the right to incorporate or participate in a company.
- A license from the Saudi Central Bank, the Insurance Authority and Capital Market Authority must be provided if the nature of the business activity so requires.
- A bank certificate must be provided if the contribution is monetary, or a certified appraiser’s report if the contribution is in-kind.
- A draft of the bylaws must be submitted.","- وجود سند نظامي في حال كان أحد الشركاء جهة حكومية، أو مؤسسة أهلية، أو جمعية خيرية، أو وقفًا؛ ليخوله حق تأسيس شركة أو المشاركة في شركة.
- وجود ترخيص من البنك المركزي السعودي أو هيئة التأمين أو هيئة السوق المالية، في حال كان النشاط يتطلب ذلك.
- وجود شهادة بنكية إذا كانت الحصة نقدية، أو تقرير مقيم معتمد إذا كانت الحصة عينية.
- تقديم مسودة النظام الأساس.","- Access the platform: Via the National Unified Access or the investor account through the Saudi Business Center platform.
- Select the service: From ""Electronic Services"" > ""Starting a Business"" > ""Establishing a Company.""
- Start the service: Specify the type and duration of the registration and the company's headquarters, agree to the terms, and then click ""Apply for Service.""
- Enter the establishment data: Company activities and purposes, including licensing data, if applicable. - Specify e-commerce (optional). - Add partners/founders and their information, and verify their mobile phone and email addresses. - Specify the trade name and fiscal year, and enter contact information and address.
- Company and capital data: Enter the company's duration and the decision to open branches. - Specify the type and value of capital and its distribution, with the possibility of entering in-kind assets. - Distribute profits and losses, and determine the profit-retention ratio (if applicable). - Manage share data if the company is a joint-stock or simplified joint-stock company.
- Company management: Select the administrative structure and appoint managers. - Determine the board's operating method and assign powers.
- Company contract data: Partner resolutions, partner notifications, articles of association (addition or amendment).
- Review and submit the application: Review the application summary, create a draft contract, and submit the application after review.
- Party approval: The parties approve the application via the link sent to them, using the verification code.
- Payment and completion of the application: • Pay by card or SADAD. • Review the application status and print the registration information. • Complete registration with the relevant government agencies.","- الدخول على المنصة: عبر النفاذ الوطني الموحد أو حساب المستثمر من خلال منصة المركز السعودي للأعمال.
- اختيار الخدمة: من ""الخدمات الإلكترونية"" > ""بدء العمل التجاري"" > ""تأسيس شركة"".
- بدء الخدمة: تحديد نوع ومدة السجل ومقر الشركة، والموافقة على الشروط، ثم الضغط على ""التقديم على الخدمة"".
- إدخال بيانات التأسيس: الأنشطة وأغراض الشركة، مع إدخال بيانات التراخيص إن وُجدت. - تحديد العمل بالتجارة الإلكترونية (اختياري). - إضافة الشركاء/المؤسسين وبياناتهم، والتحقق من الجوال والبريد الإلكتروني. - تحديد الاسم التجاري والسنة المالية، وإدخال بيانات الاتصال والعنوان.
- بيانات الشركة ورأس المال: إدخال مدة الشركة وقرار فتح الفروع. - تحديد نوع وقيمة رأس المال وتوزيعه، مع إمكانية إدخال الأصول العينية. - توزيع الأرباح والخسائر، وتحديد نسبة تجنيب الأرباح (إن وُجدت). - إدارة بيانات الأسهم إن كانت الشركة مساهمة أو مساهمة مبسطة.
- إدارة الشركة: اختيار الهيكل الإداري، وتعيين المديرين. - تحديد طريقة عمل المجلس وتعيين الصلاحيات.
- بيانات عقد الشركة: قرارات الشركاء، تبليغات الشركاء، مواد النظام الأساسي (إضافة أو تعديل).
- مراجعة وتقديم الطلب: استعراض ملخص الطلب، إنشاء مسودة العقد، ثم إرسال الطلب بعد المراجعة.
- موافقة الأطراف: الأطراف يوافقون على الطلب عبر الرابط المرسل إليهم، باستخدام رمز التحقق.
- الدفع وإتمام الطلب: • الدفع عبر البطاقة أو سداد. • استعراض حالة الطلب وطباعة معلومات السجل. • استكمال التسجيل في الجهات الحكومية المرتبطة.","1600 for the commercial registration
500 for publication fees
15% VAT.","1600
للسجل التجاري
500
لرسوم النشر
15% ضريبة القيمة المضافة",immediately,فوري,Merchant,التاجر,Arabic and English,العربية والانجليزية,https://mc.gov.sa/en/eservices/Pages/ServiceDetails.aspx?sID=92,https://mc.gov.sa/ar/eservices/Pages/ServiceDetails.aspx?sID=92,16 Sep 2026,04 ربيع الثاني 1448,"{""page_tags"": {""ar"": [""الشركات"", ""قطاع الأعمال"", ""استباقية""], ""en"": [""Companies"", ""Business sector"", ""Proactive""]}}"
mc-94,official_web_page,mc.gov.sa,verified_official_capture,2026-09-30T10:14:29.691Z,2026-09-30,"1900, cs@mc.gov.sa",Online (Ministry of Commerce / Saudi Business Center e-services),94,ar:f70e43b13c17b6cd4a1fad20d111e24df979a17c76a283c6a1f5de391c7a3798;en:2f65db0377f795d097ee25d628ceb8a359a678d38fd8f3319c3b64a9ab48e42e,"Captured from the official Ministry of Commerce e-services catalogue (service-detail pages, English and Arabic). Text is stored verbatim apart from Unicode/whitespace normalisation.",Incorporation of a simplified joint stock company,تأسيس شركة مساهمة مبسطة,Ministry of Commerce,وزارة التجارة,Companies · Business sector · Proactive,الشركات · قطاع الأعمال · استباقية,"An electronic service provided by the Ministry of Commerce through the Saudi Business Center platform, which allows beneficiaries to start practicing commercial activity and establish a simplified joint-stock company, established by one or more persons of natural or legal status, and its capital is divided into tradable shares and the provisions of joint-stock companies apply to it unless there is a special text, and through the service the following is done:
Recording of the commercial registration and the articles of association / bylaws.
Publication of the contract in ""A'mali"" newspaper.
Opening a business file with the Ministry of Human Resources and Social Development.
Registration with the Zakat, Tax, and Customs Authority.
Registration with Social Insurance.
Subscription to the Official Business Address with Saudi Post | SPL.
Subscription to the Chamber of Commerce by location.
Electronically, without the need to visit the branch of the Saudi Business Center or the Ministry branches.
Note: When performing the service and printing the CR, an identification number for the facility is obtained from the partner government agencies mentioned above, which you will need in the future automatically,","خدمة إلكترونية تقدمها وزارة التجارة عبر منصة المركز السعودي للأعمال، تتيح للمستفيدين من البدء في ممارسة النشاط التجاري وتأسيس شركة مساهمة مُبسطة، يؤسسها شخص واحد أو أكثر من ذوي الصفة الطبيعية أو الاعتبارية، ويكون رأس مالها مقسمًا إلى أسهم قابلة للتداول وتسري عليها أحكام الشركات المساهمة ما لم يرد بها نص خاص، ومن خلال الخدمة يتم ما يلي:
قيد سجل التجاري وعقد التأسيس/ نظام الأساس.
نشر العقد في صحيفة أعمالي.
فتح ملف منشأة لدى وزارة الموارد البشرية والتنمية الاجتماعية.
التسجيل في هيئة الزكاة والضريبة والجمارك.
التسجيل في التأمينات الاجتماعية.
الاشتراك في عنوان الأعمال المعتمد لدى البريد السعودي سُبل.
الاشتراك في الغرف التجارية حسب الموقع.
إلكترونيًا دون الحاجة إلى مراجعة فرع المركز السعودي للاعمال او فرع الوزارة.
ملاحظة: عند تنفيذ الخدمة وطباعة السجل يتم الحصول على رقم تعريفي للمنشأة لدى الجهات الحكومية الشريكة المذكورة أعلاه، التي ستحتاجها مستقبلاً بشكل تلقائي،",,,"- If one of the founders is a company, the bylaws or the articles of association must be submitted.
- In the event that one of the partners is a juridical party, the commercial registration must neither be written off, suspended or inactive.
- The age must not be less than 18 years. In the event that the partner is a minor under the age of puberty, the deed of guardianship must be submitted.
- The partners must not be government employees.
- The following must be verified in case the type of the company is (Professional): A valid professional license must be provided for the entities and professional individuals founding the company - At least one licensed shareholder must be present among the shareholders for each profession related to the practice of the professional activities of the company - The percentage of licensed Saudi shareholders in the mixed company must not be less than 25% of the shares of the company's capital - The percentage of licensed shareholders must not be less than 70% of the company's capital shares.","- التحقق من تقديم عقد التأسيس أو النظام الأساس، في حال كان أحد المؤسسين شركة.
- ألا يكون السجل التجاري مشطوبًا أو معلقًا أو موقوفًا، في حال كان أحد الشركاء شريكًا اعتباريًا.
- ألا يقل العمر عن 18 سنة، وإذا كان الشريك قاصرًا دون سن البلوغ يتم تقديم صك الولاية.
- ألا يكون الشركاء موظفين حكوميين.
- التحقق من الآتي في حال كانت صفة الشركة (مهنية): وجود رخصة مهنية سارية المفعول للكيانات والأفراد المهنيين المؤسسين للشركة - وجود مرخص واحد -على الأقل- من بين المساهمين لكل مهنة مرتبطة بممارسة المهن الحرة محل نشاط الشركة المهنية - ألا تقل نسبة المساهمين السعوديين المرخصين في الشركة المختلطة عن 25% من أسهم رأس مال الشركة - ألا تقل نسبة المساهمين المرخصين عن 70% من أسهم رأس مال الشركة.","- A legal document must be provided if one of the founders is a government entity, with adherence to the rules for dealing with public entity requests, a non-governmental organization, a charitable association, or an endowment, granting them the right to establish or participate in a company.
- A license from the Saudi Central Bank or the Insurance Authority must be provided if the nature of the business activity so requires.
- A certified appraiser’s report must be provided if the contribution is in-kind and its value exceeds half of the company’s capital.
- A draft of the bylaws must be submitted.","- وجود سند نظامي في حال كان أحد المؤسسين جهة حكومية مع التقيد بقواعد التعامل مع طلبات الجهات العامة، أو مؤسسة أهلية، أو جمعية خيرية، أو وقفًا؛ يخوله الحق لتأسيس شركة أو المشاركة في شركة.
- وجود ترخيص من البنك المركزي السعودي أو هيئة التأمين، في حال كان النشاط يتطلب ذلك.
- وجود تقرير مقيم معتمد إذا كانت الحصة عينية في حال زادت قيمة الحصة عن نصف رأس المال.
- تقديم مسودة النظام الأساس.","- Access the platform: Via the National Unified Access or the investor account through the Saudi Business Center platform.
- Select the service: From ""Electronic Services"" > ""Starting a Business"" > ""Establishing a Company.""
- Start the service: Specify the type and duration of the registration and the company's headquarters, agree to the terms, and then click ""Apply for Service.""
- Enter the establishment data: Company activities and purposes, including licensing data, if applicable. - Specify e-commerce (optional). - Add partners/founders and their information, and verify their mobile phone and email addresses. - Specify the trade name and fiscal year, and enter contact information and address.
- Company and capital data: Enter the company's duration and the decision to open branches. - Specify the type and value of capital and its distribution, with the possibility of entering in-kind assets. - Distribute profits and losses, and determine the profit-retention ratio (if applicable). - Manage share data if the company is a joint-stock or simplified joint-stock company.
- Company management: Select the administrative structure and appoint managers. - Determine the board's operating method and assign powers.
- Company contract data: Partner resolutions, partner notifications, articles of association (addition or amendment).
- Review and submit the application: Review the application summary, create a draft contract, and submit the application after review.
- Party approval: The parties approve the application via the link sent to them, using the verification code.
- Payment and completion of the application: • Pay by card or SADAD. • Review the application status and print the registration information. • Complete registration with the relevant government agencies.","- الدخول على المنصة: عبر النفاذ الوطني الموحد أو حساب المستثمر من خلال منصة المركز السعودي للأعمال.
- اختيار الخدمة: من ""الخدمات الإلكترونية"" > ""بدء العمل التجاري"" > ""تأسيس شركة"".
- بدء الخدمة: تحديد نوع ومدة السجل ومقر الشركة، والموافقة على الشروط، ثم الضغط على ""التقديم على الخدمة"".
- إدخال بيانات التأسيس: الأنشطة وأغراض الشركة، مع إدخال بيانات التراخيص إن وُجدت. - تحديد العمل بالتجارة الإلكترونية (اختياري). - إضافة الشركاء/المؤسسين وبياناتهم، والتحقق من الجوال والبريد الإلكتروني. - تحديد الاسم التجاري والسنة المالية، وإدخال بيانات الاتصال والعنوان.
- بيانات الشركة ورأس المال: إدخال مدة الشركة وقرار فتح الفروع. - تحديد نوع وقيمة رأس المال وتوزيعه، مع إمكانية إدخال الأصول العينية. - توزيع الأرباح والخسائر، وتحديد نسبة تجنيب الأرباح (إن وُجدت). - إدارة بيانات الأسهم إن كانت الشركة مساهمة أو مساهمة مبسطة.
- إدارة الشركة: اختيار الهيكل الإداري، وتعيين المديرين. - تحديد طريقة عمل المجلس وتعيين الصلاحيات.
- بيانات عقد الشركة: قرارات الشركاء، تبليغات الشركاء، مواد النظام الأساسي (إضافة أو تعديل).
- مراجعة وتقديم الطلب: استعراض ملخص الطلب، إنشاء مسودة العقد، ثم إرسال الطلب بعد المراجعة.
- موافقة الأطراف: الأطراف يوافقون على الطلب عبر الرابط المرسل إليهم، باستخدام رمز التحقق.
- الدفع وإتمام الطلب: • الدفع عبر البطاقة أو سداد. • استعراض حالة الطلب وطباعة معلومات السجل. • استكمال التسجيل في الجهات الحكومية المرتبطة.","1600 for the commercial registration
500 for publication fees
15% VAT.","1600
للسجل التجاري
500
لرسوم النشر
15% ضريبة القيمة المضافة",immediately,فوري,Merchant,التاجر,Arabic and English,العربية والانجليزية,https://mc.gov.sa/en/eservices/Pages/ServiceDetails.aspx?sID=94,https://mc.gov.sa/ar/eservices/Pages/ServiceDetails.aspx?sID=94,16 Sep 2026,04 ربيع الثاني 1448,"{""page_tags"": {""ar"": [""الشركات"", ""قطاع الأعمال"", ""استباقية""], ""en"": [""Companies"", ""Business sector"", ""Proactive""]}}"
mc-97,official_web_page,mc.gov.sa,verified_official_capture,2026-09-30T10:17:30.817Z,2026-09-30,"1900, cs@mc.gov.sa",Online (Ministry of Commerce / Saudi Business Center e-services),97,ar:aec60f710a210d754f1e1a2d8d203faacfc12b8cdad9c5ab900be8542242d891;en:655ac383f9247e6641c7d01a13dcf014a3eaa3bf8f61ebb4ae56ca1c708b6a55,"Captured from the official Ministry of Commerce e-services catalogue (service-detail pages, English and Arabic). Text is stored verbatim apart from Unicode/whitespace normalisation.",Establishing a solidarity company,تأسيس شركة تضامنية,Ministry of Commerce,وزارة التجارة,Companies · Business sector · Proactive,الشركات · قطاع الأعمال · استباقية,"An electronic service provided by the Ministry of Commerce through the Saudi Business Center platform, which enables beneficiaries to engage in commercial activities and establish a joint-stock company. This type of company is formed by two or more natural or legal entities who are individually liable for their own investments and collectively for the company's debts and obligations. A partner in such a company attains the status of a merchant. The service facilitates the following processes:
Recording of the commercial registration and the articles of association / bylaws.
Publication of the contract in ""A'mali"" newspaper.
Opening a business file with the Ministry of Human Resources and Social Development.
Registration with the Zakat, Tax, and Customs Authority.
Registration with Social Insurance.
Subscription to the Official Business Address with Saudi Post | SPL.
Subscription to the Chamber of Commerce by location.
Electronically, without the need to visit the branch of the Saudi Business Center or the Ministry branches.
Note: When performing the service and printing the CR, an identification number for the facility is obtained from the partner government agencies mentioned above, which you will need in the future automatically,","خدمة إلكترونية تقدمها وزارة التجارة عبر منصة المركز السعودي للأعمال، تتيح للمستفيدين من البدء في ممارسة النشاط التجاري وتأسيس شركة تضامنية، يؤسسها شخصان أو أكثر من ذوي الصفة الطبيعية أو الاعتبارية؛ يكونون مسؤولين فيها شخصيًا عن جميع أموالهم وبالتضامن عن ديون الشركة والتزاماتها، ويكتسب الشريك فيها صفة التاجر. ومن خلال الخدمة يتم ما يلي:
قيد سجل التجاري وعقد التأسيس/ نظام الأساس.
نشر العقد في صحيفة أعمالي.
فتح ملف منشأة لدى وزارة الموارد البشرية والتنمية الاجتماعية.
التسجيل في هيئة الزكاة والضريبة والجمارك.
التسجيل في التأمينات الاجتماعية.
الاشتراك في عنوان الأعمال المعتمد لدى البريد السعودي سُبل.
الاشتراك في الغرف التجارية حسب الموقع.
إلكترونيًا دون الحاجة إلى مراجعة فرع المركز السعودي للاعمال او فرع الوزارة.
ملاحظة: عند تنفيذ الخدمة وطباعة السجل يتم الحصول على رقم تعريفي للمنشأة لدى الجهات الحكومية الشريكة المذكورة أعلاه،",,,"- In the event that one of the partners is a juridical party, the commercial registration must neither be written off, suspended or inactive.
- The age must not be less than 18 years. In the event that the partner is a minor under the age of puberty, the deed of guardianship must be submitted.
- The partners must not be government employees.
- The following must be verified in case the type of the company is (Professional) - The partners must hold a valid professional license - The percentage of the licensed Saudi partner in the mixed company must not be less than 25% - The percentage of licensed partners must not be less than 70%.","- ألا يكون السجل التجاري مشطوبًا أو معلقًا، في حال كان أحد الشركاء شريكًا اعتباريًا.
- ألا يقل العمر عن 18 سنة، وإذا كان الشريك قاصرًا دون سن البلوغ يتم تقديم صك الولاية.
- ألا يكون الشركاء موظفين حكوميين.
- التحقق من الآتي في حال كانت صفة الشركة (مهنية): وجود رخصة مهنية سارية المفعول للشركاء - ألا تقل نسبة الشريك السعودي المرخص في الشركة المختلطة عن 25% - ألا تقل نسبة الشركاء المرخصين عن 70%.","- A legal document must be present if a partner is a government entity, a non-governmental organization, a charitable committee, or a waqf, granting them the right to incorporate or participate in a company.
- A license or initial approval from the Saudi Central Bank must be obtained if the nature of the business activity so requires.","- وجود سند نظامي في حال كان أحد الشركاء جهة حكومية، أو مؤسسة أهلية، أو جمعية خيرية، أو وقفًا؛ ليخوله حق تأسيس شركة أو المشاركة في شركة.
- وجود ترخيص أو موافقة مبدئية من البنك المركزي السعودي في حال كان النشاط يتطلب ذلك.","- Log in to the Saudi Business Center platform
- Choose the service of establishing a joint venture company
- Click on Start Service
- Determine the number of partners
- Determine the status of the company (optional)
- Applying for the service
- The duration of the record, the location, activities and purposes of the company
- Partner data
- Commercial registry data
- Company Data
- Company management data
- Company contract data
- Order summary","- الدخول على منصة المركز السعودي للأعمال
- اختيار خدمة تأسيس شركة تضامنية
- اضغط على ابدا الخدمة
- تحديد عدد الشركاء
- تحديد صفة الشركة (اختياري)
- التقديم على الخدمة
- مدة السجل و مقر و أنشطة وأغراض الشركة
- بيانات الشركاء
- بيانات السجل التجاري
- بيانات الشركة
- بيانات إدارة الشركة
- بيانات عقد الشركة
- ملخص الطلب","1000 for the commercial registration
500 for publication fees
15% VAT.","1000
للسجل التجاري
500
لرسوم النشر
15% ضريبة القيمة المضافة",immediately,فوري,Merchant,التاجر,Arabic and English,العربية والانجليزية,https://mc.gov.sa/en/eservices/Pages/ServiceDetails.aspx?sID=97,https://mc.gov.sa/ar/eservices/Pages/ServiceDetails.aspx?sID=97,16 Sep 2026,04 ربيع الثاني 1448,"{""page_tags"": {""ar"": [""الشركات"", ""قطاع الأعمال"", ""استباقية""], ""en"": [""Companies"", ""Business sector"", ""Proactive""]}}"
mc-98,official_web_page,mc.gov.sa,verified_official_capture,2026-09-30T10:18:51.808Z,2026-09-30,"1900, cs@mc.gov.sa",Online (Ministry of Commerce / Saudi Business Center e-services),98,ar:035e3d7241fa3855a51504e7aacd4e594986f2071141ad5c2bf6d63e69f9a20b;en:33f781c6234126b2cd3c2b35c6a162b476643a70105ef3a2c1727f539d42f47b,"Captured from the official Ministry of Commerce e-services catalogue (service-detail pages, English and Arabic). Text is stored verbatim apart from Unicode/whitespace normalisation.",Establish a simple company,تأسيس شركة توصية بسيطة,Ministry of Commerce,وزارة التجارة,Companies · Business sector · Proactive,الشركات · قطاع الأعمال · استباقية,"An electronic service provided by the Ministry of Commerce through the Saudi Business Center platform, which enables beneficiaries to initiate commercial activities and set up a simple limited partnership. This partnership comprises two parties: the joint partner, who bears full responsibility for the company's debts and obligations, and the silent partner, who is liable only to the extent of their capital contribution. This service facilitates the following actions:
Recording of the commercial registration and the articles of association / bylaws.
Publication of the contract in ""A'mali"" newspaper.
Opening a business file with the Ministry of Human Resources and Social Development.
Registration with the Zakat, Tax, and Customs Authority.
Registration with Social Insurance.
Subscription to the Official Business Address with Saudi Post | SPL.
Subscription to the Chamber of Commerce by location.
Electronically, without the need to visit the branch of the Saudi Business Center or the Ministry branches.
Note: When performing the service and printing the CR, an identification number for the facility is obtained from the partner government agencies mentioned above, which you will need in the future automatically,","خدمة إلكترونية تقدمها وزارة التجارة عبر منصة المركز السعودي للأعمال، تتيح للمستفيدين من البدء في ممارسة النشاط التجاري وتأسيس شركة توصية بسيطة، تتكون من فريقين (المتضامن) وهو المسؤول عن ديون والتزامات الشركة، و(الموصي) وهو الذي لا يكون مسؤولًا إلا في حدود حصته في رأس المال، ومن خلال الخدمة يتم ما يلي:
قيد سجل التجاري وعقد التأسيس/ نظام الأساس.
نشر العقد في صحيفة أعمالي.
فتح ملف منشأة لدى وزارة الموارد البشرية والتنمية الاجتماعية.
التسجيل في هيئة الزكاة والضريبة والجمارك.
التسجيل في التأمينات الاجتماعية.
الاشتراك في عنوان الأعمال المعتمد لدى البريد السعودي سُبل.
الاشتراك في الغرف التجارية حسب الموقع.
إلكترونيًا دون الحاجة إلى مراجعة فرع المركز السعودي للاعمال او فرع الوزارة.
ملاحظة: عند تنفيذ الخدمة وطباعة السجل يتم الحصول على رقم تعريفي للمنشأة لدى الجهات الحكومية الشريكة المذكورة أعلاه، التي ستحتاجها مستقبلاً بشكل تلقائي،",,,"- In the event that one of the partners is a juridical party, the commercial registration must neither be written off, suspended or inactive.
- The age must not be less than 18 years. In the event that the partner is a minor under the age of puberty, the deed of guardianship must be submitted.
- The partners must not be government employees.
- The following must be verified in case the type of the company is (Professional): - The partners must hold a valid professional license - The percentage of the licensed Saudi partner in the mixed company must not be less than 25% - The percentage of licensed partners must not be less than 70%.","- ألا يكون السجل التجاري مشطوبًا أو معلقًا، في حال كان أحد الشركاء شريكًا اعتباريًا.
- ألا يقل العمر عن 18 سنة، وإذا كان الشريك قاصرًا دون سن البلوغ يتم تقديم صك الولاية.
- ألا يكون الشركاء موظفين حكوميين.
- التحقق من الآتي في حال كانت صفة الشركة (مهنية): وجود رخصة مهنية سارية المفعول للشركاء - ألا تقل نسبة الشريك السعودي المرخص في الشركة المختلطة عن 25% - ألا تقل نسبة الشركاء المرخصين عن 70%.","- A legal document must be present if a partner is a government entity, a non-governmental organization, a charitable committee, or a waqf, granting them the right to incorporate or participate in a company.
- A license or initial approval from the Saudi Central Bank must be obtained if the nature of the business activity so requires.","- وجود سند نظامي في حال كان أحد الشركاء جهة حكومية، أو مؤسسة أهلية، أو جمعية خيرية، أو وقفًا؛ ليخوله حق تأسيس شركة أو المشاركة في شركة.
- وجود ترخيص من البنك المركزي السعودي في حال كان النشاط يتطلب ذلك.","- Enter the Saudi Business Center platform
- Choosing a limited partnership company formation service
- Click on Start Service
- Determine the number of partners
- Determine the status of the company (optional)
- Applying for the service
- The duration of the record, the location, activities and purposes of the company
- Partner data
- Commercial registry data
- Company Data
- Company management data
- Company contract data
- Order summary","- الدخول على منصة المركز السعودي للأعمال
- اختيار خدمة تأسيس شركة توصية بسيطة
- اضغط على ابدا الخدمة
- تحديد عدد الشركاء
- تحديد صفة الشركة (اختياري)
- التقديم على الخدمة
- مدة السجل و مقر و أنشطة وأغراض الشركة
- بيانات الشركاء
- بيانات السجل التجاري
- بيانات الشركة
- بيانات إدارة الشركة
- بيانات عقد الشركة
- ملخص الطلب","1000 for the commercial registration
500 for publication fees
15% VAT.","1000
للسجل التجاري
500
لرسوم النشر
15% ضريبة القيمة المضافة",immediately,فوري,Merchant,التاجر,Arabic and English,العربية والانجليزية,https://mc.gov.sa/en/eservices/Pages/ServiceDetails.aspx?sID=98,https://mc.gov.sa/ar/eservices/Pages/ServiceDetails.aspx?sID=98,16 Sep 2026,04 ربيع الثاني 1448,"{""page_tags"": {""ar"": [""الشركات"", ""قطاع الأعمال"", ""استباقية""], ""en"": [""Companies"", ""Business sector"", ""Proactive""]}}"
mc-99,official_web_page,mc.gov.sa,verified_official_capture,2026-09-30T10:10:04.509Z,2026-09-30,"1900, cs@mc.gov.sa",Online (Ministry of Commerce / Saudi Business Center e-services),99,ar:f8013d72ac13d2d164e7639386ffe4155682c3b9a547b6aa97542ffbc1b647a8;en:bc4df5a6d6e35565b0f5a76419875559377a11ddb4643ce134a375658574ac78,"Captured from the official Ministry of Commerce e-services catalogue (service-detail pages, English and Arabic). Text is stored verbatim apart from Unicode/whitespace normalisation.",Establish a limited liability company,تأسيس شركة ذات مسؤولية محدودة,Ministry of Commerce,وزارة التجارة,Companies · Business sector · Proactive,الشركات · قطاع الأعمال · استباقية,"An electronic service provided by the Ministry of Commerce through the Saudi Business Center platform, which enables beneficiaries to engage in commercial activities and set up a limited liability company. This type of company can be founded by one or more individuals or entities, with its liability separate from the personal financial liability of its partners or owners. The company is solely accountable for its debts and obligations resulting from its operations, and the liability of each owner or partner is limited to their contribution to the capital. The service accomplishes the following:
Recording of the commercial registration and the articles of association / bylaws.
Publication of the contract in ""A'mali"" newspaper.
Opening a business file with the Ministry of Human Resources and Social Development.
Registration with the Zakat, Tax, and Customs Authority.
Registration with Social Insurance.
Subscription to the Official Business Address with Saudi Post | SPL.
Subscription to the Chamber of Commerce by location.
Electronically, without the need to visit the branch of the Saudi Business Center or the Ministry branches.
Note: When performing the service and printing the CR, an identification number for the facility is obtained from the partner government agencies mentioned above, which you will need in the future automatically,","خدمة إلكترونية تقدمها وزارة التجارة عبر منصة المركز السعودي للأعمال، تتيح للمستفيدين من البدء في ممارسة النشاط التجاري وتأسيس شركة ذات مسؤولية محدودة، يؤسسها شخص واحد أو أكثر من ذوي الصفة الطبيعية أو الاعتبارية، وتعد ذمتها مستقلة عن الذمة المالية لكل شريك فيها أو المالك لها، وتكون الشركة وحدها مسؤولة عن الديون والالتزامات المترتبة عليها أو الناشئة عن نشاطها، ولا يكون المالك لها ولا الشريك فيها مسؤولًا عن هذه الديون والالتزامات إلا بقدر حصته في رأس المال، ومن خلال الخدمة يتم ما يلي:
قيد سجل التجاري وعقد التأسيس/ نظام الأساس.
نشر العقد في صحيفة أعمالي.
فتح ملف منشأة لدى وزارة الموارد البشرية والتنمية الاجتماعية.
التسجيل في هيئة الزكاة والضريبة والجمارك.
التسجيل في التأمينات الاجتماعية.
الاشتراك في عنوان الأعمال المعتمد لدى البريد السعودي سُبل.
الاشتراك في الغرف التجارية حسب الموقع.
إلكترونيًا دون الحاجة إلى مراجعة فرع المركز السعودي للاعمال او فرع الوزارة .
ملاحظة: عند تنفيذ الخدمة وطباعة السجل يتم الحصول على رقم تعريفي للمنشأة لدى الجهات الحكومية الشريكة المذكورة أعلاه، التي ستحتاجها مستقبلاً بشكل تلقائي،",,,"- The existence of a legal document, if one of the partners is a government agency, a civil institution, a charitable association, or an endowment, entitling them to establish a company or participate in one.
- The existence of a license or preliminary approval from the Saudi Central Bank, if the activity requires it.
- The commercial registration must not be cancelled or suspended, if one of the partners is a legal partner.
- The age must not be less than 18 years, and if the partner is a minor, a guardianship deed must be submitted.
- The partners must not be government employees.
- The following must be verified if the company is a (professional) company: - The partners must have a valid professional license. - The percentage of licensed Saudi partners in the joint venture must not be less than 25%. - The percentage of licensed partners must not be less than 70%.","- وجود سند نظامي في حال كان أحد الشركاء جهة حكومية، أو مؤسسة أهلية، أو جمعية خيرية، أو وقفًا؛ يخوله الحق لتأسيس شركة أو المشاركة في شركة.
- وجود ترخيص أو موافقة مبدئية من البنك المركزي السعودي في حال كان النشاط يتطلب ذلك.
- ألا يكون السجل التجاري مشطوبًا أو معلقًا، في حال كان أحد الشركاء شريكًا اعتباريًا.
- ألا يقل العمر عن 18 سنة، وإذا كان الشريك قاصرًا دون سن البلوغ يتم تقديم صك الولاية.
- ألا يكون الشركاء موظفين حكوميين.
- التحقق من الآتي في حال كانت صفة الشركة (مهنية): - وجود رخصة مهنية سارية المفعول للشركاء. - ألا تقل نسبة الشريك السعودي المرخص في الشركة المختلطة عن 25%. - ألا تقل نسبة الشركاء المرخصين عن 70%.","- A legal document must be present if a partner is a government entity, a non-governmental organization, a charitable committee, or a waqf, granting them the right to incorporate or participate in a company.
- A license or initial approval from the Saudi Central Bank must be obtained if the nature of the business activity so requires.","- وجود سند نظامي في حال كان أحد الشركاء جهة حكومية، أو مؤسسة أهلية، أو جمعية خيرية، أو وقفًا؛ ليخوله حق تأسيس شركة أو المشاركة في شركة.
- وجود ترخيص او موافقة مبدئيه من البنك المركزي السعودي في حال كان النشاط يتطلب ذلك.","- Enter the Saudi Business Center platform.
- Choose the limited liability company incorporation service
- Click on Start Service
- Determine the number of partners
- Determine the status of the company (optional)
- Applying for the service
- The duration of the record, the location, activities and purposes of the company
- Partners data
- Commercial registry data
- Company Data
- Company management data
- Company contract data
- Order summary","- الدخول على منصة المركز السعودي للأعمال.
- اختيار خدمة تأسيس شركة ذات مسؤولية محدودة
- اضغط على ابدا الخدمة
- تحديد عدد الشركاء
- تحديد صفة الشركة (اختياري)
- التقديم على الخدمة
- مدة السجل و مقر و أنشطة وأغراض الشركة
- بيانات الشركاء
- بيانات السجل التجاري
- بيانات الشركة
- بيانات إدارة الشركة
- بيانات عقد الشركة
- ملخص الطلب","1200 for the commercial registration
500 for publication fees
15% VAT.","1200
للسجل التجاري
500
لرسوم النشر
15% ضريبة القيمة المضافة",immediately,فوري,Merchant,التاجر,Arabic and English,العربية والانجليزية,https://mc.gov.sa/en/eservices/Pages/ServiceDetails.aspx?sID=99,https://mc.gov.sa/ar/eservices/Pages/ServiceDetails.aspx?sID=99,16 Sep 2026,04 ربيع الثاني 1448,"{""page_tags"": {""ar"": [""الشركات"", ""قطاع الأعمال"", ""استباقية""], ""en"": [""Companies"", ""Business sector"", ""Proactive""]}}"
mc-150,official_web_page,mc.gov.sa,verified_official_capture,2026-09-30T10:13:40.245Z,2026-09-30,"1900, cs@mc.gov.sa",Online (Ministry of Commerce / Saudi Business Center e-services),150,ar:c0dd2ab0eb34fd482a1e9d32dcd26e5c3f0e779569ed792c980b2714b2783f96;en:146b49390b6b66f4f2c09fc840564490f50ce1d1445b5303bc2c2382674b1b72,"Captured from the official Ministry of Commerce e-services catalogue (service-detail pages, English and Arabic). Text is stored verbatim apart from Unicode/whitespace normalisation.",Informing the shareholder of the number of his shares in the company,اطلاع المساهم على عدد أسهمه في الشركة,Ministry of Commerce,وزارة التجارة,Merchant · companies · business sector,التاجر · الشركات · قطاع الأعمال,"An electronic service provided by the Ministry of Commerce, which allows shareholders in non-listed joint-stock companies or simplified joint-stock companies to electronically view their shareholdings and the total number of shareholders, as recorded in the company's Shareholders' Register, without visiting the Ministry branches.",خدمة إلكترونية تقدمها وزارة التجارة، تتيح للمستفيدين المساهم في الشركة المساهمة غير المدرجة / المساهمة المبسطة من الاطلاع على عدد أسهمه والمساهمين معه وفقاً لما تظهره بيانات سجل مساهمي الشركة الذي تقوم على اعداده الشركة او من ينوب عنها، إلكترونيًا دون الحاجة إلى مراجعة فروع الوزارة.,,,- There is no,- لا يوجد,- There is no,- لا يوجد,"- Click on start the service.
- Accessing shareholder data through the National Access Service
- Selection of shares with the ability to print shareholder information or review the company if the shares do not appear in order to update the register and record the shares.","- الضغط على إبدأ الخدمة.
- الدخول ببيانات المساهم من خلال خدمة النفاذ الوطني
- أختيار اسهمي مع امكانية طباعة بيانات مساهم أو مراجعة الشركة في حال عدم ظهور الاسهم وذلك لتحديث السجل وإثبات الاسهم.",free,مجانية,immediately,فوري,Merchant,التاجر,Arabic,العربية,https://mc.gov.sa/en/eservices/Pages/ServiceDetails.aspx?sID=150,https://mc.gov.sa/ar/eservices/Pages/ServiceDetails.aspx?sID=150,16 Sep 2026,04 ربيع الثاني 1448,"{""page_tags"": {""ar"": [""التاجر"", ""الشركات"", ""قطاع الأعمال""], ""en"": [""Merchant"", ""companies"", ""business sector""]}}"
mc-151,official_web_page,mc.gov.sa,verified_official_capture,2026-09-30T10:12:54.165Z,2026-09-30,"1900, cs@mc.gov.sa",Online (Ministry of Commerce / Saudi Business Center e-services),151,ar:aa4c013210e00536646e27ec382d03b3f7a7ac9486de264580db167ade429dcb;en:aa26ca0a04ade88a607af46ae538486e422b87b1b9b22cdd4396d90f3008c11b,"Captured from the official Ministry of Commerce e-services catalogue (service-detail pages, English and Arabic). Text is stored verbatim apart from Unicode/whitespace normalisation.",Commercial Registry System Violations,مخالفات نظام السجل التجاري,Ministry of Commerce,وزارة التجارة,Merchant · companies · business sector,التاجر · الشركات · قطاع الأعمال,"An electronic service provided by the Ministry of Commerce, which allows beneficiaries to report violations related to the Commercial Register System and its executive regulations. The Ministry values the role of whistleblowers in enhancing compliance, and appreciates their initiatives that reflect honesty and national responsibility, by submitting reports through its electronic channels without the need to visit the Ministry’s branches.",خدمة إلكترونية تقدمها وزارة التجارة، تتيح للمستفيدين من الإبلاغ عن المخالفات المتعلقة بنظام السجل التجاري ولائحته التنفيذية. وتُثمّن الوزارة دور المبلغين في تعزيز الالتزام، وتقدّر مبادراتهم التي تعكس الأمانة والمسؤولية الوطنية، من خلال تقديم البلاغات عبر قنواتها إلكترونية دون الحاجة إلى مراجعة فروع الوزارة.,,,"- Name of the complainant
- Email of the complainant
- Mobile number of the complainant
- Name of the violating establishment
- Commercial registration number of the violating establishment
- Location of the establishment
- Type of the report
- Subject of the report
- Copy of the documents supporting the report","- اسم مقدم البلاغ
- البريد الإلكتروني لمقدم البلاغ
- رقم الجوال لمقدم البلاغ
- اسم المنشأة المخالفة
- رقم السجل التجاري للمنشأة المخالفة
- موقع المنشأة
- نوع البلاغ
- موضوع البلاغ
- صورة من المستندات المؤيدة للبلاغ",- Attach supporting documents for the violation,- إرفاق المستندات الداعمة لوقوع المخالفة.,"- Click on start service
- Log in through national access.
- Fill in the information as requested by the service
- Send the application","- الضغط على إبدأ الخدمة.
- تسجيل الدخول من خلال النفاذ الوطني.
- تعبئة البيانات المشار اليها داخل الخدمة.
- ارسال الطلب .",Free,مجانية,5 working days,5 أيام عمل,"Merchant
Business sector","التاجر
قطاع الأعمال",Arabic,العربية,https://mc.gov.sa/en/eservices/Pages/ServiceDetails.aspx?sID=151,https://mc.gov.sa/ar/eservices/Pages/ServiceDetails.aspx?sID=151,16 Sep 2026,04 ربيع الثاني 1448,"{""page_tags"": {""ar"": [""التاجر"", ""الشركات"", ""قطاع الأعمال""], ""en"": [""Merchant"", ""companies"", ""business sector""]}}"
mc-152,official_web_page,mc.gov.sa,verified_official_capture,2026-09-30T10:19:16.519Z,2026-09-30,"1900, cs@mc.gov.sa",Online (Ministry of Commerce / Saudi Business Center e-services),152,ar:e876b95dcbc285008a5986e9a45cadcbc47b3f08495cf75ae8fc303f254f4819;en:a5bc5412c053ab43da05583ef8447072318e899a332affd462b0d5b7ae415a55,"Captured from the official Ministry of Commerce e-services catalogue (service-detail pages, English and Arabic). Text is stored verbatim apart from Unicode/whitespace normalisation.",Trade Names System Violations,مخالفات نظام الأسماء التجارية,Ministry of Commerce,وزارة التجارة,Merchant · companies · business sector,التاجر · الشركات · قطاع الأعمال,"An electronic service provided by the Ministry of Commerce, which allows beneficiaries to report violations related to the Trade Names System and its Executive Regulations. The Ministry appreciates your keenness and national responsibility in enhancing compliance, and calls for direct reporting of violations through its electronic channels without the need to visit the Ministry’s branches.",خدمة إلكترونية تقدمها وزارة التجارة، تتيح للمستفيدين من الإبلاغ عن المخالفات المتعلقة بنظام الأسماء التجارية ولائحته التنفيذية. وتثمّن الوزارة حرصك ومسؤوليتك الوطنية في تعزيز الالتزام، وتدعو إلى التبليغ المباشر عن المخالفات عبر قنواتها إلكترونيا دون الحاجة إلى مراجعة فروع الوزارة.,,,"- Name of the complainant
- Email of the complainant
- Mobile number of the complainant
- Name of the violating establishment
- Commercial registration number of the violating establishment
- Location of the establishment
- Type of the report
- Subject of the report
- Copy of the documents supporting the report","- اسم مقدم البلاغ
- البريد الإلكتروني لمقدم البلاغ
- رقم الجوال لمقدم البلاغ
- اسم المنشأة المخالفة
- رقم السجل التجاري للمنشأة المخالفة
- موقع المنشأة
- نوع البلاغ
- موضوع البلاغ
- صورة من المستندات المؤيدة للبلاغ",- Attach supporting documents for the violation,- إرفاق المستندات الداعمة لوقوع المخالفة.,"- Click on start service
- Log in through national access.
- Fill in the information as requested by the service
- Send the application","- الضغط على إبدأ الخدمة.
- تسجيل الدخول من خلال النفاذ الوطني.
- تعبئة البيانات المشار اليها داخل الخدمة.
- ارسال الطلب .",Free,مجانية,5 working days,5 أيام عمل,"Merchant
Business sector","التاجر
قطاع الأعمال",Arabic,العربية,https://mc.gov.sa/en/eservices/Pages/ServiceDetails.aspx?sID=152,https://mc.gov.sa/ar/eservices/Pages/ServiceDetails.aspx?sID=152,16 Sep 2026,04 ربيع الثاني 1448,"{""page_tags"": {""ar"": [""التاجر"", ""الشركات"", ""قطاع الأعمال""], ""en"": [""Merchant"", ""companies"", ""business sector""]}}"
